body_pos_x	body_pos_y	body_pos_z	body_quat_w	body_quat_x	body_quat_y	body_quat_z	joint_pos00	joint_pos01	joint_pos02	joint_pos03	joint_pos04	joint_pos05	joint_pos06	joint_pos07	joint_pos08	joint_pos09	joint_pos10	joint_pos11	joint_pos12	joint_pos13	joint_pos14	joint_pos15	joint_pos16	joint_pos17	joint_pos18	joint_pos19	joint_pos20	joint_pos21	joint_pos22	joint_pos23	joint_pos24	joint_pos25	joint_pos26	joint_vel_00	joint_vel_01	joint_vel_02	joint_vel_03	joint_vel_04	joint_vel_05	joint_vel_06	joint_vel_07	joint_vel_08	joint_vel_09	joint_vel_10	joint_vel_11	joint_vel_12	joint_vel_13	joint_vel_14	joint_vel_15	joint_vel_16	joint_vel_17	joint_vel_18	joint_vel_19	joint_vel_20	joint_vel_21	joint_vel_22	joint_vel_23	joint_vel_24	joint_vel_25	joint_vel_26
-0.683250	1.064685	0.932312	0.019046	0.007188	-0.004899	0.999781	0.038488	0.080795	-0.290665	0.701243	-0.433694	-0.053133	-0.073683	0.085181	-0.236727	0.605957	-0.410620	0.068688	0.024295	-0.001876	0.111546	-0.272669	-0.253077	-0.137251	-0.078941	0.000000	-0.082748	-0.118915	0.450286	-0.191117	-0.253101	0.036037	0.000000	0.017707	-0.024975	0.034514	-0.014171	-0.008251	-0.031999	0.016666	-0.014981	0.039686	-0.006264	-0.000656	-0.002401	-0.003929	0.192200	0.075337	0.137144	-0.234737	0.078700	-0.178672	0.000000	0.097430	-0.120364	0.290196	-0.104098	-0.533286	0.019932	0.000000
-0.683307	1.064644	0.932287	0.018781	0.007359	-0.005058	0.999784	0.038842	0.080295	-0.289975	0.700960	-0.433859	-0.053773	-0.073349	0.084881	-0.235933	0.605832	-0.410633	0.068640	0.024216	0.001968	0.113053	-0.269926	-0.257772	-0.135677	-0.082515	0.000000	-0.080799	-0.121323	0.456090	-0.193199	-0.263767	0.036435	0.000000	0.013329	-0.021827	0.035193	-0.006333	-0.017440	-0.004454	0.014215	-0.023380	0.045597	-0.010034	-0.010304	-0.001145	0.000259	0.188263	0.065103	0.113465	-0.223148	0.068434	-0.179799	0.000000	0.093460	-0.109800	0.279053	-0.099207	-0.507029	0.020007	0.000000
-0.683308	1.064580	0.932251	0.018677	0.007597	-0.005117	0.999784	0.039021	0.079922	-0.289257	0.700990	-0.434391	-0.053311	-0.073114	0.084246	-0.234903	0.605556	-0.411032	0.068642	0.024305	0.005655	0.114150	-0.268130	-0.262003	-0.134514	-0.086133	0.000000	-0.079009	-0.123307	0.461449	-0.195086	-0.273382	0.036837	0.000000	0.011204	-0.017379	0.024132	0.000156	-0.018076	0.015332	0.013288	-0.025938	0.041486	-0.013132	-0.009868	0.000315	-0.002077	0.176685	0.048858	0.071748	-0.202435	0.051228	-0.178163	0.000000	0.083715	-0.087176	0.253257	-0.090338	-0.458745	0.020452	0.000000
-0.683249	1.064562	0.932245	0.018293	0.007822	-0.005305	0.999788	0.039290	0.079600	-0.289009	0.700966	-0.434582	-0.053160	-0.072818	0.083844	-0.234274	0.605306	-0.411027	0.068652	0.024133	0.009036	0.115007	-0.267056	-0.265869	-0.133628	-0.089641	0.000000	-0.077450	-0.124810	0.466221	-0.196813	-0.282117	0.037253	0.000000	0.018458	-0.018740	0.007889	-0.000180	-0.000487	0.001764	0.019189	-0.022945	0.025445	-0.010514	0.010079	0.003175	-0.012480	0.163276	0.040740	0.037909	-0.183334	0.038544	-0.170898	0.000000	0.071774	-0.062821	0.224368	-0.082934	-0.417428	0.020811	0.000000
-0.683144	1.064633	0.932273	0.018103	0.007938	-0.005432	0.999790	0.039759	0.079172	-0.288942	0.700983	-0.434411	-0.053241	-0.072346	0.083328	-0.233885	0.605135	-0.410629	0.068769	0.023806	0.012186	0.115780	-0.266614	-0.269336	-0.132972	-0.092969	0.000000	-0.076138	-0.125820	0.470423	-0.198403	-0.290079	0.037670	0.000000	0.022536	-0.019901	0.004791	-0.000294	0.000670	-0.003212	0.022488	-0.022416	0.015780	-0.006276	0.017419	-0.000731	-0.015827	0.149750	0.037568	0.008783	-0.167226	0.027316	-0.160881	0.000000	0.059377	-0.040623	0.200801	-0.076617	-0.379843	0.019894	0.000000
-0.683024	1.064663	0.932292	0.017873	0.008028	-0.005590	0.999792	0.040191	0.078804	-0.288818	0.700954	-0.434555	-0.053288	-0.071918	0.082947	-0.233643	0.605055	-0.410331	0.068623	0.023500	0.015026	0.116510	-0.266705	-0.272558	-0.132535	-0.096077	0.000000	-0.075075	-0.126435	0.474253	-0.199878	-0.297310	0.038049	0.000000	0.020006	-0.007427	0.010010	-0.002685	-0.002388	-0.010494	0.019049	-0.000065	0.010739	-0.001614	0.016112	-0.009197	-0.012463	0.132974	0.036887	-0.012865	-0.155418	0.017098	-0.147383	0.000000	0.048073	-0.022202	0.186856	-0.070930	-0.341889	0.018630	0.000000
-0.682932	1.064667	0.932305	0.017808	0.008187	-0.005802	0.999791	0.040559	0.078875	-0.288541	0.700875	-0.434506	-0.053660	-0.071584	0.083325	-0.233456	0.605070	-0.409984	0.068401	0.023308	0.017505	0.117255	-0.267129	-0.275553	-0.132288	-0.098865	0.000000	-0.074215	-0.126708	0.477898	-0.201240	-0.303755	0.038415	0.000000	0.019414	0.007618	0.012925	-0.004405	-0.003029	-0.009756	0.020279	0.005354	0.009524	-0.000872	0.009389	-0.009854	-0.013034	0.116595	0.038930	-0.023068	-0.144369	0.010256	-0.131339	0.000000	0.038488	-0.007197	0.184094	-0.066359	-0.302514	0.018123	0.000000
-0.682803	1.064752	0.932304	0.017973	0.008294	-0.005911	0.999787	0.040968	0.079109	-0.288301	0.700778	-0.434676	-0.053678	-0.071107	0.083161	-0.233262	0.605020	-0.409955	0.068229	0.022979	0.019689	0.118067	-0.267628	-0.278333	-0.132125	-0.101330	0.000000	-0.073536	-0.126722	0.481616	-0.202532	-0.309411	0.038774	0.000000	0.023426	0.011924	0.008645	-0.003354	0.000212	-0.006275	0.023813	0.006898	0.002016	-0.000331	0.011545	-0.007965	-0.017911	0.102601	0.042435	-0.027747	-0.133968	0.006682	-0.115649	0.000000	0.027903	0.006403	0.183257	-0.064987	-0.266497	0.018162	0.000000
-0.682648	1.064852	0.932321	0.018047	0.008418	-0.006125	0.999783	0.041496	0.079352	-0.288196	0.700741	-0.434498	-0.053911	-0.070632	0.083601	-0.233375	0.605057	-0.409522	0.068083	0.022591	0.021609	0.118952	-0.268239	-0.280912	-0.132021	-0.103491	0.000000	-0.073099	-0.126452	0.485228	-0.203840	-0.314415	0.039141	0.000000	0.018869	0.020960	0.009985	-0.001287	-0.004007	-0.005560	0.017253	0.023501	-0.002246	0.000583	0.011462	-0.005158	-0.010848	0.089314	0.043095	-0.026201	-0.124811	0.007725	-0.101911	0.000000	0.017128	0.018151	0.178102	-0.066359	-0.236601	0.017910	0.000000
-0.682541	1.064878	0.932305	0.018374	0.008505	-0.006192	0.999776	0.041723	0.079947	-0.287901	0.700727	-0.434836	-0.053901	-0.070417	0.084101	-0.233351	0.605044	-0.409497	0.068023	0.022545	0.023262	0.119791	-0.268676	-0.283325	-0.131816	-0.105407	0.000000	-0.072851	-0.125996	0.488741	-0.205186	-0.318875	0.039491	0.000000	0.019435	0.023977	0.007288	0.001013	-0.002048	-0.002917	0.018418	0.027989	-0.003958	0.001220	0.015087	-0.003579	-0.008621	0.078349	0.043212	-0.028224	-0.117105	0.008379	-0.091353	0.000000	0.010048	0.026570	0.174414	-0.067532	-0.210288	0.016916	0.000000
-0.682356	1.065049	0.932349	0.018535	0.008605	-0.006292	0.999771	0.042274	0.080311	-0.287904	0.700782	-0.434580	-0.054028	-0.069895	0.084721	-0.233533	0.605106	-0.408919	0.067939	0.022246	0.024743	0.120681	-0.269368	-0.285596	-0.131685	-0.107145	0.000000	-0.072697	-0.125389	0.492204	-0.206541	-0.322826	0.039818	0.000000	0.021608	0.031619	0.005814	0.002906	-0.000880	-0.002239	0.020344	0.039010	-0.007977	0.001039	0.018019	-0.001286	-0.013841	0.070350	0.044549	-0.035602	-0.110300	0.006741	-0.082292	0.000000	0.006373	0.031306	0.178675	-0.067181	-0.182170	0.016302	0.000000
-0.682249	1.065092	0.932329	0.019067	0.008699	-0.006468	0.999759	0.042587	0.081212	-0.287669	0.700843	-0.434871	-0.053990	-0.069603	0.085662	-0.233671	0.605085	-0.408776	0.067971	0.021991	0.026076	0.121573	-0.270100	-0.287737	-0.131546	-0.108698	0.000000	-0.072596	-0.124744	0.495888	-0.207874	-0.326162	0.040143	0.000000	0.018791	0.039628	0.004836	0.004376	-0.004906	-0.003246	0.018229	0.034215	-0.009257	-0.000989	0.006516	0.001238	-0.017823	0.065262	0.046723	-0.046246	-0.103336	0.003896	-0.073880	0.000000	0.004027	0.033402	0.188748	-0.065305	-0.153601	0.015834	0.000000
-0.682033	1.065262	0.932312	0.019292	0.008777	-0.006543	0.999754	0.043025	0.081896	-0.287711	0.700957	-0.434776	-0.054158	-0.069166	0.086089	-0.233904	0.605066	-0.408658	0.067989	0.021534	0.027353	0.122550	-0.271217	-0.289729	-0.131530	-0.110100	0.000000	-0.072536	-0.124053	0.499754	-0.209153	-0.328970	0.040451	0.000000	0.020147	0.033854	-0.003727	0.005534	0.000180	-0.002861	0.019838	0.024387	-0.013488	0.000504	0.008131	-0.000121	-0.024574	0.062468	0.051121	-0.063145	-0.095834	-0.001474	-0.065730	0.000000	0.001337	0.034775	0.187338	-0.061609	-0.133106	0.013840	0.000000
-0.681872	1.065399	0.932323	0.019766	0.008818	-0.006669	0.999744	0.043393	0.082566	-0.287818	0.701064	-0.434864	-0.054105	-0.068810	0.086637	-0.234210	0.605105	-0.408451	0.067966	0.021008	0.028575	0.123617	-0.272625	-0.291571	-0.131605	-0.111328	0.000000	-0.072542	-0.123353	0.503381	-0.210338	-0.331486	0.040696	0.000000	0.015475	0.035437	-0.002098	0.005652	-0.001705	-0.002290	0.013946	0.039460	-0.019179	0.003065	0.013403	0.000264	-0.022177	0.058511	0.052806	-0.069559	-0.088272	-0.001982	-0.057440	0.000000	-0.000891	0.034293	0.166330	-0.054916	-0.124116	0.009844	0.000000
-0.681729	1.065473	0.932327	0.020146	0.008860	-0.006726	0.999735	0.043644	0.083314	-0.287794	0.701183	-0.434844	-0.054249	-0.068608	0.087668	-0.234671	0.605189	-0.408122	0.067999	0.020646	0.029694	0.124662	-0.274000	-0.293260	-0.131609	-0.112397	0.000000	-0.072572	-0.122681	0.506408	-0.211350	-0.333935	0.040845	0.000000	0.015223	0.031725	-0.001925	0.004947	0.000938	-0.002252	0.013599	0.039324	-0.017074	0.003259	0.014728	0.003668	-0.023212	0.052280	0.051937	-0.066594	-0.082441	0.000957	-0.049409	0.000000	-0.002103	0.032500	0.134395	-0.046124	-0.122312	0.004644	0.000000
-0.681578	1.065633	0.932355	0.020478	0.008886	-0.006772	0.999728	0.044002	0.083835	-0.287895	0.701262	-0.434827	-0.054195	-0.068266	0.088210	-0.234893	0.605236	-0.407862	0.068113	0.020080	0.030666	0.125695	-0.275289	-0.294868	-0.131567	-0.113304	0.000000	-0.072626	-0.122053	0.508757	-0.212183	-0.336378	0.040882	0.000000	0.018634	0.022909	-0.007480	0.005050	0.006195	-0.001344	0.018085	0.026039	-0.016738	0.003725	0.017691	0.001204	-0.026158	0.044111	0.052838	-0.064181	-0.078896	0.001168	-0.040228	0.000000	-0.002950	0.030974	0.101292	-0.037044	-0.121078	-0.000839	0.000000
-0.681435	1.065800	0.932373	0.020666	0.008887	-0.006902	0.999723	0.044390	0.084230	-0.288094	0.701385	-0.434596	-0.054303	-0.067885	0.088709	-0.235340	0.605338	-0.407415	0.068048	0.019600	0.031458	0.126776	-0.276567	-0.296416	-0.131562	-0.114007	0.000000	-0.072690	-0.121443	0.510459	-0.212832	-0.338778	0.040811	0.000000	0.013813	0.023223	-0.002371	0.003621	0.008583	-0.010218	0.012933	0.029842	-0.015136	0.005336	0.014550	-0.002675	-0.014598	0.034667	0.052671	-0.060204	-0.076484	0.000354	-0.031144	0.000000	-0.001515	0.028060	0.077370	-0.028873	-0.116100	-0.004997	0.000000
-0.681329	1.065910	0.932377	0.020992	0.008922	-0.006912	0.999716	0.044554	0.084764	-0.287990	0.701407	-0.434483	-0.054604	-0.067748	0.089404	-0.235498	0.605449	-0.407280	0.068006	0.019496	0.032053	0.127802	-0.277697	-0.297928	-0.131553	-0.114550	0.000000	-0.072687	-0.120931	0.511852	-0.213338	-0.341022	0.040682	0.000000	0.007412	0.023867	0.004469	0.003323	-0.001575	0.000144	0.005986	0.029315	-0.005185	0.003335	0.004075	-0.000226	-0.009492	0.026162	0.050169	-0.057447	-0.075003	-0.001982	-0.023760	0.000000	0.003236	0.021964	0.065538	-0.021879	-0.106989	-0.006942	0.000000
-0.681243	1.066001	0.932362	0.021249	0.009015	-0.006918	0.999710	0.044686	0.085185	-0.287915	0.701518	-0.434659	-0.054297	-0.067645	0.089882	-0.235548	0.605471	-0.407252	0.068039	0.019220	0.032505	0.128782	-0.278865	-0.299416	-0.131641	-0.114957	0.000000	-0.072560	-0.120564	0.513081	-0.213707	-0.343058	0.040534	0.000000	0.009012	0.014367	0.001413	0.005099	-0.001190	0.011507	0.008796	0.017312	-0.002400	0.000915	0.005230	0.001826	-0.014353	0.019165	0.047408	-0.055508	-0.073811	-0.005387	-0.016549	0.000000	0.009947	0.016228	0.057544	-0.014939	-0.097405	-0.005738	0.000000
-0.681121	1.066144	0.932378	0.021328	0.009091	-0.006958	0.999707	0.044915	0.085339	-0.287933	0.701611	-0.434531	-0.054143	-0.067397	0.090096	-0.235594	0.605486	-0.407070	0.068079	0.018922	0.032819	0.129698	-0.279918	-0.300880	-0.131768	-0.115212	0.000000	-0.072289	-0.120282	0.514153	-0.213935	-0.344919	0.040453	0.000000	0.010499	0.006893	0.002840	0.003056	0.004377	0.005366	0.009945	0.013920	-0.000881	0.002658	0.011856	-0.000321	-0.012912	0.012863	0.042101	-0.050958	-0.073424	-0.006562	-0.011681	0.000000	0.015555	0.010019	0.046533	-0.007891	-0.090507	-0.004463	0.000000
-0.681050	1.066267	0.932408	0.021351	0.009127	-0.006957	0.999706	0.045106	0.085461	-0.287801	0.701640	-0.434484	-0.054083	-0.067248	0.090439	-0.235583	0.605578	-0.406777	0.068026	0.018704	0.033019	0.130466	-0.280903	-0.302353	-0.131904	-0.115424	0.000000	-0.071938	-0.120163	0.514942	-0.214022	-0.346678	0.040355	0.000000	0.005842	0.000024	0.006171	0.000185	0.001931	0.001729	0.005530	0.002000	0.007604	0.000657	0.001718	-0.000615	-0.009055	0.009110	0.034648	-0.049634	-0.072585	-0.008815	-0.010747	0.000000	0.019448	0.000612	0.031219	-0.001141	-0.085145	-0.006090	0.000000
-0.680991	1.066373	0.932388	0.021329	0.009248	-0.006925	0.999706	0.045148	0.085340	-0.287686	0.701618	-0.434454	-0.054074	-0.067175	0.090176	-0.235290	0.605512	-0.407002	0.068055	0.018560	0.033184	0.131084	-0.281903	-0.303783	-0.132121	-0.115641	0.000000	-0.071511	-0.120257	0.515402	-0.213981	-0.348324	0.040209	0.000000	0.004526	-0.011110	0.005661	-0.005180	0.011304	-0.020430	0.005202	-0.016746	0.010195	-0.000936	-0.004541	-0.000774	-0.008824	0.006925	0.027964	-0.049748	-0.070369	-0.010660	-0.010590	0.000000	0.021278	-0.012335	0.019807	0.005710	-0.076984	-0.012709	0.000000
-0.680904	1.066499	0.932411	0.021167	0.009315	-0.006923	0.999709	0.045287	0.085016	-0.287575	0.701433	-0.434032	-0.054900	-0.067040	0.089769	-0.235175	0.605540	-0.406959	0.067995	0.018351	0.033296	0.131585	-0.282893	-0.305168	-0.132330	-0.115848	0.000000	-0.071087	-0.120657	0.515734	-0.213794	-0.349757	0.039847	0.000000	0.002691	-0.016308	0.003643	-0.006536	0.014045	-0.020273	0.003269	-0.017793	0.007718	-0.000328	-0.001614	-0.004846	-0.006605	0.003874	0.022083	-0.048147	-0.068440	-0.009732	-0.009683	0.000000	0.022213	-0.025886	0.017111	0.012286	-0.065655	-0.021430	0.000000
-0.680832	1.066601	0.932415	0.020940	0.009404	-0.006850	0.999713	0.045256	0.084688	-0.287541	0.701357	-0.433892	-0.054885	-0.067045	0.089465	-0.234982	0.605499	-0.407066	0.067861	0.018296	0.033339	0.131967	-0.283829	-0.306521	-0.132510	-0.116029	0.000000	-0.070623	-0.121293	0.516087	-0.213490	-0.350951	0.039352	0.000000	-0.001679	-0.019924	-0.003665	-0.000495	0.009471	0.004395	-0.000552	-0.023771	0.006020	-0.001800	-0.001355	-0.003600	-0.005649	0.001568	0.016819	-0.044365	-0.065953	-0.007822	-0.008485	0.000000	0.024447	-0.034022	0.015204	0.016523	-0.056810	-0.024954	0.000000
-0.680751	1.066703	0.932436	0.020729	0.009443	-0.006793	0.999718	0.045220	0.084219	-0.287721	0.701413	-0.433653	-0.054724	-0.067062	0.088818	-0.234934	0.605468	-0.407013	0.067851	0.018125	0.033359	0.132258	-0.284668	-0.307806	-0.132643	-0.116187	0.000000	-0.070109	-0.122017	0.516343	-0.213133	-0.352030	0.038849	0.000000	-0.002702	-0.024767	-0.009263	0.001830	0.017997	-0.002474	-0.002429	-0.026318	0.005581	0.000286	-0.002377	-0.003870	-0.007412	0.000781	0.012393	-0.040925	-0.063039	-0.005892	-0.008022	0.000000	0.026124	-0.036299	0.010651	0.018134	-0.052115	-0.024312	0.000000
-0.680669	1.066796	0.932447	0.020460	0.009435	-0.006737	0.999723	0.045148	0.083697	-0.287911	0.701430	-0.433172	-0.054984	-0.067142	0.088412	-0.234758	0.605510	-0.407161	0.067706	0.017999	0.033370	0.132463	-0.285466	-0.309043	-0.132746	-0.116350	0.000000	-0.069578	-0.122744	0.516513	-0.212764	-0.353035	0.038379	0.000000	-0.003061	-0.030732	-0.007070	-0.000472	0.017517	-0.011711	-0.002901	-0.021810	0.007240	0.001511	-0.002481	-0.005046	-0.005342	0.000697	0.007944	-0.037430	-0.060414	-0.003340	-0.008065	0.000000	0.027351	-0.036141	0.006005	0.018554	-0.049020	-0.022512	0.000000
-0.680609	1.066904	0.932472	0.020052	0.009494	-0.006632	0.999732	0.045098	0.082990	-0.288004	0.701394	-0.432952	-0.055193	-0.067178	0.087946	-0.234645	0.605529	-0.407112	0.067649	0.017911	0.033387	0.132575	-0.286165	-0.310222	-0.132777	-0.116510	0.000000	-0.069015	-0.123463	0.516583	-0.212391	-0.353990	0.037948	0.000000	-0.002727	-0.034787	-0.006540	0.001964	0.012952	-0.006062	-0.002014	-0.027245	0.008629	0.001170	-0.002743	-0.006215	-0.006402	0.001779	0.004874	-0.034315	-0.056729	-0.001622	-0.007697	0.000000	0.027470	-0.035555	0.002719	0.018299	-0.046019	-0.021211	0.000000
-0.680550	1.067019	0.932467	0.019758	0.009546	-0.006563	0.999738	0.045039	0.082305	-0.288173	0.701509	-0.432654	-0.055226	-0.067222	0.087322	-0.234413	0.605557	-0.407271	0.067457	0.017743	0.033441	0.132658	-0.286839	-0.311312	-0.132811	-0.116658	0.000000	-0.068479	-0.124167	0.516621	-0.212032	-0.354876	0.037531	0.000000	-0.003309	-0.033870	-0.007606	0.005403	0.016420	-0.005931	-0.003342	-0.027092	0.010414	0.000472	-0.005629	-0.003746	-0.004468	0.004604	0.003191	-0.032517	-0.051365	-0.001287	-0.007630	0.000000	0.024192	-0.035173	0.001845	0.016700	-0.041384	-0.021329	0.000000
-0.680500	1.067138	0.932478	0.019349	0.009593	-0.006453	0.999746	0.044965	0.081635	-0.288309	0.701610	-0.432296	-0.055430	-0.067311	0.086862	-0.234228	0.605548	-0.407338	0.067499	0.017733	0.033571	0.132703	-0.287466	-0.312277	-0.132828	-0.116815	0.000000	-0.068047	-0.124870	0.516657	-0.211723	-0.355646	0.037095	0.000000	-0.007539	-0.029999	0.002097	0.006187	0.008536	-0.007568	-0.007044	-0.027061	0.017982	-0.001301	-0.010653	-0.001393	0.000264	0.010209	0.000100	-0.028470	-0.043590	0.001286	-0.009137	0.000000	0.019779	-0.034867	-0.001752	0.013922	-0.037350	-0.022352	0.000000
-0.680508	1.067203	0.932460	0.019137	0.009729	-0.006319	0.999750	0.044737	0.081106	-0.288089	0.701756	-0.432313	-0.055529	-0.067504	0.086240	-0.233694	0.605505	-0.407697	0.067402	0.017754	0.033849	0.132662	-0.287977	-0.313055	-0.132759	-0.117023	0.000000	-0.067688	-0.125561	0.516551	-0.211475	-0.356370	0.036637	0.000000	-0.007123	-0.027689	0.006337	0.010835	0.003111	0.011116	-0.005304	-0.028866	0.026841	-0.003798	-0.015468	-0.002727	0.001256	0.018294	-0.003855	-0.019599	-0.032528	0.007991	-0.012746	0.000000	0.017491	-0.030687	-0.006744	0.010717	-0.035437	-0.020147	0.000000
-0.680495	1.067312	0.932462	0.018884	0.009858	-0.006233	0.999754	0.044680	0.080528	-0.288055	0.702044	-0.432171	-0.054985	-0.067524	0.085707	-0.233155	0.605396	-0.407956	0.067390	0.017783	0.034303	0.132549	-0.288250	-0.313578	-0.132509	-0.117325	0.000000	-0.067348	-0.126097	0.516387	-0.211294	-0.357063	0.036289	0.000000	-0.001288	-0.023924	0.003501	0.007331	0.009493	0.007117	-0.000418	-0.019833	0.022069	-0.004391	-0.007509	0.000300	0.000371	0.024552	-0.006472	-0.006413	-0.021941	0.016677	-0.015744	0.000000	0.015150	-0.022564	-0.002387	0.006343	-0.030746	-0.013644	0.000000
-0.680472	1.067439	0.932454	0.018581	0.009964	-0.006158	0.999759	0.044686	0.080149	-0.287949	0.702049	-0.431933	-0.055245	-0.067521	0.085446	-0.232811	0.605330	-0.407997	0.067414	0.017768	0.034831	0.132403	-0.288234	-0.313933	-0.132092	-0.117653	0.000000	-0.067082	-0.126464	0.516456	-0.211222	-0.357600	0.036091	0.000000	-0.001231	-0.022707	0.008023	-0.000443	0.008239	-0.012886	-0.000491	-0.020407	0.019881	-0.002997	-0.007945	-0.003524	-0.000868	0.028292	-0.008237	0.002965	-0.013053	0.023199	-0.018086	0.000000	0.012461	-0.015494	0.011101	0.002077	-0.022130	-0.006716	0.000000
-0.680464	1.067566	0.932468	0.018414	0.010049	-0.006080	0.999762	0.044631	0.079619	-0.287734	0.702026	-0.431842	-0.055501	-0.067543	0.084891	-0.232359	0.605276	-0.408274	0.067249	0.017748	0.035434	0.132219	-0.288131	-0.314100	-0.131581	-0.118048	0.000000	-0.066849	-0.126717	0.516831	-0.211211	-0.357949	0.036021	0.000000	-0.003225	-0.022409	0.014751	-0.002053	0.005914	-0.010668	-0.002635	-0.017190	0.023312	-0.002842	-0.009648	-0.002324	-0.002344	0.033608	-0.011387	0.006534	-0.002639	0.028978	-0.023525	0.000000	0.010797	-0.010402	0.025015	-0.000657	-0.013477	-0.000665	0.000000
-0.680490	1.067652	0.932473	0.018169	0.010242	-0.005963	0.999765	0.044557	0.079252	-0.287359	0.701967	-0.431696	-0.055671	-0.067626	0.084759	-0.231879	0.605216	-0.408383	0.067321	0.017675	0.036176	0.131948	-0.287973	-0.314039	-0.130933	-0.118594	0.000000	-0.066650	-0.126880	0.517456	-0.211248	-0.358139	0.036064	0.000000	-0.002768	-0.023436	0.012618	-0.000209	0.008149	0.007282	-0.002971	-0.014568	0.023879	-0.004326	-0.003852	0.001918	-0.006741	0.038177	-0.013106	0.007273	0.006401	0.033525	-0.028017	0.000000	0.006661	-0.006665	0.031260	-0.003886	-0.008819	0.002706	0.000000
-0.680507	1.067774	0.932507	0.017927	0.010326	-0.005881	0.999769	0.044520	0.078682	-0.287229	0.702018	-0.431516	-0.055209	-0.067662	0.084308	-0.231404	0.605103	-0.408428	0.067326	0.017478	0.036961	0.131695	-0.287840	-0.313844	-0.130240	-0.119169	0.000000	-0.066583	-0.126984	0.518081	-0.211367	-0.358301	0.036129	0.000000	-0.001711	-0.023264	0.008138	0.000267	0.007087	0.007391	-0.001538	-0.016185	0.023311	-0.004506	-0.008406	-0.002632	-0.005476	0.038263	-0.011200	0.002532	0.011346	0.034128	-0.028908	0.000000	0.000111	-0.004286	0.029488	-0.006719	-0.008518	0.002013	0.000000
-0.680501	1.067882	0.932487	0.017748	0.010389	-0.005850	0.999771	0.044488	0.078322	-0.287033	0.701978	-0.431413	-0.055376	-0.067688	0.084111	-0.230946	0.605036	-0.408720	0.067215	0.017456	0.037706	0.131500	-0.287871	-0.313585	-0.129568	-0.119750	0.000000	-0.066646	-0.127051	0.518636	-0.211517	-0.358480	0.036145	0.000000	-0.000510	-0.015326	0.007159	-0.001174	0.002924	-0.002777	-0.000693	-0.010519	0.018611	-0.004676	-0.010312	-0.000334	-0.003588	0.034507	-0.007585	-0.005498	0.012214	0.031548	-0.027408	0.000000	-0.005777	-0.001976	0.028571	-0.008924	-0.008061	0.000751	0.000000
-0.680497	1.067994	0.932487	0.017579	0.010487	-0.005747	0.999774	0.044500	0.078069	-0.286943	0.701971	-0.431399	-0.055321	-0.067690	0.083888	-0.230660	0.604916	-0.408841	0.067312	0.017335	0.038342	0.131392	-0.288060	-0.313356	-0.128978	-0.120265	0.000000	-0.066814	-0.127063	0.519224	-0.211724	-0.358624	0.036159	0.000000	0.001301	-0.013177	0.003310	-0.000915	0.005753	-0.002345	0.000841	-0.012594	0.011100	-0.004038	-0.005180	0.001683	-0.005937	0.029657	-0.002699	-0.014711	0.010690	0.027523	-0.023798	0.000000	-0.010432	0.001719	0.033739	-0.012350	-0.005170	0.001574	0.000000
-0.680476	1.068132	0.932494	0.017393	0.010531	-0.005694	0.999777	0.044540	0.077795	-0.286901	0.701941	-0.431183	-0.055469	-0.067654	0.083608	-0.230502	0.604874	-0.408927	0.067283	0.017218	0.038893	0.131392	-0.288460	-0.313157	-0.128467	-0.120702	0.000000	-0.067063	-0.126983	0.519986	-0.212011	-0.358686	0.036208	0.000000	-0.000315	-0.007877	0.001703	-0.000696	0.007087	-0.005749	0.000174	-0.021266	0.009789	-0.003816	-0.011229	0.002316	-0.005491	0.024703	0.001741	-0.021954	0.009578	0.024835	-0.019659	0.000000	-0.014744	0.006133	0.043789	-0.016983	-0.000703	0.003527	0.000000
-0.680463	1.068224	0.932470	0.017238	0.010563	-0.005607	0.999780	0.044487	0.077754	-0.286875	0.701943	-0.431115	-0.055550	-0.067683	0.083037	-0.230268	0.604763	-0.409290	0.067405	0.017115	0.039330	0.131462	-0.288938	-0.312973	-0.127984	-0.121052	0.000000	-0.067404	-0.126818	0.520976	-0.212403	-0.358652	0.036300	0.000000	-0.001832	0.001625	-0.001186	-0.000532	0.007600	-0.004843	-0.002365	-0.013342	0.002581	-0.002737	-0.007593	0.003461	-0.005298	0.021551	0.004618	-0.025930	0.009938	0.023336	-0.016170	0.000000	-0.018117	0.010157	0.053683	-0.021140	0.003314	0.005387	0.000000
-0.680432	1.068347	0.932498	0.017187	0.010555	-0.005526	0.999781	0.044467	0.077860	-0.286948	0.701920	-0.430879	-0.055663	-0.067749	0.083074	-0.230399	0.604765	-0.409231	0.067421	0.017006	0.039755	0.131576	-0.289497	-0.312760	-0.127534	-0.121349	0.000000	-0.067787	-0.126576	0.522133	-0.212856	-0.358554	0.036423	0.000000	-0.001226	0.009776	-0.004409	-0.001509	0.009377	-0.000124	-0.002012	0.001091	-0.007666	-0.000586	0.002567	0.002838	-0.002511	0.019286	0.005579	-0.026420	0.009851	0.024408	-0.012737	0.000000	-0.021529	0.014396	0.055921	-0.024259	0.002693	0.006510	0.000000
-0.680382	1.068453	0.932505	0.017213	0.010529	-0.005486	0.999781	0.044438	0.078145	-0.287051	0.701882	-0.430740	-0.055555	-0.067763	0.083081	-0.230575	0.604740	-0.409187	0.067519	0.017015	0.040101	0.131685	-0.289995	-0.312579	-0.127008	-0.121561	0.000000	-0.068265	-0.126242	0.523212	-0.213373	-0.358544	0.036560	0.000000	-0.000356	0.018384	-0.006296	-0.001246	0.007522	0.003881	-0.001047	0.011315	-0.012056	0.001279	0.005698	0.001527	-0.000911	0.015394	0.005615	-0.029986	0.007213	0.024119	-0.009578	0.000000	-0.024113	0.017289	0.052679	-0.025500	-0.000528	0.005851	0.000000
-0.680345	1.068547	0.932540	0.017355	0.010465	-0.005411	0.999780	0.044453	0.078595	-0.287200	0.701870	-0.430578	-0.055508	-0.067791	0.083527	-0.230881	0.604816	-0.409003	0.067482	0.016970	0.040370	0.131801	-0.290696	-0.312471	-0.126569	-0.121732	0.000000	-0.068752	-0.125885	0.524240	-0.213876	-0.358575	0.036657	0.000000	0.000942	0.024666	-0.008422	-0.002633	0.010170	-0.003461	0.000578	0.016348	-0.018897	0.003573	0.003670	-0.004170	0.002054	0.011182	0.006408	-0.038891	0.003987	0.019994	-0.007720	0.000000	-0.023442	0.018498	0.053632	-0.023893	-0.000853	0.004018	0.000000
-0.680262	1.068674	0.932554	0.017538	0.010400	-0.005378	0.999778	0.044476	0.079131	-0.287388	0.701777	-0.430333	-0.055694	-0.067740	0.083735	-0.231331	0.604883	-0.409040	0.067352	0.017097	0.040549	0.131941	-0.291551	-0.312419	-0.126208	-0.121870	0.000000	-0.069203	-0.125502	0.525358	-0.214329	-0.358578	0.036721	0.000000	0.003942	0.029966	-0.008886	-0.001062	0.009639	-0.002643	0.003606	0.021496	-0.021806	0.004931	0.006628	-0.003986	0.004172	0.006333	0.007097	-0.043304	0.000472	0.017494	-0.005681	0.000000	-0.021109	0.020035	0.061347	-0.020806	0.001714	0.002887	0.000000
-0.680233	1.068811	0.932584	0.017932	0.010306	-0.005334	0.999772	0.044611	0.079794	-0.287556	0.701828	-0.430192	-0.055614	-0.067646	0.084386	-0.231753	0.605013	-0.408737	0.067323	0.017137	0.040624	0.132085	-0.292429	-0.312452	-0.125869	-0.121959	0.000000	-0.069596	-0.125083	0.526694	-0.214709	-0.358506	0.036773	0.000000	0.009791	0.032277	-0.013294	0.002766	0.010205	0.004782	0.008360	0.033040	-0.027081	0.005725	0.016973	-0.000937	0.002274	0.000833	0.009084	-0.041416	-0.003532	0.017149	-0.001767	0.000000	-0.019176	0.022485	0.071736	-0.017975	0.004813	0.003135	0.000000
-0.680129	1.069000	0.932616	0.018226	0.010215	-0.005345	0.999767	0.044868	0.080423	-0.287920	0.701888	-0.429925	-0.055503	-0.067406	0.085056	-0.232414	0.605112	-0.408361	0.067314	0.017188	0.040582	0.132304	-0.293207	-0.312560	-0.125522	-0.121940	0.000000	-0.069970	-0.124602	0.528227	-0.215048	-0.358386	0.036846	0.000000	0.013000	0.030732	-0.020377	0.004087	0.008239	0.003513	0.011964	0.029997	-0.034136	0.005035	0.013108	-0.000215	-0.000139	-0.003761	0.013575	-0.042065	-0.006748	0.014167	0.003248	0.000000	-0.019508	0.025232	0.076981	-0.016844	0.005162	0.004196	0.000000
-0.680034	1.069169	0.932612	0.018482	0.010106	-0.005369	0.999764	0.045131	0.081023	-0.288371	0.701991	-0.429863	-0.055473	-0.067168	0.085586	-0.233119	0.605214	-0.408213	0.067314	0.017131	0.040473	0.132628	-0.294111	-0.312722	-0.125302	-0.121829	0.000000	-0.070377	-0.124074	0.529773	-0.215382	-0.358300	0.036941	0.000000	0.011042	0.030606	-0.018747	0.005649	0.002153	0.000034	0.008766	0.035263	-0.031422	0.006446	0.008227	0.000599	0.000134	-0.006508	0.016144	-0.047155	-0.008914	0.008926	0.006566	0.000000	-0.020035	0.025593	0.076033	-0.015804	0.003297	0.004803	0.000000
-0.679989	1.069296	0.932613	0.018876	0.009968	-0.005393	0.999758	0.045309	0.081647	-0.288670	0.702114	-0.429839	-0.055501	-0.067055	0.086467	-0.233671	0.605370	-0.408032	0.067338	0.017193	0.040322	0.132950	-0.295093	-0.312917	-0.125165	-0.121678	0.000000	-0.070771	-0.123579	0.531268	-0.215680	-0.358254	0.037039	0.000000	0.009399	0.028128	-0.014404	0.005075	0.001720	-0.004889	0.007778	0.029374	-0.026508	0.006284	0.004476	0.001927	-0.002533	-0.008481	0.015696	-0.049504	-0.011064	0.005583	0.008523	0.000000	-0.021244	0.023744	0.069810	-0.014230	0.000226	0.004107	0.000000
-0.679950	1.069434	0.932593	0.019156	0.009881	-0.005409	0.999753	0.045507	0.082148	-0.288947	0.702194	-0.429794	-0.055669	-0.066857	0.086761	-0.234179	0.605466	-0.408034	0.067391	0.017030	0.040134	0.133256	-0.296091	-0.313165	-0.125079	-0.121488	0.000000	-0.071226	-0.123124	0.532566	-0.215952	-0.358291	0.037105	0.000000	0.010155	0.023212	-0.011440	0.003058	0.000029	-0.007595	0.009286	0.019579	-0.021151	0.004587	0.000792	0.003250	-0.008911	-0.009939	0.013733	-0.048807	-0.013449	0.004099	0.009379	0.000000	-0.024194	0.020783	0.056481	-0.012730	-0.004972	0.001393	0.000000
-0.679947	1.069561	0.932589	0.019450	0.009764	-0.005433	0.999749	0.045716	0.082575	-0.289127	0.702236	-0.429838	-0.055805	-0.066684	0.087250	-0.234517	0.605553	-0.408001	0.067468	0.016837	0.039924	0.133499	-0.297046	-0.313455	-0.125001	-0.121303	0.000000	-0.071739	-0.122747	0.533528	-0.216189	-0.358453	0.037094	0.000000	0.009715	0.020245	-0.008096	0.002533	-0.000917	-0.002935	0.008095	0.023101	-0.017728	0.003625	0.004639	0.005925	-0.009628	-0.011241	0.011171	-0.046650	-0.015870	0.003555	0.009332	0.000000	-0.025276	0.016541	0.041415	-0.010800	-0.010066	-0.002355	0.000000
-0.679942	1.069672	0.932607	0.019601	0.009685	-0.005449	0.999746	0.045895	0.082958	-0.289271	0.702296	-0.429831	-0.055786	-0.066533	0.087685	-0.234888	0.605611	-0.407849	0.067628	0.016645	0.039684	0.133703	-0.297957	-0.313800	-0.124937	-0.121115	0.000000	-0.072237	-0.122463	0.534222	-0.216384	-0.358694	0.037011	0.000000	0.007818	0.016484	-0.005191	0.001448	0.000063	-0.002929	0.006427	0.017438	-0.013778	0.002143	0.004824	0.009752	-0.011123	-0.011671	0.009901	-0.047386	-0.018303	0.001657	0.009376	0.000000	-0.022885	0.011268	0.031042	-0.008332	-0.012496	-0.005218	0.000000
-0.679975	1.069762	0.932587	0.019691	0.009629	-0.005474	0.999745	0.046028	0.083235	-0.289335	0.702294	-0.429835	-0.055922	-0.066427	0.087947	-0.235068	0.605639	-0.407808	0.067858	0.016392	0.039457	0.133896	-0.298941	-0.314187	-0.124935	-0.120928	0.000000	-0.072654	-0.122297	0.534769	-0.216523	-0.358952	0.036886	0.000000	0.010114	0.005665	-0.011421	-0.002050	0.001572	-0.006067	0.009036	0.005754	-0.013711	0.000900	0.006481	0.008835	-0.013069	-0.011815	0.011255	-0.056003	-0.021093	-0.003882	0.009683	0.000000	-0.018257	0.006325	0.022751	-0.005220	-0.013506	-0.006573	0.000000
-0.679944	1.069909	0.932612	0.019653	0.009492	-0.005523	0.999747	0.046300	0.083184	-0.289727	0.702214	-0.429768	-0.056029	-0.066171	0.087915	-0.235437	0.605647	-0.407589	0.067982	0.016122	0.039212	0.134153	-0.300197	-0.314643	-0.125092	-0.120728	0.000000	-0.072968	-0.122210	0.535132	-0.216592	-0.359234	0.036748	0.000000	0.009272	-0.002967	-0.008384	-0.002395	0.002364	-0.014972	0.008330	0.001364	-0.009928	0.002635	0.002901	-0.000686	-0.010909	-0.010369	0.012254	-0.065134	-0.022878	-0.008830	0.008477	0.000000	-0.010844	0.001653	0.013989	-0.000506	-0.014936	-0.007295	0.000000
-0.680002	1.069970	0.932592	0.019599	0.009444	-0.005533	0.999748	0.046399	0.083116	-0.289670	0.702198	-0.429741	-0.056521	-0.066093	0.088002	-0.235465	0.605744	-0.407692	0.067831	0.015956	0.039042	0.134386	-0.301547	-0.315102	-0.125288	-0.120589	0.000000	-0.073088	-0.122230	0.535329	-0.216543	-0.359550	0.036594	0.000000	0.006450	-0.004609	0.000018	-0.000560	-0.005212	-0.008249	0.006581	-0.006866	-0.000088	0.002694	-0.005074	-0.004618	-0.008156	-0.007008	0.013220	-0.070520	-0.022681	-0.011473	0.006295	0.000000	-0.001077	-0.004259	0.008270	0.005809	-0.015345	-0.008474	0.000000
-0.680036	1.070080	0.932582	0.019467	0.009414	-0.005552	0.999751	0.046558	0.083000	-0.289727	0.702191	-0.429976	-0.056359	-0.065908	0.087641	-0.235440	0.605755	-0.407792	0.067797	0.015796	0.038931	0.134681	-0.303018	-0.315550	-0.125551	-0.120476	0.000000	-0.073011	-0.122380	0.535463	-0.216360	-0.359848	0.036409	0.000000	0.010173	-0.014013	-0.006250	0.004347	-0.009342	0.010137	0.011349	-0.019118	0.003679	-0.000221	-0.006069	-0.000688	-0.006108	-0.004857	0.016737	-0.073935	-0.021870	-0.013644	0.005224	0.000000	0.007861	-0.009236	0.002912	0.011880	-0.015289	-0.009644	0.000000
-0.680114	1.070203	0.932566	0.019279	0.009372	-0.005584	0.999755	0.046806	0.082555	-0.289920	0.702372	-0.430114	-0.056116	-0.065639	0.087237	-0.235318	0.605735	-0.407934	0.067803	0.015711	0.038848	0.135055	-0.304504	-0.315977	-0.125834	-0.120380	0.000000	-0.072774	-0.122600	0.535445	-0.216068	-0.360162	0.036208	0.000000	0.013569	-0.015612	-0.003143	0.004037	-0.004568	-0.008521	0.013642	-0.015010	0.006165	0.000994	-0.007990	-0.002780	-0.002872	-0.004037	0.019896	-0.067370	-0.020342	-0.011379	0.005253	0.000000	0.015378	-0.011746	-0.001280	0.016054	-0.014609	-0.009046	0.000000
-0.680211	1.070310	0.932543	0.019082	0.009349	-0.005685	0.999758	0.047101	0.082375	-0.289852	0.702353	-0.430159	-0.056700	-0.065363	0.087040	-0.235194	0.605794	-0.408112	0.067686	0.015681	0.038770	0.135477	-0.305713	-0.316364	-0.126006	-0.120266	0.000000	-0.072396	-0.122850	0.535412	-0.215718	-0.360432	0.036047	0.000000	0.015264	-0.012631	0.007404	-0.001477	-0.004613	-0.017175	0.015029	-0.010648	0.013509	0.001849	-0.007653	-0.004490	0.000225	-0.004548	0.022804	-0.051540	-0.018403	-0.006004	0.006968	0.000000	0.022646	-0.011808	-0.004826	0.018580	-0.014142	-0.005706	0.000000
-0.680337	1.070428	0.932539	0.018940	0.009378	-0.005753	0.999760	0.047417	0.082050	-0.289624	0.702313	-0.430299	-0.056803	-0.065038	0.086811	-0.234778	0.605809	-0.408240	0.067624	0.015720	0.038666	0.135967	-0.306566	-0.316713	-0.126074	-0.120101	0.000000	-0.071868	-0.123072	0.535252	-0.215324	-0.360727	0.035980	0.000000	0.014757	-0.015394	0.011487	0.002648	-0.011613	0.007260	0.015050	-0.010596	0.022379	-0.003135	-0.006223	0.002260	0.007028	-0.005801	0.025875	-0.033335	-0.015653	-0.000621	0.009756	0.000000	0.029665	-0.012113	-0.010028	0.021681	-0.013608	-0.002436	0.000000
-0.680477	1.070540	0.932538	0.018782	0.009428	-0.005798	0.999762	0.047691	0.081760	-0.289393	0.702459	-0.430623	-0.056409	-0.064761	0.086617	-0.234299	0.605669	-0.408361	0.067776	0.015962	0.038538	0.136512	-0.307047	-0.316990	-0.126031	-0.119876	0.000000	-0.071209	-0.123335	0.535011	-0.214851	-0.360976	0.035950	0.000000	0.010683	-0.013155	0.018734	0.005610	-0.018834	0.009880	0.011708	-0.013695	0.031888	-0.007403	-0.015722	0.005259	0.010480	-0.005969	0.027411	-0.014874	-0.011623	0.004308	0.012208	0.000000	0.035010	-0.015971	-0.011462	0.026710	-0.009742	-0.002409	0.000000
-0.680676	1.070595	0.932479	0.018626	0.009561	-0.005868	0.999764	0.047844	0.081524	-0.288875	0.702537	-0.431052	-0.056407	-0.064570	0.086263	-0.233502	0.605513	-0.408869	0.067834	0.016140	0.038427	0.137064	-0.307160	-0.317178	-0.125902	-0.119612	0.000000	-0.070467	-0.123711	0.534794	-0.214256	-0.361117	0.035883	0.000000	0.012273	-0.008425	0.029541	0.000218	-0.021933	0.001989	0.012833	-0.005324	0.037180	-0.007224	-0.014500	0.000463	0.006241	-0.004798	0.028117	0.002143	-0.007568	0.007936	0.014372	0.000000	0.037180	-0.020238	-0.015953	0.031834	-0.008203	-0.004906	0.000000
-0.680870	1.070698	0.932489	0.018563	0.009662	-0.005933	0.999763	0.048182	0.081423	-0.288211	0.702467	-0.431501	-0.056330	-0.064247	0.086404	-0.232811	0.605380	-0.408941	0.067795	0.016212	0.038346	0.137637	-0.306961	-0.317293	-0.125714	-0.119301	0.000000	-0.069722	-0.124144	0.534373	-0.213577	-0.361304	0.035753	0.000000	0.014454	-0.003848	0.036942	-0.004010	-0.020248	-0.003981	0.014384	-0.000875	0.037725	-0.006244	-0.012151	-0.005907	0.004301	-0.001064	0.030016	0.012401	-0.001688	0.007534	0.015460	0.000000	0.034341	-0.020750	-0.024705	0.032723	-0.010723	-0.006844	0.000000
-0.681091	1.070767	0.932444	0.018463	0.009777	-0.006013	0.999764	0.048422	0.081370	-0.287397	0.702377	-0.431862	-0.056567	-0.063995	0.086228	-0.231993	0.605263	-0.409355	0.067598	0.016312	0.038385	0.138264	-0.306664	-0.317245	-0.125601	-0.118994	0.000000	-0.069094	-0.124541	0.533806	-0.212947	-0.361546	0.035610	0.000000	0.012306	-0.004007	0.039096	-0.003485	-0.019862	0.001231	0.012622	-0.001390	0.044927	-0.007796	-0.017320	-0.003207	0.001103	0.005509	0.031412	0.013725	0.006080	0.002905	0.014010	0.000000	0.028011	-0.018707	-0.029546	0.029086	-0.012538	-0.006859	0.000000
-0.681298	1.070867	0.932448	0.018413	0.010018	-0.006049	0.999762	0.048674	0.081262	-0.286648	0.702328	-0.432295	-0.056280	-0.063742	0.086348	-0.231014	0.605068	-0.409634	0.067666	0.016256	0.038566	0.138894	-0.306412	-0.317050	-0.125598	-0.118740	0.000000	-0.068601	-0.124892	0.533191	-0.212414	-0.361806	0.035479	0.000000	0.013473	-0.005789	0.033977	-0.001399	-0.018256	0.002118	0.013867	-0.001822	0.043661	-0.008778	-0.016150	-0.005236	-0.000382	0.010298	0.031028	0.008472	0.011311	-0.002280	0.010838	0.000000	0.020492	-0.016690	-0.028992	0.023900	-0.010962	-0.006924	0.000000
-0.681471	1.070964	0.932409	0.018334	0.010097	-0.006142	0.999762	0.048961	0.081138	-0.286038	0.702321	-0.432592	-0.056482	-0.063440	0.086156	-0.230247	0.604912	-0.410001	0.067388	0.016296	0.038797	0.139506	-0.306326	-0.316793	-0.125692	-0.118561	0.000000	-0.068274	-0.125209	0.532646	-0.211991	-0.361984	0.035333	0.000000	0.013546	-0.003350	0.034387	0.000332	-0.019836	-0.001535	0.014362	-0.006448	0.039332	-0.008617	-0.017183	-0.006076	-0.000863	0.011962	0.027823	0.004294	0.013425	-0.004502	0.006866	0.000000	0.012767	-0.013189	-0.025772	0.016987	-0.007120	-0.004983	0.000000
-0.681689	1.071045	0.932400	0.018340	0.010292	-0.006193	0.999760	0.049216	0.081128	-0.285272	0.702341	-0.433089	-0.056342	-0.063168	0.086090	-0.229441	0.604723	-0.410321	0.067423	0.016221	0.039045	0.140006	-0.306240	-0.316513	-0.125778	-0.118466	0.000000	-0.068091	-0.125420	0.532160	-0.211734	-0.362091	0.035280	0.000000	0.014345	-0.000159	0.031295	0.002852	-0.018808	0.006672	0.014237	0.000901	0.036661	-0.010045	-0.015201	0.001723	-0.003555	0.012862	0.022227	0.002749	0.013740	-0.004487	0.002135	0.000000	0.005018	-0.008519	-0.019932	0.008395	-0.003000	-0.000911	0.000000
-0.681839	1.071151	0.932384	0.018334	0.010406	-0.006249	0.999758	0.049535	0.081132	-0.284786	0.702435	-0.433345	-0.056215	-0.062870	0.086192	-0.228780	0.604510	-0.410609	0.067457	0.016154	0.039311	0.140395	-0.306216	-0.316243	-0.125871	-0.118475	0.000000	-0.068073	-0.125549	0.531849	-0.211655	-0.362104	0.035296	0.000000	0.015328	0.009071	0.031155	-0.000983	-0.016305	-0.011130	0.014118	0.010527	0.029852	-0.008343	-0.013587	0.000928	-0.004094	0.012377	0.016256	0.003672	0.012725	-0.002727	-0.002343	0.000000	-0.002876	-0.005025	-0.010303	0.000226	0.002372	0.002102	0.000000
-0.682024	1.071209	0.932336	0.018405	0.010453	-0.006339	0.999756	0.049829	0.081491	-0.284026	0.702302	-0.433741	-0.056787	-0.062603	0.086511	-0.228247	0.604390	-0.410864	0.067461	0.016057	0.039540	0.140657	-0.306093	-0.316004	-0.125887	-0.118559	0.000000	-0.068206	-0.125621	0.531748	-0.211725	-0.361996	0.035364	0.000000	0.013208	0.015394	0.036842	-0.001995	-0.022811	-0.005268	0.012285	0.016394	0.033575	-0.007330	-0.012016	0.000213	-0.002541	0.012316	0.010752	0.009869	0.012047	0.000647	-0.004934	0.000000	-0.008863	-0.001730	-0.002052	-0.006742	0.006880	0.005454	0.000000
-0.682219	1.071285	0.932323	0.018611	0.010676	-0.006399	0.999749	0.050063	0.081748	-0.283313	0.702355	-0.434257	-0.056426	-0.062379	0.086847	-0.227437	0.604217	-0.411090	0.067466	0.016052	0.039804	0.140825	-0.305821	-0.315762	-0.125845	-0.118673	0.000000	-0.068428	-0.125619	0.531767	-0.211925	-0.361829	0.035514	0.000000	0.013587	0.014247	0.037376	-0.001128	-0.018573	-0.000590	0.012368	0.020041	0.035961	-0.008729	-0.012651	0.001971	-0.002048	0.014328	0.005891	0.011425	0.011493	0.002557	-0.007700	0.000000	-0.013970	0.000597	-0.000630	-0.012224	0.007523	0.007571	0.000000
-0.682404	1.071357	0.932308	0.018768	0.010779	-0.006451	0.999745	0.050372	0.082061	-0.282531	0.702257	-0.434484	-0.056811	-0.062109	0.087313	-0.226809	0.604041	-0.411370	0.067539	0.015975	0.040113	0.140892	-0.305636	-0.315544	-0.125784	-0.118867	0.000000	-0.068765	-0.125597	0.531722	-0.212214	-0.361695	0.035667	0.000000	0.014008	0.015095	0.032426	-0.003023	-0.019009	-0.005750	0.013144	0.017195	0.028343	-0.010088	-0.011797	0.003687	-0.006023	0.015532	0.002558	0.004879	0.010081	0.002929	-0.009852	0.000000	-0.017713	0.001306	-0.002219	-0.014871	0.006320	0.006910	0.000000
-0.682562	1.071417	0.932274	0.018946	0.010889	-0.006559	0.999740	0.050623	0.082352	-0.282016	0.702234	-0.435018	-0.056656	-0.061853	0.087535	-0.226303	0.603814	-0.411562	0.067613	0.015812	0.040425	0.140927	-0.305626	-0.315358	-0.125728	-0.119067	0.000000	-0.069136	-0.125566	0.531678	-0.212520	-0.361576	0.035791	0.000000	0.013621	0.011745	0.027555	0.000913	-0.019117	0.001470	0.013414	0.009858	0.029710	-0.008322	-0.011789	0.001106	-0.005565	0.016051	-0.000601	-0.010573	0.007636	-0.000263	-0.012827	0.000000	-0.017590	0.001837	-0.001909	-0.014556	0.005691	0.005588	0.000000
-0.682752	1.071471	0.932261	0.018981	0.010959	-0.006614	0.999738	0.050917	0.082531	-0.281429	0.702293	-0.435248	-0.056752	-0.061572	0.087707	-0.225620	0.603708	-0.411842	0.067584	0.015753	0.040755	0.140868	-0.306059	-0.315239	-0.125795	-0.119381	0.000000	-0.069468	-0.125524	0.531646	-0.212796	-0.361467	0.035890	0.000000	0.013672	0.011359	0.035760	0.000270	-0.018624	-0.004011	0.013686	0.008292	0.039040	-0.007236	-0.015818	-0.002462	-0.001806	0.017908	-0.004999	-0.029551	0.006484	-0.003864	-0.019360	0.000000	-0.013383	0.003026	0.003053	-0.011851	0.007056	0.004728	0.000000
-0.682901	1.071535	0.932202	0.019040	0.011167	-0.006704	0.999734	0.051170	0.082806	-0.280585	0.702245	-0.435763	-0.056816	-0.061306	0.087867	-0.224742	0.603524	-0.412195	0.067515	0.015739	0.041142	0.140727	-0.306808	-0.315099	-0.125883	-0.119841	0.000000	-0.069672	-0.125445	0.531800	-0.212994	-0.361294	0.035980	0.000000	0.014704	0.011765	0.040415	-0.001302	-0.025060	0.003950	0.016139	0.000576	0.041949	-0.010762	-0.015313	-0.002384	-0.003399	0.016916	-0.006977	-0.037339	0.005036	-0.002793	-0.022151	0.000000	-0.008357	0.005271	0.014105	-0.008691	0.010847	0.004912	0.000000
-0.683057	1.071625	0.932199	0.019129	0.011397	-0.006799	0.999729	0.051505	0.083002	-0.279812	0.702241	-0.436251	-0.056594	-0.060926	0.087730	-0.223942	0.603277	-0.412454	0.067488	0.015617	0.041432	0.140589	-0.307553	-0.315037	-0.125907	-0.120267	0.000000	-0.069802	-0.125313	0.532210	-0.213144	-0.361033	0.036087	0.000000	0.016660	0.008010	0.032858	-0.000487	-0.013608	0.004060	0.016712	0.007128	0.034096	-0.008687	-0.004669	-0.003753	-0.005957	0.009664	-0.004587	-0.040225	-0.000433	-0.002540	-0.018957	0.000000	-0.008937	0.008018	0.017940	-0.009475	0.011607	0.005493	0.000000
-0.683191	1.071696	0.932218	0.019144	0.011481	-0.006879	0.999727	0.051837	0.083126	-0.279271	0.702226	-0.436307	-0.056654	-0.060637	0.088152	-0.223378	0.603177	-0.412381	0.067365	0.015501	0.041528	0.140544	-0.308417	-0.315116	-0.125984	-0.120599	0.000000	-0.070029	-0.125125	0.532518	-0.213373	-0.360830	0.036200	0.000000	0.015103	0.008529	0.033743	-0.000754	-0.011136	-0.003017	0.014782	0.011953	0.033374	-0.006649	-0.007075	-0.005611	-0.005393	-0.000586	-0.000446	-0.038993	-0.007563	-0.002897	-0.012720	0.000000	-0.013103	0.009531	0.011547	-0.012693	0.008535	0.004988	0.000000
-0.683375	1.071737	0.932174	0.019270	0.011671	-0.006988	0.999722	0.052109	0.083343	-0.278462	0.702211	-0.436696	-0.056714	-0.060335	0.088208	-0.222607	0.603011	-0.412737	0.067264	0.015401	0.041408	0.140571	-0.309112	-0.315340	-0.126022	-0.120775	0.000000	-0.070327	-0.124932	0.532672	-0.213652	-0.360692	0.036286	0.000000	0.019159	0.007523	0.049400	-0.001720	-0.025201	-0.000046	0.019821	0.007938	0.048221	-0.006589	-0.016720	-0.011845	-0.007902	-0.010251	0.004757	-0.030183	-0.014503	-0.002118	-0.002731	0.000000	-0.013556	0.008982	0.003752	-0.012382	0.005524	0.002587	0.000000
-0.683586	1.071824	0.932162	0.019292	0.011935	-0.007128	0.999717	0.052603	0.083427	-0.277295	0.702157	-0.437315	-0.056656	-0.059844	0.088469	-0.221449	0.602913	-0.413050	0.066891	0.015185	0.041118	0.140734	-0.309624	-0.315696	-0.126069	-0.120709	0.000000	-0.070571	-0.124765	0.532668	-0.213868	-0.360609	0.036303	0.000000	0.021962	0.004987	0.052647	-0.003771	-0.028317	0.004101	0.022399	0.008206	0.052071	-0.007133	-0.014327	-0.016967	-0.010084	-0.017373	0.008619	-0.019937	-0.020619	-0.000586	0.007104	0.000000	-0.011510	0.008351	-0.005922	-0.009048	0.001761	-0.000731	0.000000
-0.683772	1.071897	0.932148	0.019346	0.012212	-0.007270	0.999712	0.052988	0.083542	-0.276356	0.702060	-0.437829	-0.056550	-0.059439	0.088537	-0.220524	0.602726	-0.413311	0.066585	0.014998	0.040713	0.140916	-0.309910	-0.316164	-0.126046	-0.120491	0.000000	-0.070787	-0.124597	0.532435	-0.214014	-0.360622	0.036257	0.000000	0.016856	0.003183	0.047451	-0.006640	-0.021695	-0.001738	0.016965	0.003034	0.047773	-0.009409	-0.014798	-0.006389	-0.004632	-0.021769	0.008435	-0.013456	-0.023895	0.001347	0.012062	0.000000	-0.008937	0.008627	-0.016420	-0.005285	-0.002855	-0.003534	0.000000
-0.683989	1.071945	0.932131	0.019360	0.012366	-0.007342	0.999709	0.053277	0.083555	-0.275397	0.701891	-0.438183	-0.056725	-0.059166	0.088591	-0.219538	0.602537	-0.413642	0.066635	0.015000	0.040247	0.141071	-0.310162	-0.316652	-0.126015	-0.120226	0.000000	-0.070929	-0.124420	0.532011	-0.214080	-0.360723	0.036162	0.000000	0.016705	-0.000313	0.045091	-0.011042	-0.016290	-0.008513	0.017062	-0.002649	0.047251	-0.010242	-0.014803	-0.002800	-0.001954	-0.022717	0.006016	-0.018332	-0.024927	-0.000649	0.011266	0.000000	-0.004605	0.009365	-0.019899	-0.002437	-0.005098	-0.004065	0.000000
-0.684165	1.072035	0.932127	0.019282	0.012531	-0.007436	0.999708	0.053656	0.083530	-0.274553	0.701618	-0.438480	-0.056891	-0.058757	0.088431	-0.218634	0.602316	-0.413903	0.066473	0.014920	0.039805	0.141157	-0.310643	-0.317162	-0.126072	-0.120041	0.000000	-0.070971	-0.124223	0.531639	-0.214111	-0.360825	0.036094	0.000000	0.017515	-0.002489	0.037192	-0.008291	-0.022148	0.003652	0.018373	-0.001062	0.037380	-0.010169	-0.008979	-0.005241	-0.006210	-0.022180	0.002542	-0.026669	-0.026042	-0.003930	0.007296	0.000000	-0.000904	0.009815	-0.011700	-0.001555	-0.002315	-0.001580	0.000000
-0.684343	1.072078	0.932111	0.019283	0.012657	-0.007584	0.999705	0.053978	0.083455	-0.273909	0.701560	-0.439069	-0.056579	-0.058431	0.088548	-0.218043	0.602130	-0.414001	0.066426	0.014751	0.039360	0.141173	-0.311229	-0.317694	-0.126172	-0.119934	0.000000	-0.070965	-0.124028	0.531543	-0.214142	-0.360816	0.036098	0.000000	0.019431	-0.003758	0.031147	-0.008465	-0.020099	-0.003843	0.018777	0.007129	0.026448	-0.006710	-0.002482	-0.003398	-0.004044	-0.022308	-0.000112	-0.029263	-0.026267	-0.005255	0.004357	0.000000	0.001358	0.008609	-0.002311	0.000276	0.001571	0.000102	0.000000
-0.684472	1.072186	0.932118	0.019276	0.012771	-0.007669	0.999703	0.054433	0.083379	-0.273307	0.701280	-0.439284	-0.057045	-0.058006	0.088716	-0.217576	0.602048	-0.414002	0.066337	0.014758	0.038912	0.141152	-0.311814	-0.318212	-0.126282	-0.119866	0.000000	-0.070917	-0.123879	0.531547	-0.214100	-0.360763	0.036099	0.000000	0.016741	0.000814	0.023248	-0.007850	-0.016920	-0.006354	0.016672	0.004178	0.021178	-0.007282	-0.005376	0.000656	0.001648	-0.023298	-0.001854	-0.025623	-0.026647	-0.004651	0.003661	0.000000	0.001578	0.005853	-0.001095	0.002793	0.002091	-0.001215	0.000000
-0.684590	1.072204	0.932069	0.019289	0.012766	-0.007807	0.999702	0.054648	0.083488	-0.272979	0.701246	-0.439746	-0.056833	-0.057764	0.088715	-0.217196	0.601839	-0.414216	0.066452	0.014817	0.038428	0.141099	-0.312254	-0.318760	-0.126358	-0.119788	0.000000	-0.070902	-0.123794	0.531499	-0.214030	-0.360732	0.036050	0.000000	0.011378	-0.001410	0.019395	-0.001368	-0.019281	0.004719	0.012189	-0.000777	0.023014	-0.009277	-0.010463	0.004140	0.001194	-0.022265	-0.004867	-0.019447	-0.026143	-0.002898	0.003376	0.000000	0.001199	0.002025	-0.006887	0.004781	-0.000359	-0.004139	0.000000
-0.684714	1.072265	0.932065	0.019305	0.012879	-0.007871	0.999700	0.054889	0.083323	-0.272531	0.701225	-0.440056	-0.056856	-0.057518	0.088685	-0.216656	0.601677	-0.414420	0.066503	0.014806	0.038022	0.140958	-0.312591	-0.319258	-0.126398	-0.119731	0.000000	-0.070869	-0.123798	0.531271	-0.213909	-0.360777	0.035933	0.000000	0.014510	-0.006022	0.016030	0.000623	-0.012089	0.001603	0.014298	0.002926	0.020014	-0.006895	-0.000539	0.002221	-0.001817	-0.020028	-0.007990	-0.015664	-0.025305	-0.001727	0.003257	0.000000	0.001296	-0.000509	-0.013374	0.005962	-0.003029	-0.005713	0.000000
-0.684804	1.072318	0.932068	0.019285	0.012904	-0.007970	0.999699	0.055228	0.083247	-0.272338	0.701270	-0.440229	-0.056769	-0.057192	0.088832	-0.216395	0.601563	-0.414238	0.066541	0.014745	0.037627	0.140779	-0.312881	-0.319772	-0.126428	-0.119658	0.000000	-0.070850	-0.123814	0.530964	-0.213792	-0.360853	0.035821	0.000000	0.021070	-0.006701	0.009984	0.002486	-0.012450	0.004732	0.020401	0.008963	0.014430	-0.003557	0.008979	-0.002729	0.000249	-0.018190	-0.008517	-0.015362	-0.025161	-0.001749	0.004354	0.000000	0.002524	-0.000305	-0.013149	0.006380	-0.002692	-0.004380	0.000000
-0.684863	1.072426	0.932070	0.019209	0.012977	-0.008180	0.999698	0.055731	0.083055	-0.272132	0.701324	-0.440554	-0.056667	-0.056702	0.089043	-0.216079	0.601534	-0.414061	0.066394	0.014816	0.037294	0.140617	-0.313206	-0.320264	-0.126468	-0.119557	0.000000	-0.070768	-0.123810	0.530746	-0.213654	-0.360885	0.035758	0.000000	0.019333	-0.006129	0.006866	0.002007	-0.009105	-0.003619	0.019617	-0.003069	0.013527	-0.003454	0.000150	-0.002561	0.001670	-0.013217	-0.009504	-0.015958	-0.022101	-0.000978	0.003929	0.000000	0.005745	-0.000453	-0.005676	0.007906	0.001314	-0.002543	0.000000
-0.684926	1.072469	0.932059	0.019201	0.012971	-0.008248	0.999698	0.056001	0.083002	-0.272063	0.701351	-0.440593	-0.056914	-0.056407	0.088710	-0.215854	0.601425	-0.414232	0.066438	0.014811	0.037098	0.140399	-0.313519	-0.320656	-0.126467	-0.119500	0.000000	-0.070620	-0.123832	0.530737	-0.213475	-0.360801	0.035720	0.000000	0.013852	-0.005371	0.001047	0.001043	-0.001927	-0.007594	0.013934	-0.008028	0.007126	-0.003511	-0.000243	-0.000054	-0.000381	-0.007251	-0.012872	-0.015353	-0.018510	0.000841	0.001193	0.000000	0.007758	-0.002038	0.002152	0.009445	0.005855	-0.001828	0.000000
-0.684969	1.072531	0.932069	0.019119	0.012981	-0.008336	0.999698	0.056285	0.082840	-0.272090	0.701366	-0.440631	-0.056970	-0.056145	0.088722	-0.215794	0.601394	-0.414071	0.066391	0.014800	0.037004	0.140102	-0.313820	-0.321005	-0.126434	-0.119509	0.000000	-0.070458	-0.123891	0.530832	-0.213276	-0.360650	0.035685	0.000000	0.014757	-0.004006	-0.004700	0.001965	-0.007156	0.005043	0.014579	-0.000406	-0.001100	-0.002103	0.007585	-0.002069	0.001796	-0.002228	-0.015640	-0.013458	-0.015249	0.002943	-0.001818	0.000000	0.006901	-0.003791	0.004134	0.010169	0.007357	-0.002457	0.000000
-0.684942	1.072612	0.932067	0.019059	0.012929	-0.008482	0.999699	0.056592	0.082841	-0.272251	0.701429	-0.440880	-0.056712	-0.055824	0.088693	-0.215898	0.601341	-0.413928	0.066355	0.014883	0.037009	0.139773	-0.314057	-0.321266	-0.126349	-0.119573	0.000000	-0.070344	-0.123984	0.530903	-0.213069	-0.360506	0.035621	0.000000	0.016088	0.000424	-0.004491	0.000931	-0.007392	-0.002097	0.016318	-0.001528	-0.003166	-0.000818	0.004886	-0.000267	0.004954	0.002808	-0.019085	-0.004571	-0.010343	0.008141	-0.005392	0.000000	0.005019	-0.005972	0.002056	0.011008	0.007468	-0.004417	0.000000
-0.685007	1.072656	0.932063	0.019070	0.012904	-0.008557	0.999698	0.056929	0.082857	-0.272270	0.701403	-0.440926	-0.057054	-0.055492	0.088661	-0.215920	0.601361	-0.413876	0.066381	0.014999	0.037116	0.139339	-0.314003	-0.321418	-0.126109	-0.119725	0.000000	-0.070257	-0.124130	0.530914	-0.212836	-0.360352	0.035508	0.000000	0.011753	0.003312	-0.000111	-0.001106	-0.006461	-0.010082	0.011379	-0.000080	-0.003286	-0.000186	-0.001075	0.002396	0.004848	0.007903	-0.022694	0.009111	-0.005192	0.014468	-0.008498	0.000000	0.002264	-0.007277	-0.001377	0.010219	0.007334	-0.005929	0.000000
-0.685041	1.072667	0.932024	0.019117	0.012823	-0.008673	0.999697	0.057062	0.082974	-0.272256	0.701385	-0.441138	-0.057115	-0.055369	0.088690	-0.216030	0.601333	-0.413971	0.066451	0.015077	0.037325	0.138866	-0.313693	-0.321474	-0.125770	-0.119913	0.000000	-0.070254	-0.124275	0.530847	-0.212660	-0.360213	0.035384	0.000000	0.008489	0.003276	-0.001164	-0.000711	-0.010245	-0.000985	0.007973	0.003858	-0.004333	-0.001130	-0.002596	0.000061	0.004598	0.013594	-0.025326	0.020546	0.000184	0.019205	-0.011675	0.000000	-0.000711	-0.006671	-0.007544	0.008103	0.004759	-0.006662	0.000000
-0.685042	1.072721	0.932007	0.019097	0.012798	-0.008736	0.999698	0.057268	0.082988	-0.272316	0.701375	-0.441336	-0.057094	-0.055173	0.088815	-0.216094	0.601316	-0.413979	0.066383	0.015182	0.037660	0.138326	-0.313181	-0.321411	-0.125340	-0.120192	0.000000	-0.070285	-0.124397	0.530612	-0.212511	-0.360161	0.035241	0.000000	0.008470	0.000428	-0.001795	-0.000039	-0.008295	-0.004157	0.007750	0.006847	-0.003420	0.000222	0.000162	0.000171	0.001965	0.018815	-0.027508	0.032214	0.005338	0.024620	-0.014288	0.000000	-0.001658	-0.005367	-0.012597	0.006667	0.001685	-0.006384	0.000000
-0.685094	1.072731	0.931999	0.019154	0.012757	-0.008766	0.999697	0.057401	0.082991	-0.272328	0.701384	-0.441470	-0.057282	-0.055059	0.088964	-0.216166	0.601342	-0.413965	0.066458	0.015156	0.038078	0.137765	-0.312404	-0.321260	-0.124785	-0.120485	0.000000	-0.070320	-0.124489	0.530344	-0.212393	-0.360146	0.035129	0.000000	0.007663	0.000167	-0.005078	0.002119	-0.005800	0.002302	0.007542	0.001676	-0.003872	-0.000648	0.001693	0.003830	0.000414	0.023397	-0.027138	0.041082	0.009909	0.029900	-0.014902	0.000000	-0.001203	-0.003366	-0.015488	0.005310	-0.000834	-0.004899	0.000000
-0.685069	1.072797	0.932008	0.019116	0.012717	-0.008844	0.999697	0.057575	0.082995	-0.272519	0.701460	-0.441568	-0.057002	-0.054871	0.088882	-0.216248	0.601290	-0.413912	0.066536	0.015199	0.038596	0.137240	-0.311538	-0.321015	-0.124144	-0.120788	0.000000	-0.070333	-0.124532	0.529993	-0.212299	-0.360195	0.035045	0.000000	0.006912	-0.003046	-0.011033	0.003633	-0.001495	0.007035	0.006749	-0.002160	-0.007036	-0.001073	0.004550	0.004085	0.002138	0.026423	-0.024936	0.045974	0.013438	0.033315	-0.014208	0.000000	-0.000596	-0.001614	-0.016662	0.004109	-0.002097	-0.003913	0.000000
-0.685074	1.072830	0.932013	0.019133	0.012660	-0.008867	0.999698	0.057677	0.082869	-0.272769	0.701529	-0.441530	-0.057000	-0.054789	0.088878	-0.216448	0.601299	-0.413783	0.066621	0.015241	0.039135	0.136768	-0.310565	-0.320722	-0.123453	-0.121053	0.000000	-0.070344	-0.124554	0.529677	-0.212229	-0.360229	0.034972	0.000000	0.005069	-0.006658	-0.014768	0.002503	-0.002209	0.000865	0.004662	-0.000735	-0.012496	-0.000048	0.004793	0.003253	0.000892	0.027480	-0.022548	0.049763	0.015099	0.035255	-0.012550	0.000000	-0.000017	-0.000744	-0.012361	0.003511	-0.000037	-0.003196	0.000000
-0.685015	1.072865	0.932003	0.019103	0.012545	-0.008923	0.999699	0.057778	0.082728	-0.273110	0.701560	-0.441657	-0.056967	-0.054685	0.088853	-0.216748	0.601288	-0.413720	0.066667	0.015235	0.039695	0.136338	-0.309547	-0.320411	-0.122734	-0.121290	0.000000	-0.070334	-0.124561	0.529498	-0.212159	-0.360196	0.034918	0.000000	0.002068	-0.004968	-0.013930	0.002512	-0.000818	-0.003491	0.001755	-0.003430	-0.011878	0.000708	0.001314	0.003486	0.000690	0.030070	-0.020640	0.050338	0.017451	0.035430	-0.012051	0.000000	0.002286	-0.001244	-0.005826	0.004571	0.003094	-0.002875	0.000000
-0.685039	1.072844	0.931993	0.019076	0.012490	-0.008925	0.999700	0.057760	0.082670	-0.273326	0.701629	-0.441562	-0.057140	-0.054719	0.088741	-0.216923	0.601328	-0.413730	0.066761	0.015269	0.040338	0.135942	-0.308552	-0.320024	-0.122036	-0.121535	0.000000	-0.070252	-0.124604	0.529444	-0.212046	-0.360106	0.034857	0.000000	0.001319	-0.002889	-0.015957	0.004773	0.004083	-0.000930	0.001407	-0.003930	-0.011777	0.001274	0.003860	0.002993	0.003420	0.032776	-0.019085	0.047980	0.020485	0.034368	-0.013292	0.000000	0.005218	-0.001705	-0.002714	0.005986	0.004172	-0.002666	0.000000
-0.684974	1.072868	0.932014	0.019034	0.012420	-0.008950	0.999702	0.057831	0.082613	-0.273748	0.701751	-0.441493	-0.057004	-0.054629	0.088696	-0.217219	0.601339	-0.413566	0.066786	0.015372	0.041006	0.135575	-0.307628	-0.319591	-0.121360	-0.121822	0.000000	-0.070125	-0.124630	0.529390	-0.211919	-0.360029	0.034811	0.000000	0.003419	-0.005189	-0.021935	0.004780	0.004332	0.002930	0.004092	-0.007614	-0.015842	0.000784	0.007142	0.001867	0.004600	0.032567	-0.017314	0.045595	0.022054	0.033728	-0.015028	0.000000	0.007844	-0.000504	-0.002351	0.006485	0.003643	-0.001595	0.000000
-0.684908	1.072875	0.932014	0.018916	0.012296	-0.008994	0.999705	0.057897	0.082463	-0.274204	0.701821	-0.441389	-0.057023	-0.054555	0.088436	-0.217557	0.601359	-0.413445	0.066836	0.015453	0.041640	0.135250	-0.306728	-0.319142	-0.120686	-0.122136	0.000000	-0.069939	-0.124624	0.529350	-0.211787	-0.359960	0.034794	0.000000	0.002071	-0.009571	-0.022358	0.005732	0.006442	0.000009	0.001669	-0.009484	-0.015990	0.002611	0.005481	0.000127	0.005195	0.030043	-0.015526	0.045646	0.021709	0.033748	-0.016048	0.000000	0.010709	0.000294	0.001472	0.007478	0.004909	-0.000722	0.000000
-0.684877	1.072861	0.932015	0.018801	0.012210	-0.009014	0.999708	0.057913	0.082230	-0.274643	0.701980	-0.441236	-0.057004	-0.054562	0.088316	-0.217859	0.601444	-0.413346	0.066791	0.015579	0.042208	0.134954	-0.305802	-0.318723	-0.120010	-0.122464	0.000000	-0.069697	-0.124618	0.529448	-0.211620	-0.359833	0.034782	0.000000	-0.000101	-0.010977	-0.021636	0.006649	0.002545	0.002600	-0.000100	-0.009981	-0.014887	0.003195	0.002281	-0.000960	0.007953	0.026649	-0.012417	0.043837	0.020145	0.031912	-0.015724	0.000000	0.012357	0.000960	0.007600	0.008342	0.007438	-0.000086	0.000000
-0.684804	1.072866	0.932007	0.018690	0.012100	-0.009024	0.999712	0.057893	0.082024	-0.275069	0.702087	-0.441287	-0.056919	-0.054559	0.088037	-0.218152	0.601487	-0.413353	0.066797	0.015771	0.042706	0.134753	-0.304975	-0.318337	-0.119410	-0.122765	0.000000	-0.069444	-0.124585	0.529654	-0.211453	-0.359662	0.034790	0.000000	0.000031	-0.007627	-0.021262	0.004335	0.003425	-0.002704	-0.000116	-0.010192	-0.015390	0.002685	0.002642	0.003434	0.006459	0.023440	-0.008537	0.043142	0.019052	0.030249	-0.014426	0.000000	0.011858	0.002813	0.007965	0.007559	0.007212	0.001217	0.000000
-0.684739	1.072859	0.932005	0.018620	0.012022	-0.009026	0.999714	0.057915	0.081925	-0.275493	0.702154	-0.441099	-0.057112	-0.054566	0.087909	-0.218475	0.601551	-0.413241	0.066929	0.015838	0.043146	0.134612	-0.304077	-0.317961	-0.118800	-0.123041	0.000000	-0.069223	-0.124505	0.529767	-0.211318	-0.359544	0.034831	0.000000	-0.001531	-0.012181	-0.025153	0.006303	0.001915	-0.002319	-0.001598	-0.019500	-0.015777	0.000466	-0.002065	0.008065	0.005429	0.019642	-0.006250	0.047269	0.017421	0.031773	-0.013493	0.000000	0.009172	0.005997	-0.000328	0.005248	0.002869	0.003297	0.000000
-0.684697	1.072835	0.931955	0.018418	0.011895	-0.009069	0.999719	0.057831	0.081536	-0.276075	0.702339	-0.441211	-0.057012	-0.054623	0.087257	-0.218783	0.601505	-0.413436	0.067120	0.015988	0.043492	0.134503	-0.303084	-0.317640	-0.118139	-0.123305	0.000000	-0.069077	-0.124346	0.529641	-0.211243	-0.359548	0.034922	0.000000	-0.005632	-0.017359	-0.023627	0.008817	0.003125	-0.002262	-0.006498	-0.020566	-0.008195	-0.002831	-0.001971	0.019925	0.004719	0.016619	-0.003918	0.044896	0.014857	0.029409	-0.013058	0.000000	0.006402	0.006905	-0.012071	0.003209	-0.002615	0.003906	0.000000
-0.684636	1.072795	0.931963	0.018211	0.011859	-0.008992	0.999723	0.057689	0.081231	-0.276438	0.702506	-0.440974	-0.057202	-0.054826	0.087086	-0.218802	0.601438	-0.413320	0.067726	0.016026	0.043810	0.134456	-0.302281	-0.317367	-0.117623	-0.123563	0.000000	-0.068967	-0.124229	0.529284	-0.211189	-0.359649	0.034987	0.000000	-0.005973	-0.024001	-0.019781	0.010392	0.008386	-0.000862	-0.009012	-0.020955	0.000973	-0.005095	0.004098	0.028752	-0.001931	0.014342	0.000215	0.036970	0.011237	0.023111	-0.011753	0.000000	0.004622	0.005491	-0.018241	0.001564	-0.004874	0.002768	0.000000
-0.684625	1.072732	0.931960	0.017993	0.011816	-0.008999	0.999728	0.057592	0.080576	-0.276866	0.702754	-0.440875	-0.057046	-0.054984	0.086419	-0.218744	0.601302	-0.413272	0.068270	0.015911	0.044066	0.134512	-0.301605	-0.317190	-0.117215	-0.123775	0.000000	-0.068893	-0.124126	0.528911	-0.211180	-0.359743	0.035033	0.000000	-0.007806	-0.031159	-0.021151	0.011136	0.007442	0.001710	-0.009572	-0.037691	0.004202	-0.007379	0.001814	0.026020	-0.004226	0.011449	0.005674	0.025690	0.006120	0.015547	-0.009591	0.000000	0.004422	0.003834	-0.015624	0.000144	-0.002965	0.001736	0.000000
-0.684564	1.072654	0.931941	0.017550	0.011799	-0.008949	0.999736	0.057377	0.079984	-0.277284	0.702952	-0.440676	-0.057134	-0.055209	0.085578	-0.218634	0.601143	-0.413247	0.068766	0.015857	0.044268	0.134682	-0.301253	-0.317122	-0.117001	-0.123947	0.000000	-0.068790	-0.124076	0.528659	-0.211184	-0.359768	0.035056	0.000000	-0.015480	-0.038275	-0.022663	0.013453	0.013536	0.001397	-0.017131	-0.040813	0.008884	-0.008406	0.005785	0.026644	-0.004475	0.009356	0.011188	0.008512	0.001284	0.005653	-0.007337	0.000000	0.007105	0.001621	-0.010745	0.000098	-0.000433	0.001218	0.000000
-0.684508	1.072507	0.931941	0.017177	0.011801	-0.008879	0.999743	0.056973	0.079045	-0.277773	0.703292	-0.440334	-0.056990	-0.055669	0.084786	-0.218389	0.600965	-0.413041	0.069336	0.015732	0.044440	0.134959	-0.301264	-0.317139	-0.116989	-0.124068	0.000000	-0.068608	-0.124061	0.528481	-0.211177	-0.359760	0.035081	0.000000	-0.023024	-0.051290	-0.029498	0.021461	0.018791	0.012288	-0.024399	-0.056846	0.014483	-0.012809	0.009884	0.035098	-0.005178	0.009112	0.016451	-0.009947	-0.001664	-0.003734	-0.004602	0.000000	0.012485	0.000365	-0.006603	0.000877	0.000825	0.002449	0.000000
-0.684426	1.072317	0.931940	0.016660	0.011812	-0.008803	0.999753	0.056456	0.077933	-0.278464	0.703810	-0.439924	-0.056643	-0.056185	0.083304	-0.218055	0.600630	-0.412852	0.070170	0.015650	0.044633	0.135341	-0.301651	-0.317188	-0.117151	-0.124131	0.000000	-0.068290	-0.124061	0.528395	-0.211149	-0.359735	0.035154	0.000000	-0.024971	-0.067304	-0.043968	0.028372	0.037113	0.013680	-0.026694	-0.072231	0.011687	-0.016855	0.026901	0.044434	-0.004518	0.010824	0.021735	-0.028555	-0.002731	-0.011355	-0.002366	0.000000	0.020261	-0.001257	0.000800	0.002218	0.003061	0.004760	0.000000
-0.684232	1.072106	0.932036	0.015749	0.011806	-0.008677	0.999769	0.055974	0.076353	-0.279532	0.704427	-0.438849	-0.056443	-0.056737	0.081897	-0.217922	0.600291	-0.411965	0.071113	0.015551	0.044873	0.135829	-0.302407	-0.317248	-0.117443	-0.124163	0.000000	-0.067798	-0.124111	0.528513	-0.211088	-0.359638	0.035272	0.000000	-0.027876	-0.079989	-0.061610	0.037192	0.058980	0.018349	-0.031711	-0.081215	0.008497	-0.022395	0.045595	0.059964	0.000130	0.012749	0.027439	-0.051112	-0.004133	-0.019284	-0.001595	0.000000	0.029343	-0.005237	0.015631	0.004428	0.009020	0.006544	0.000000
-0.683963	1.071798	0.932139	0.015093	0.011766	-0.008613	0.999780	0.055341	0.074733	-0.280928	0.705298	-0.437565	-0.055909	-0.057454	0.080056	-0.217715	0.599734	-0.411028	0.072569	0.015656	0.045143	0.136438	-0.303696	-0.317354	-0.117922	-0.124195	0.000000	-0.067117	-0.124271	0.529020	-0.210971	-0.359374	0.035416	0.000000	-0.037652	-0.092991	-0.080419	0.052604	0.074619	0.033068	-0.040075	-0.108209	0.015067	-0.032124	0.055698	0.081468	0.002276	0.013720	0.031552	-0.073906	-0.006370	-0.025409	-0.002184	0.000000	0.039948	-0.011449	0.030535	0.008775	0.014788	0.007980	0.000000
-0.683632	1.071321	0.932298	0.013745	0.011780	-0.008510	0.999800	0.054468	0.072634	-0.282748	0.706532	-0.435864	-0.055120	-0.058340	0.077568	-0.217319	0.599006	-0.409737	0.074372	0.015642	0.045422	0.137091	-0.305363	-0.317503	-0.118459	-0.124250	0.000000	-0.066200	-0.124569	0.529735	-0.210737	-0.359046	0.035591	0.000000	-0.047720	-0.124245	-0.112831	0.073183	0.101869	0.057627	-0.042645	-0.146903	0.013787	-0.035612	0.079633	0.077771	-0.009519	0.015947	0.036395	-0.093675	-0.007380	-0.028890	-0.001293	0.000000	0.050619	-0.015937	0.034472	0.012612	0.014656	0.011628	0.000000
-0.683141	1.070779	0.932543	0.012459	0.011727	-0.008465	0.999818	0.053432	0.069763	-0.285442	0.708225	-0.433490	-0.053603	-0.059159	0.074180	-0.217164	0.598310	-0.407842	0.075680	0.015275	0.045781	0.137894	-0.307443	-0.317649	-0.119078	-0.124246	0.000000	-0.065092	-0.124908	0.530399	-0.210467	-0.358788	0.035881	0.000000	-0.061022	-0.162996	-0.154477	0.104184	0.131325	0.094429	-0.048954	-0.187538	0.009234	-0.031894	0.091555	0.054629	-0.020821	0.020199	0.044620	-0.121255	-0.007997	-0.034419	0.002044	0.000000	0.060721	-0.016554	0.030862	0.013564	0.010312	0.018852	0.000000
-0.682513	1.070041	0.932777	0.009962	0.011695	-0.008340	0.999847	0.052027	0.066114	-0.288927	0.710699	-0.430611	-0.051343	-0.060298	0.070067	-0.216950	0.597731	-0.406075	0.076557	0.014809	0.046230	0.138875	-0.310213	-0.317823	-0.119836	-0.124169	0.000000	-0.063771	-0.125232	0.530969	-0.210194	-0.358634	0.036345	0.000000	-0.074489	-0.208487	-0.196872	0.138961	0.156459	0.125096	-0.060616	-0.226232	0.005357	-0.025451	0.099859	0.038864	-0.029749	0.022712	0.051565	-0.145762	-0.007769	-0.034945	0.007366	0.000000	0.074517	-0.012798	0.025554	0.013141	0.003483	0.031934	0.000000
-0.681764	1.069187	0.933102	0.007339	0.011612	-0.008242	0.999872	0.050453	0.061424	-0.293317	0.713783	-0.427232	-0.048600	-0.061584	0.065130	-0.216949	0.597292	-0.403848	0.077234	0.014085	0.046689	0.139957	-0.313273	-0.317960	-0.120475	-0.123952	0.000000	-0.062111	-0.125420	0.531421	-0.209941	-0.358648	0.037159	0.000000	-0.080654	-0.245872	-0.235437	0.164954	0.176761	0.141867	-0.063988	-0.265295	-0.010595	-0.014447	0.115123	0.019404	-0.033895	0.021331	0.062231	-0.162508	-0.004172	-0.031776	0.018765	0.000000	0.090389	-0.005975	0.023246	0.012230	-0.004311	0.050032	0.000000
-0.680879	1.068246	0.933428	0.004612	0.011481	-0.008158	0.999890	0.048801	0.056279	-0.298345	0.717297	-0.423541	-0.045668	-0.062857	0.059455	-0.217373	0.597153	-0.401470	0.077333	0.013454	0.047083	0.141365	-0.316713	-0.317990	-0.121107	-0.123418	0.000000	-0.060156	-0.125471	0.531899	-0.209705	-0.358806	0.038346	0.000000	-0.080458	-0.264704	-0.264549	0.181170	0.190934	0.148373	-0.060767	-0.288705	-0.035153	0.005764	0.126306	-0.012847	-0.029733	0.018170	0.082688	-0.174412	0.005921	-0.028371	0.037006	0.000000	0.102156	0.001450	0.028266	0.008978	-0.011324	0.067713	0.000000
-0.679890	1.067212	0.933757	0.001776	0.011273	-0.008160	0.999902	0.047234	0.050836	-0.303899	0.721030	-0.419595	-0.042665	-0.064015	0.053582	-0.218355	0.597522	-0.398796	0.076720	0.012895	0.047416	0.143264	-0.320249	-0.317723	-0.121610	-0.122471	0.000000	-0.058025	-0.125362	0.532552	-0.209582	-0.359101	0.039867	0.000000	-0.078829	-0.267357	-0.287243	0.192791	0.201949	0.150513	-0.058017	-0.290169	-0.067311	0.033809	0.142324	-0.044784	-0.028804	0.009839	0.108330	-0.174108	0.016750	-0.020891	0.061423	0.000000	0.105995	0.003924	0.047946	0.002214	-0.011835	0.078911	0.000000
-0.678757	1.066030	0.934125	-0.000962	0.011029	-0.008239	0.999905	0.045648	0.045585	-0.309835	0.725009	-0.415463	-0.039648	-0.065178	0.047848	-0.220066	0.598505	-0.395777	0.075542	0.012301	0.047477	0.145698	-0.323678	-0.317320	-0.121943	-0.120961	0.000000	-0.055916	-0.125314	0.533817	-0.209617	-0.359279	0.041503	0.000000	-0.080660	-0.253317	-0.297069	0.207745	0.200209	0.157022	-0.057453	-0.284957	-0.092119	0.062752	0.145632	-0.069285	-0.029702	-0.003062	0.140741	-0.175196	0.024684	-0.017057	0.093994	0.000000	0.103434	0.005355	0.086252	-0.007698	-0.002342	0.088002	0.000000
-0.677626	1.064720	0.934395	-0.003522	0.010846	-0.008363	0.999900	0.044008	0.040703	-0.315781	0.729340	-0.411586	-0.036384	-0.066313	0.042184	-0.222040	0.600033	-0.392971	0.073949	0.011707	0.047293	0.148894	-0.327257	-0.316736	-0.122293	-0.118712	0.000000	-0.053888	-0.125148	0.536002	-0.209890	-0.359195	0.043387	0.000000	-0.089392	-0.244258	-0.304397	0.221401	0.194536	0.173666	-0.062044	-0.290575	-0.107458	0.093994	0.133463	-0.091627	-0.034064	-0.019785	0.185563	-0.187575	0.035392	-0.023541	0.139766	0.000000	0.096115	0.011184	0.127026	-0.018264	0.009052	0.098005	0.000000
-0.676413	1.063267	0.934614	-0.006293	0.010650	-0.008465	0.999888	0.042072	0.035814	-0.322011	0.733865	-0.407682	-0.032701	-0.067660	0.036225	-0.224364	0.602265	-0.390438	0.071877	0.010939	0.046685	0.153120	-0.331181	-0.315904	-0.122884	-0.115370	0.000000	-0.052071	-0.124866	0.538898	-0.210347	-0.358917	0.045423	0.000000	-0.094195	-0.248274	-0.308268	0.234938	0.185616	0.201469	-0.064363	-0.297022	-0.119840	0.127117	0.127119	-0.099467	-0.046187	-0.043806	0.234954	-0.203594	0.045702	-0.036321	0.195350	0.000000	0.086118	0.019650	0.154027	-0.027187	0.014023	0.106898	0.000000
-0.675265	1.061715	0.934814	-0.009015	0.010528	-0.008681	0.999866	0.040240	0.030772	-0.328112	0.738738	-0.404162	-0.028325	-0.068887	0.030303	-0.226834	0.605117	-0.387886	0.069970	0.009860	0.045541	0.158292	-0.335401	-0.314907	-0.123745	-0.110898	0.000000	-0.050443	-0.124362	0.542163	-0.210978	-0.358634	0.047663	0.000000	-0.097018	-0.237143	-0.295436	0.245991	0.169478	0.218831	-0.067851	-0.284724	-0.131120	0.162327	0.128090	-0.099556	-0.056433	-0.067664	0.279237	-0.235129	0.054706	-0.057718	0.249121	0.000000	0.077321	0.033428	0.167973	-0.035759	0.010663	0.119227	0.000000
-0.674183	1.059969	0.934991	-0.011387	0.010479	-0.008870	0.999841	0.038192	0.026329	-0.333828	0.743704	-0.400902	-0.023948	-0.070374	0.024836	-0.229609	0.608758	-0.385315	0.067894	0.008681	0.043979	0.164290	-0.340586	-0.313716	-0.125193	-0.105406	0.000000	-0.048978	-0.123529	0.545617	-0.211777	-0.358491	0.050192	0.000000	-0.097652	-0.210113	-0.272135	0.250129	0.161149	0.220550	-0.067442	-0.257216	-0.148325	0.212239	0.139096	-0.117683	-0.063324	-0.089949	0.314984	-0.280794	0.062818	-0.085322	0.298169	0.000000	0.064446	0.051182	0.164762	-0.044643	-0.002532	0.132033	0.000000
-0.673185	1.058194	0.935148	-0.013090	0.010569	-0.009090	0.999817	0.036334	0.022368	-0.338997	0.748743	-0.397716	-0.019503	-0.071585	0.020014	-0.232767	0.613607	-0.382322	0.065263	0.007327	0.041943	0.170891	-0.346633	-0.312395	-0.127158	-0.098971	0.000000	-0.047865	-0.122314	0.548754	-0.212763	-0.358735	0.052945	0.000000	-0.097207	-0.179717	-0.250371	0.253877	0.157271	0.226150	-0.060919	-0.228600	-0.183773	0.282578	0.159136	-0.174229	-0.064209	-0.117830	0.339639	-0.327598	0.060683	-0.112019	0.343321	0.000000	0.035698	0.061697	0.149395	-0.055446	-0.017066	0.132368	0.000000
-0.672179	1.056227	0.935302	-0.014681	0.010658	-0.009355	0.999792	0.034303	0.019140	-0.343843	0.753860	-0.394612	-0.014902	-0.072811	0.015692	-0.236960	0.620061	-0.378949	0.060925	0.006113	0.039265	0.177875	-0.353690	-0.311288	-0.129674	-0.091673	0.000000	-0.047550	-0.121061	0.551593	-0.213995	-0.359173	0.055487	0.000000	-0.098406	-0.136424	-0.229903	0.261360	0.153317	0.230657	-0.057972	-0.184493	-0.238607	0.376752	0.173763	-0.231810	-0.060807	-0.147103	0.358997	-0.406809	0.041870	-0.151766	0.384163	0.000000	-0.005915	0.057171	0.144550	-0.063550	-0.018710	0.111895	0.000000
-0.671218	1.054234	0.935434	-0.016318	0.011040	-0.009804	0.999758	0.032398	0.016911	-0.348193	0.759197	-0.391583	-0.010277	-0.073904	0.012635	-0.242311	0.628677	-0.375371	0.055991	0.004895	0.036059	0.185251	-0.362905	-0.310720	-0.133229	-0.083604	0.000000	-0.048102	-0.120028	0.554536	-0.215305	-0.359484	0.057420	0.000000	-0.098752	-0.102446	-0.221600	0.270036	0.148595	0.233360	-0.057366	-0.138090	-0.312112	0.483896	0.191068	-0.249568	-0.066306	-0.174612	0.366990	-0.493123	0.014011	-0.194221	0.417564	0.000000	-0.042911	0.047646	0.155771	-0.062510	-0.008816	0.080515	0.000000
-0.670149	1.052196	0.935500	-0.017049	0.011307	-0.010097	0.999740	0.030353	0.015042	-0.352707	0.764661	-0.388668	-0.005568	-0.075105	0.010169	-0.249444	0.639417	-0.371306	0.050943	0.003461	0.032281	0.192555	-0.373415	-0.310728	-0.137442	-0.074970	0.000000	-0.049267	-0.119155	0.557824	-0.216496	-0.359526	0.058707	0.000000	-0.108172	-0.065587	-0.232287	0.283141	0.131583	0.231644	-0.064990	-0.107078	-0.418000	0.609964	0.200866	-0.281872	-0.077304	-0.193708	0.346021	-0.530139	-0.012788	-0.208209	0.433312	0.000000	-0.072250	0.052021	0.172028	-0.064154	-0.000812	0.060017	0.000000
-0.668950	1.050116	0.935363	-0.017193	0.011650	-0.010406	0.999730	0.028071	0.014287	-0.357485	0.770523	-0.386320	-0.001011	-0.076504	0.008352	-0.259031	0.653075	-0.367337	0.044716	0.001803	0.028311	0.199092	-0.384111	-0.311231	-0.141557	-0.066272	0.000000	-0.050992	-0.117947	0.561417	-0.217871	-0.359516	0.059821	0.000000	-0.119846	-0.023084	-0.256174	0.319459	0.104497	0.229436	-0.078047	-0.059813	-0.532791	0.758904	0.189377	-0.319856	-0.091121	-0.195626	0.298946	-0.525895	-0.031944	-0.189897	0.426779	0.000000	-0.104820	0.078968	0.168930	-0.084722	-0.012493	0.064170	0.000000
-0.667525	1.048011	0.934957	-0.016970	0.011954	-0.010535	0.999729	0.025559	0.014119	-0.362954	0.777439	-0.384488	0.003610	-0.078227	0.007776	-0.270756	0.669773	-0.363731	0.038148	-0.000184	0.024456	0.204513	-0.394451	-0.312006	-0.145038	-0.057899	0.000000	-0.053460	-0.115997	0.564581	-0.219885	-0.360026	0.061274	0.000000	-0.136179	0.006712	-0.296910	0.380808	0.065485	0.240377	-0.099864	-0.005209	-0.623883	0.888121	0.152021	-0.314547	-0.106408	-0.192806	0.241313	-0.505291	-0.044052	-0.151609	0.406144	0.000000	-0.142557	0.112481	0.136222	-0.119824	-0.046744	0.084171	0.000000
-0.665991	1.045880	0.934199	-0.016468	0.012224	-0.010579	0.999734	0.022624	0.014556	-0.369361	0.785755	-0.383700	0.008604	-0.080498	0.008143	-0.283986	0.688600	-0.361256	0.032134	-0.002454	0.020599	0.208744	-0.404322	-0.312994	-0.147622	-0.050026	0.000000	-0.056694	-0.113448	0.566866	-0.222664	-0.361386	0.063188	0.000000	-0.160537	0.028766	-0.353358	0.451352	0.028746	0.254136	-0.131040	0.008317	-0.691102	0.973850	0.106462	-0.269316	-0.113655	-0.211921	0.182778	-0.485739	-0.054750	-0.106319	0.382568	0.000000	-0.186102	0.135846	0.085194	-0.162610	-0.095232	0.104977	0.000000
-0.664174	1.043663	0.933224	-0.015775	0.012617	-0.010371	0.999742	0.019138	0.015269	-0.377088	0.795493	-0.383338	0.013775	-0.083469	0.008109	-0.298400	0.708727	-0.359473	0.027376	-0.004730	0.015979	0.211824	-0.413880	-0.314196	-0.149291	-0.042596	0.000000	-0.060904	-0.110563	0.567989	-0.226389	-0.363835	0.065473	0.000000	-0.185935	0.024729	-0.402161	0.509593	0.021151	0.250565	-0.167155	0.001832	-0.725383	1.019891	0.097386	-0.191193	-0.115702	-0.265240	0.128006	-0.485452	-0.079034	-0.067982	0.358228	0.000000	-0.230341	0.144537	0.021496	-0.209795	-0.152183	0.121680	0.000000
-0.662285	1.041228	0.932135	-0.015511	0.012909	-0.010111	0.999745	0.015186	0.015545	-0.385448	0.806139	-0.382854	0.018627	-0.087184	0.008216	-0.313002	0.729396	-0.357361	0.024486	-0.007082	0.009989	0.213865	-0.423740	-0.316155	-0.150341	-0.035697	0.000000	-0.065908	-0.107666	0.567726	-0.231056	-0.367473	0.068055	0.000000	-0.196425	0.001530	-0.444265	0.543657	0.024533	0.228050	-0.181178	-0.030272	-0.745886	1.033869	0.099681	-0.121723	-0.113671	-0.350201	0.084108	-0.502713	-0.114541	-0.039744	0.334294	0.000000	-0.265325	0.146385	-0.055566	-0.256267	-0.219890	0.140672	0.000000
-0.660110	1.038961	0.930899	-0.015346	0.013255	-0.009618	0.999748	0.011281	0.015331	-0.394859	0.817240	-0.382357	0.022897	-0.090716	0.006898	-0.328235	0.750082	-0.355486	0.022507	-0.009277	0.001971	0.215188	-0.433989	-0.318777	-0.150881	-0.029224	0.000000	-0.071517	-0.104707	0.565766	-0.236640	-0.372631	0.071100	0.000000	-0.201896	-0.004690	-0.469737	0.570585	0.020842	0.207805	-0.184677	-0.053390	-0.755429	1.036392	0.088650	-0.096081	-0.114805	-0.468535	0.068415	-0.560042	-0.147736	-0.042665	0.327145	0.000000	-0.294202	0.145142	-0.157481	-0.295680	-0.306809	0.162601	0.000000
-0.657958	1.036486	0.929593	-0.015257	0.013571	-0.009254	0.999749	0.007111	0.015357	-0.404237	0.828962	-0.382020	0.026939	-0.094571	0.006081	-0.343219	0.770852	-0.353815	0.020643	-0.011674	-0.008752	0.216601	-0.446142	-0.322064	-0.152048	-0.022611	0.000000	-0.077676	-0.101860	0.561426	-0.242883	-0.379746	0.074559	0.000000	-0.202637	-0.010059	-0.458109	0.577395	0.013521	0.187435	-0.193647	-0.038355	-0.740631	1.031740	0.097124	-0.068193	-0.121566	-0.627732	0.087512	-0.678089	-0.186154	-0.100454	0.353402	0.000000	-0.327154	0.132352	-0.283010	-0.324351	-0.407472	0.181341	0.000000
-0.655837	1.034005	0.928317	-0.015186	0.013959	-0.008911	0.999748	0.003175	0.014928	-0.413183	0.840335	-0.381816	0.030395	-0.098462	0.005364	-0.357861	0.791351	-0.351601	0.019779	-0.014140	-0.023138	0.218689	-0.461112	-0.326223	-0.154899	-0.015088	0.000000	-0.084603	-0.099413	0.554445	-0.249614	-0.388929	0.078354	0.000000	-0.190701	-0.010867	-0.494735	0.612590	-0.000729	0.136762	-0.204125	0.001870	-0.829601	1.138327	0.119409	0.021772	-0.121197	-1.129020	0.127288	-1.097181	-0.277010	-0.242432	0.525493	0.000000	-0.502029	0.089928	-0.599186	-0.433766	-0.716443	0.231891	0.000000
-0.653436	1.031458	0.926809	-0.015050	0.014421	-0.008472	0.999747	-0.000517	0.014922	-0.424027	0.853466	-0.382050	0.032409	-0.102736	0.006156	-0.376403	0.816385	-0.349038	0.021514	-0.016522	-0.053913	0.221693	-0.490029	-0.333145	-0.161745	-0.001592	0.000000	-0.097757	-0.098263	0.537459	-0.260234	-0.408403	0.083835	0.000000	-0.147793	-0.054294	-0.554277	0.595403	-0.004461	0.069437	-0.180398	0.001482	-0.919784	1.198591	0.144187	0.166030	-0.147141	-1.951817	0.062533	-1.767790	-0.317294	-0.357861	0.775895	0.000000	-0.816999	-0.074487	-1.085989	-0.586860	-1.253730	0.282385	0.000000
-0.650499	1.029113	0.925223	-0.015711	0.014572	-0.008566	0.999734	-0.002736	0.012756	-0.435354	0.864152	-0.381994	0.033172	-0.105678	0.005423	-0.394652	0.839295	-0.345833	0.026420	-0.020025	-0.101211	0.221190	-0.531824	-0.338915	-0.169214	0.015947	0.000000	-0.117283	-0.102393	0.511006	-0.273088	-0.439079	0.089649	0.000000	-0.120554	-0.008341	-0.438768	0.455880	0.058492	0.012685	-0.160662	0.113383	-0.901849	1.160403	0.270291	0.274215	-0.145828	-2.509465	-0.179092	-2.117740	-0.278422	-0.310404	0.823705	0.000000	-1.077635	-0.324390	-1.385871	-0.661967	-1.607484	0.243434	0.000000
-0.648766	1.026403	0.924627	-0.014797	0.014725	-0.008958	0.999742	-0.005340	0.014589	-0.441577	0.871701	-0.379710	0.032917	-0.109163	0.010691	-0.412477	0.862801	-0.338227	0.032482	-0.022355	-0.154292	0.214529	-0.574739	-0.344282	-0.174161	0.031357	0.000000	-0.140862	-0.111239	0.482024	-0.286713	-0.472703	0.093572	0.000000	-0.161092	0.138730	-0.172818	0.249155	0.081585	-0.013874	-0.200599	0.322662	-0.894545	1.238033	0.378505	0.222074	-0.125653	-2.720516	-0.446738	-2.146152	-0.416781	-0.251258	0.681430	0.000000	-1.286280	-0.556469	-1.434378	-0.770562	-1.649600	0.131759	0.000000
-0.647184	1.023517	0.924089	-0.013121	0.015499	-0.008681	0.999756	-0.009180	0.018306	-0.442267	0.874118	-0.378731	0.032617	-0.113702	0.018330	-0.430434	0.888816	-0.330693	0.035303	-0.025051	-0.210032	0.203321	-0.617670	-0.355586	-0.179264	0.043205	0.000000	-0.168734	-0.124652	0.453631	-0.303911	-0.505063	0.094920	0.000000	-0.167851	0.185309	-0.024324	0.094979	0.026833	-0.014449	-0.184292	0.313179	-1.004928	1.511580	0.365888	0.089873	-0.173429	-2.920987	-0.621650	-2.213111	-0.724804	-0.304571	0.550705	0.000000	-1.541893	-0.774432	-1.503067	-1.003733	-1.616032	-0.006173	0.000000
-0.645319	1.020968	0.923459	-0.011064	0.016821	-0.008679	0.999760	-0.012054	0.022001	-0.442550	0.875500	-0.378637	0.032339	-0.116535	0.023218	-0.452674	0.923264	-0.323591	0.036077	-0.029292	-0.271131	0.189663	-0.663263	-0.373274	-0.186344	0.053385	0.000000	-0.202538	-0.142216	0.421901	-0.326862	-0.537344	0.093325	0.000000	-0.100726	0.173308	-0.030155	0.089282	0.025715	-0.001065	-0.073756	0.240549	-1.236844	2.088305	0.101177	-0.124660	-0.236452	-3.175461	-0.725767	-2.275452	-1.106432	-0.415673	0.456903	0.000000	-1.834734	-0.959099	-1.701438	-1.345459	-1.545629	-0.169234	0.000000
-0.643254	1.019012	0.923071	-0.009189	0.018011	-0.009179	0.999753	-0.013209	0.025238	-0.443473	0.877689	-0.377702	0.032575	-0.116652	0.027952	-0.479908	0.972349	-0.326646	0.030317	-0.034510	-0.337050	0.174290	-0.708688	-0.399844	-0.195891	0.061481	0.000000	-0.242123	-0.163016	0.385573	-0.357729	-0.566888	0.088150	0.000000	-0.107958	0.036077	-0.039134	0.094928	0.102117	0.041543	-0.086733	-0.352307	-1.389912	2.851517	-0.521256	-0.502117	-0.328445	-3.284150	-0.868770	-2.197752	-1.425609	-0.472597	0.313601	0.000000	-1.984063	-1.148092	-1.875481	-1.712953	-1.341337	-0.326790	0.000000
-0.641385	1.016165	0.922976	-0.010845	0.018835	-0.009298	0.999721	-0.016372	0.023444	-0.444116	0.879297	-0.374552	0.034000	-0.120004	0.009126	-0.508270	1.037325	-0.344441	0.015993	-0.042430	-0.402497	0.154912	-0.751173	-0.430298	-0.205248	0.065929	0.000000	-0.281900	-0.188140	0.346882	-0.395380	-0.590998	0.080254	0.000000	-0.113376	-0.019109	0.017401	0.035283	0.112821	0.032009	-0.153944	-1.191708	-1.524891	3.602919	-0.994921	-0.805608	-0.362009	-3.242201	-1.003529	-1.972249	-1.577412	-0.444418	0.158660	0.000000	-2.022535	-1.318492	-1.963227	-2.076251	-1.028600	-0.474992	0.000000
-0.639553	1.014626	0.922916	-0.009440	0.020765	-0.009515	0.999695	-0.017744	0.024474	-0.442777	0.879100	-0.373190	0.033855	-0.122810	-0.019717	-0.540903	1.116465	-0.366443	-0.001908	-0.048990	-0.466738	0.134149	-0.787578	-0.462940	-0.213667	0.067827	0.000000	-0.323025	-0.215755	0.307044	-0.440779	-0.608032	0.069150	0.000000	-0.121417	0.023174	0.061912	-0.058267	0.155620	-0.022537	-0.231637	-1.457116	-1.717061	4.229763	-1.030900	-1.088076	-0.329201	-2.720303	-0.918320	-1.486908	-1.413201	-0.369895	0.076310	0.000000	-1.790047	-1.250047	-1.780740	-1.997627	-0.647728	-0.573800	0.000000
-0.637594	1.012825	0.923455	-0.009436	0.021995	-0.008739	0.999675	-0.021229	0.024371	-0.441639	0.876967	-0.368327	0.033099	-0.129269	-0.049159	-0.576953	1.206515	-0.385677	-0.027530	-0.055598	-0.511310	0.118179	-0.810650	-0.486826	-0.220044	0.068981	0.000000	-0.353502	-0.238142	0.275652	-0.475285	-0.616907	0.057302	0.000000	-0.143624	-0.021681	-0.063357	-0.042564	0.173730	0.013388	-0.284671	-1.270718	-2.041373	4.787329	-0.975780	-1.199949	-0.296564	-2.929437	-1.072068	-1.438112	-1.506288	-0.422500	0.074637	0.000000	-1.883519	-1.563086	-2.237481	-2.410821	-0.462469	-1.003967	0.000000
-0.635569	1.011923	0.923512	-0.009331	0.021986	-0.008195	0.999681	-0.023489	0.023606	-0.445311	0.877398	-0.366240	0.034390	-0.134196	-0.070545	-0.622558	1.307958	-0.405474	-0.049906	-0.060852	-0.583916	0.091266	-0.845102	-0.523192	-0.230567	0.070813	0.000000	-0.398366	-0.278279	0.217545	-0.537212	-0.626531	0.028992	0.000000	-0.107181	0.099974	-0.115852	-0.059500	0.114174	-0.060352	-0.258587	-0.861102	-2.321182	5.168960	-1.020891	-0.862942	-0.229588	-3.765064	-1.440660	-1.602930	-1.889262	-0.497925	0.082880	0.000000	-1.939581	-1.988742	-2.988445	-3.518414	-0.204293	-1.624577	0.000000
-0.634112	1.011107	0.923425	-0.007015	0.021455	-0.007670	0.999716	-0.025516	0.028370	-0.446273	0.874587	-0.363760	0.030685	-0.139613	-0.083603	-0.669800	1.413274	-0.426513	-0.062048	-0.064782	-0.661912	0.060553	-0.874767	-0.562397	-0.239961	0.072297	0.000000	-0.431086	-0.317691	0.156115	-0.616022	-0.625078	-0.007681	0.000000	-0.065077	0.143859	0.082220	-0.178552	0.103040	-0.134140	-0.247658	-0.535027	-2.098888	5.063600	-0.961807	-0.504763	-0.228558	-3.605317	-1.500621	-1.280422	-1.988393	-0.506481	0.092357	0.000000	-1.462869	-1.812807	-2.778034	-3.982252	0.307824	-1.673196	0.000000
-0.633678	1.010648	0.923844	-0.006561	0.022140	-0.007657	0.999704	-0.026092	0.029361	-0.442022	0.870256	-0.362119	0.029025	-0.144103	-0.091947	-0.706514	1.510502	-0.443946	-0.070096	-0.069995	-0.728128	0.031241	-0.896319	-0.602727	-0.250827	0.074507	0.000000	-0.456880	-0.350791	0.106424	-0.696502	-0.614218	-0.037936	0.000000	-0.029075	0.081021	0.242976	-0.251789	0.094294	-0.016169	-0.234164	-0.341488	-1.625623	4.508954	-0.719159	-0.301255	-0.249073	-2.858514	-1.263431	-0.925262	-1.856126	-0.533757	0.058916	0.000000	-1.087926	-1.409256	-2.310801	-3.779973	0.649184	-1.443763	0.000000
-0.633422	1.010035	0.924819	-0.004850	0.023088	-0.007482	0.999694	-0.026679	0.031611	-0.436554	0.864515	-0.359988	0.030038	-0.148979	-0.097262	-0.734825	1.593632	-0.455279	-0.074098	-0.074745	-0.776253	0.010016	-0.911777	-0.636642	-0.261311	0.074653	0.000000	-0.474603	-0.374062	0.063683	-0.767221	-0.599111	-0.065432	0.000000	-0.050413	0.110012	0.184173	-0.220926	0.153252	0.178154	-0.286565	-0.283968	-1.430288	4.036575	-0.562782	-0.199216	-0.220241	-2.555461	-1.168419	-0.866602	-2.037297	-0.630072	0.017169	0.000000	-1.057870	-1.362931	-2.199251	-3.892757	1.007195	-1.440590	0.000000
-0.632956	1.009348	0.925493	-0.003964	0.023312	-0.007202	0.999695	-0.028109	0.033761	-0.434656	0.861419	-0.355989	0.036151	-0.155565	-0.103305	-0.763725	1.671965	-0.466458	-0.078065	-0.078804	-0.830347	-0.015496	-0.930983	-0.684219	-0.276030	0.075194	0.000000	-0.499195	-0.405308	0.018454	-0.852212	-0.573930	-0.095560	0.000000	-0.039988	0.122560	0.128064	-0.218552	0.175902	0.188191	-0.294685	-0.321150	-1.275669	3.542554	-0.528169	-0.249983	-0.172293	-2.642734	-1.186997	-0.996500	-2.614555	-0.727883	-0.006098	0.000000	-1.105393	-1.547156	-2.172511	-4.566008	1.476055	-1.554125	0.000000
-0.632791	1.009277	0.926511	-0.001434	0.023171	-0.007125	0.999705	-0.028278	0.036513	-0.431432	0.855773	-0.352952	0.037566	-0.160767	-0.110108	-0.785852	1.735334	-0.476406	-0.084098	-0.081636	-0.881962	-0.037464	-0.951638	-0.741224	-0.290426	0.074409	0.000000	-0.518818	-0.435948	-0.023218	-0.949861	-0.540069	-0.127597	0.000000	0.026123	0.170230	0.196610	-0.327064	0.157838	-0.000784	-0.234109	-0.270909	-0.875354	2.670374	-0.478990	-0.299048	-0.128635	-2.380700	-0.897099	-1.085125	-2.944346	-0.733826	-0.043563	0.000000	-0.840549	-1.373522	-1.849432	-4.785037	1.778589	-1.433060	0.000000
-0.632986	1.009529	0.927923	0.001141	0.022920	-0.007562	0.999708	-0.027064	0.040570	-0.426791	0.848336	-0.349675	0.036120	-0.164930	-0.114142	-0.798739	1.778780	-0.485617	-0.090027	-0.083950	-0.925575	-0.051380	-0.974388	-0.801993	-0.305383	0.073451	0.000000	-0.532817	-0.460249	-0.055524	-1.043614	-0.502786	-0.152882	0.000000	0.054451	0.197503	0.215367	-0.348423	0.160019	0.011661	-0.195728	-0.136232	-0.451937	1.719594	-0.445201	-0.326170	-0.091926	-2.152614	-0.583121	-1.122841	-3.260313	-0.772717	0.061465	0.000000	-0.711697	-1.113290	-1.609409	-4.736437	1.818590	-1.200500	0.000000
-0.633424	1.009760	0.929300	0.003848	0.022495	-0.007911	0.999708	-0.026100	0.044414	-0.422817	0.841836	-0.346552	0.038032	-0.168596	-0.115558	-0.803929	1.804118	-0.494214	-0.097144	-0.085313	-0.968067	-0.060789	-0.996551	-0.871636	-0.321335	0.076868	0.000000	-0.547286	-0.480480	-0.087594	-1.139319	-0.467325	-0.175617	0.000000	0.064551	0.187195	0.167847	-0.290662	0.140663	0.172632	-0.123837	0.000975	-0.044978	0.741094	-0.421748	-0.208270	-0.052665	-2.018590	-0.365610	-1.036286	-3.660840	-0.783948	0.291996	0.000000	-0.759906	-0.917628	-1.630028	-4.834777	1.656002	-1.120269	0.000000
-0.633901	1.010308	0.930695	0.006659	0.021893	-0.008525	0.999702	-0.024482	0.048058	-0.420077	0.836710	-0.344049	0.043025	-0.169883	-0.114103	-0.800538	1.808424	-0.502487	-0.098357	-0.086056	-1.006318	-0.066004	-1.015840	-0.948427	-0.336741	0.085131	0.000000	-0.563213	-0.496954	-0.120725	-1.237005	-0.436546	-0.197693	0.000000	0.099900	0.165670	0.134111	-0.219595	0.108097	0.322029	0.007483	0.198501	0.453827	-0.345448	-0.420249	0.028502	-0.036952	-1.868534	-0.108191	-0.959256	-4.101181	-0.823449	0.518043	0.000000	-0.762115	-0.786822	-1.635491	-5.034593	1.479551	-1.164227	0.000000
-0.634837	1.011273	0.932190	0.009237	0.021340	-0.009320	0.999686	-0.022104	0.051040	-0.417453	0.833052	-0.342228	0.050913	-0.168297	-0.107618	-0.785776	1.790300	-0.511024	-0.096004	-0.086791	-1.042808	-0.065117	-1.034921	-1.035684	-0.354273	0.097590	0.000000	-0.577771	-0.511952	-0.153014	-1.340702	-0.408143	-0.222186	0.000000	0.134750	0.136839	0.151692	-0.173776	0.067528	0.368152	0.153291	0.466792	1.000525	-1.434562	-0.377019	0.178398	-0.031875	-1.750165	0.212303	-0.921869	-4.344055	-0.985722	0.624425	0.000000	-0.684145	-0.722431	-1.598609	-5.080512	1.323725	-1.334573	0.000000
-0.636332	1.012575	0.933627	0.011445	0.020907	-0.010183	0.999664	-0.019092	0.053532	-0.414010	0.829759	-0.341347	0.057751	-0.163751	-0.095431	-0.760517	1.751042	-0.517568	-0.091221	-0.087331	-1.076325	-0.057512	-1.052715	-1.122189	-0.376169	0.110108	0.000000	-0.590579	-0.525851	-0.184669	-1.440225	-0.383597	-0.251076	0.000000	0.131314	0.085799	0.202139	-0.144906	0.030941	0.315899	0.261695	0.731070	1.565506	-2.516735	-0.249068	0.350722	-0.023682	-1.754287	0.533335	-0.964034	-4.684672	-1.400962	0.579634	0.000000	-0.546899	-0.576311	-1.522582	-5.247891	1.107279	-1.618335	0.000000
-0.638420	1.013659	0.934845	0.012631	0.020801	-0.010699	0.999647	-0.016852	0.054472	-0.409367	0.827256	-0.340990	0.063549	-0.157829	-0.078375	-0.723156	1.689630	-0.520987	-0.081975	-0.087739	-1.112979	-0.043783	-1.073483	-1.223071	-0.410311	0.120775	0.000000	-0.599647	-0.535005	-0.213917	-1.550618	-0.363852	-0.286920	0.000000	0.105484	0.024182	0.261009	-0.085554	-0.009427	0.311923	0.294772	0.762518	2.165283	-3.562859	-0.107159	0.621445	-0.031790	-1.746836	0.625788	-1.075560	-4.750690	-1.761749	0.307198	0.000000	-0.491847	-0.654539	-1.323232	-5.137381	0.989344	-1.554001	0.000000
-0.641018	1.014945	0.935694	0.012992	0.021071	-0.011013	0.999633	-0.014872	0.054499	-0.403569	0.826336	-0.341725	0.070228	-0.151961	-0.064930	-0.673906	1.608527	-0.521854	-0.066364	-0.088603	-1.146198	-0.032480	-1.095737	-1.312217	-0.446639	0.122396	0.000000	-0.610253	-0.552033	-0.237598	-1.645720	-0.344023	-0.313236	0.000000	0.083370	-0.013497	0.352073	-0.029203	-0.112200	0.314195	0.268655	0.559403	2.705735	-4.463351	-0.125746	0.692363	-0.034492	-1.607046	0.614903	-1.063800	-4.748616	-1.879489	0.008100	0.000000	-0.521606	-0.860763	-1.159738	-4.999474	1.022026	-1.300055	0.000000
-0.644138	1.016403	0.935979	0.012719	0.022487	-0.011007	0.999606	-0.013517	0.053932	-0.395284	0.826088	-0.345478	0.076117	-0.147083	-0.055999	-0.614927	1.511096	-0.526017	-0.054281	-0.089118	-1.177261	-0.019187	-1.116035	-1.413015	-0.485491	0.121099	0.000000	-0.620511	-0.569435	-0.260307	-1.750597	-0.322971	-0.338922	0.000000	0.059434	-0.103159	0.426733	-0.014196	-0.207454	0.077468	0.228384	0.255910	3.101389	-5.265594	-0.265105	0.648591	-0.044291	-1.415101	0.570551	-0.912291	-4.841554	-1.665297	-0.061625	0.000000	-0.495763	-0.869164	-1.063283	-4.928470	0.964210	-1.173279	0.000000
-0.647256	1.018220	0.935876	0.010997	0.024203	-0.010538	0.999591	-0.012495	0.050373	-0.386500	0.825769	-0.350023	0.073327	-0.142825	-0.054694	-0.549851	1.397904	-0.532458	-0.040420	-0.090375	-1.202802	-0.009658	-1.132229	-1.505879	-0.513251	0.119931	0.000000	-0.630084	-0.586800	-0.280130	-1.842859	-0.305455	-0.360167	0.000000	0.071489	-0.205719	0.351467	0.040853	-0.221174	-0.081957	0.245975	-0.015612	3.262596	-5.949110	-0.235921	0.653668	-0.049801	-1.297766	0.345204	-0.803360	-4.790899	-1.181603	-0.047719	0.000000	-0.476710	-1.022632	-0.972509	-4.560497	0.915137	-0.920547	0.000000
-0.650045	1.020385	0.935534	0.008404	0.025333	-0.010313	0.999591	-0.010657	0.045704	-0.381225	0.827722	-0.354325	0.072839	-0.137244	-0.056623	-0.484423	1.273132	-0.535453	-0.028134	-0.091110	-1.229172	-0.005379	-1.148169	-1.604651	-0.532755	0.119190	0.000000	-0.639579	-0.610341	-0.299207	-1.933017	-0.286365	-0.375744	0.000000	0.081100	-0.227028	0.186937	0.101477	-0.162918	-0.086213	0.282680	-0.144985	3.200585	-6.479692	-0.034699	0.681248	-0.126676	-1.270756	0.311315	-0.681958	-4.826283	-0.763047	-0.128844	0.000000	-0.543296	-1.201840	-0.953216	-4.406076	0.956056	-0.677261	0.000000
-0.652502	1.023090	0.935119	0.005740	0.025505	-0.009483	0.999613	-0.009251	0.041292	-0.379022	0.829828	-0.356539	0.069878	-0.131518	-0.060493	-0.421827	1.138716	-0.533846	-0.013170	-0.095442	-1.253633	0.002794	-1.159507	-1.698930	-0.543773	0.114777	0.000000	-0.651815	-0.634873	-0.318258	-2.019102	-0.267213	-0.387257	0.000000	0.025436	-0.260673	0.034824	0.144626	-0.061379	-0.142785	0.257113	-0.198088	3.003881	-6.800532	0.158237	0.882996	-0.381884	-1.122114	0.622754	-0.429487	-4.421339	-0.330861	-0.377446	0.000000	-0.722839	-1.052421	-0.823142	-4.155403	0.799879	-0.528679	0.000000
-0.654896	1.025941	0.934628	0.002791	0.024963	-0.007692	0.999655	-0.009640	0.035277	-0.379832	0.833507	-0.356780	0.067128	-0.126959	-0.064547	-0.364268	1.001111	-0.529124	0.007186	-0.106386	-1.274056	0.019531	-1.165349	-1.781505	-0.545989	0.104092	0.000000	-0.668493	-0.652438	-0.332133	-2.099233	-0.254370	-0.396891	0.000000	-0.040456	-0.265863	-0.068030	0.212841	-0.034409	-0.154263	0.221624	-0.151752	2.620899	-6.634749	0.482737	1.001465	-0.551825	-0.990281	0.958151	-0.153574	-3.785765	0.075983	-0.642211	0.000000	-0.886539	-0.815602	-0.573487	-3.770792	0.537804	-0.412001	0.000000
-0.657124	1.028786	0.933742	0.000231	0.024303	-0.005511	0.999690	-0.010869	0.030657	-0.381744	0.838341	-0.357916	0.063708	-0.122653	-0.066563	-0.316991	0.873326	-0.514537	0.026889	-0.117515	-1.293244	0.041120	-1.165650	-1.850361	-0.540734	0.089089	0.000000	-0.687277	-0.667497	-0.341198	-2.169934	-0.245701	-0.403737	0.000000	-0.057506	-0.189827	-0.137940	0.318317	-0.074758	-0.143467	0.202936	-0.027871	1.896039	-5.640984	1.754904	1.166549	-0.454296	-0.947940	0.891427	0.052887	-2.791011	0.224349	-0.663308	0.000000	-0.949815	-0.701006	-0.418532	-2.945691	0.368177	-0.255843	0.000000
-0.659087	1.031723	0.932308	-0.001583	0.023924	-0.003341	0.999707	-0.011940	0.027684	-0.385350	0.846240	-0.359770	0.061389	-0.118842	-0.065662	-0.288426	0.775471	-0.458928	0.053848	-0.124558	-1.311974	0.055188	-1.163233	-1.893145	-0.537015	0.077560	0.000000	-0.706486	-0.680478	-0.348874	-2.217061	-0.239643	-0.407124	0.000000	0.068797	-0.140335	-0.101411	0.306726	0.052184	-0.089781	0.259037	0.432563	1.178653	-3.555219	3.846679	0.370891	-0.230566	-0.994298	0.610384	0.152603	-1.937506	0.124231	-0.549156	0.000000	-1.044579	-0.670570	-0.479973	-2.178270	0.311325	-0.173382	0.000000
-0.660905	1.035169	0.932610	-0.002883	0.024251	-0.002752	0.999698	-0.008117	0.025044	-0.385800	0.850610	-0.355828	0.060116	-0.112292	-0.049261	-0.269845	0.731117	-0.360670	0.041724	-0.126737	-1.333016	0.065536	-1.159546	-1.927861	-0.535765	0.067122	0.000000	-0.729060	-0.694320	-0.360397	-2.257065	-0.233248	-0.410673	0.000000	0.247926	-0.093101	0.044948	0.239669	0.097860	-0.063687	0.251236	0.170610	0.941375	-1.463872	1.898374	0.087897	0.004473	-0.886345	0.486661	0.244057	-1.324850	0.006968	-0.484584	0.000000	-0.962147	-0.591460	-0.619164	-1.613665	0.308418	-0.222965	0.000000
-0.662582	1.039002	0.932947	-0.003631	0.025285	-0.003740	0.999667	-0.002023	0.023960	-0.383552	0.855826	-0.355856	0.058841	-0.108792	-0.058837	-0.250771	0.716916	-0.382993	0.057363	-0.124379	-1.347428	0.074655	-1.153471	-1.946139	-0.536737	0.058177	0.000000	-0.744972	-0.704136	-0.373640	-2.281607	-0.227307	-0.416043	0.000000	0.320084	0.078072	0.049314	0.286676	0.092599	-0.017402	0.274867	-0.070536	0.591341	-0.444147	-0.440656	0.303939	0.188264	-0.550434	0.413943	0.336450	-0.671706	-0.043476	-0.458845	0.000000	-0.733693	-0.419572	-0.763825	-0.993049	0.302110	-0.338647	0.000000
-0.663438	1.042391	0.933569	-0.002025	0.026484	-0.005055	0.999635	0.004686	0.028167	-0.383828	0.862077	-0.352124	0.059420	-0.101297	-0.052082	-0.246191	0.713351	-0.378296	0.053882	-0.119207	-1.355033	0.082093	-1.146088	-1.954729	-0.537504	0.048769	0.000000	-0.758408	-0.711103	-0.390950	-2.296787	-0.221163	-0.424219	0.000000	0.354333	0.304182	-0.043970	0.280108	0.243955	0.004415	0.373895	0.330776	0.171628	-0.208163	0.209372	-0.203961	0.290767	-0.098729	0.303841	0.359789	-0.246435	0.085214	-0.513043	0.000000	-0.537455	-0.161222	-0.860798	-0.542921	0.232083	-0.496519	0.000000
-0.663719	1.045588	0.934492	0.000905	0.026943	-0.006711	0.999614	0.012150	0.036127	-0.385311	0.867031	-0.346098	0.059018	-0.093837	-0.045606	-0.243906	0.708590	-0.374618	0.049205	-0.112748	-1.351377	0.086808	-1.139079	-1.955997	-0.533328	0.037655	0.000000	-0.766470	-0.710585	-0.408072	-2.303324	-0.218023	-0.435904	0.000000	0.367471	0.361313	-0.078218	0.243202	0.253199	0.019989	0.364152	0.303024	0.174548	-0.312467	0.139945	-0.084827	0.285201	0.444165	0.147172	0.345355	0.137389	0.319679	-0.529753	0.000000	-0.259675	0.290234	-0.720999	-0.114918	-0.003841	-0.618346	0.000000
-0.663829	1.048738	0.935132	0.003104	0.027405	-0.008323	0.999585	0.019385	0.042619	-0.386956	0.871805	-0.341996	0.060220	-0.086731	-0.039961	-0.239210	0.700853	-0.372698	0.050489	-0.107799	-1.337267	0.087980	-1.132274	-1.949234	-0.524716	0.027578	0.000000	-0.768795	-0.699494	-0.419790	-2.301383	-0.221317	-0.448952	0.000000	0.369238	0.266414	-0.047748	0.201023	0.148792	0.004235	0.358059	0.226184	0.278108	-0.410429	0.050188	0.109290	0.211781	0.922099	0.032603	0.419080	0.604549	0.489943	-0.505277	0.000000	-0.000522	0.862828	-0.470813	0.288802	-0.339238	-0.687458	0.000000
-0.663838	1.052097	0.935446	0.003902	0.027747	-0.009219	0.999565	0.026920	0.046784	-0.387221	0.875072	-0.340146	0.059187	-0.079514	-0.036559	-0.232782	0.692173	-0.372611	0.053577	-0.104277	-1.314493	0.088113	-1.122316	-1.931815	-0.513730	0.017444	0.000000	-0.766491	-0.676072	-0.426905	-2.291772	-0.231593	-0.463402	0.000000	0.379137	0.104673	0.001842	0.157516	0.049704	-0.074657	0.364918	0.052919	0.369140	-0.431664	-0.049670	0.056654	0.129587	1.255867	-0.044231	0.604963	1.157531	0.516139	-0.475625	0.000000	0.276592	1.376449	-0.251417	0.752175	-0.591431	-0.672916	0.000000
-0.664065	1.055666	0.935512	0.003161	0.028804	-0.011415	0.999515	0.034550	0.046806	-0.386883	0.878106	-0.340008	0.057234	-0.072134	-0.037845	-0.224444	0.683586	-0.374685	0.052755	-0.102615	-1.287032	0.086211	-1.108075	-1.902932	-0.504071	0.008553	0.000000	-0.757731	-0.644436	-0.429846	-2.271297	-0.244974	-0.475869	0.000000	0.407572	-0.055216	-0.003991	0.191413	0.006346	-0.116263	0.396334	-0.135009	0.437835	-0.418869	-0.139946	-0.093741	0.068869	1.556027	-0.204521	0.715771	1.735675	0.454614	-0.487897	0.000000	0.541651	1.820634	-0.064056	1.355588	-0.703750	-0.565771	0.000000
-0.664200	1.059773	0.935372	0.001129	0.029868	-0.013115	0.999467	0.043222	0.044575	-0.387381	0.882728	-0.339892	0.054537	-0.063661	-0.041959	-0.215268	0.675418	-0.378208	0.049827	-0.101522	-1.252252	0.079932	-1.093685	-1.862388	-0.495546	-0.002072	0.000000	-0.744825	-0.603247	-0.429467	-2.237548	-0.259743	-0.486033	0.000000	0.440122	-0.087200	-0.053911	0.310586	0.026175	-0.132975	0.428144	-0.182825	0.454342	-0.371759	-0.193805	-0.159624	0.077624	2.017453	-0.367304	0.877577	2.318695	0.467496	-0.489886	0.000000	0.643809	2.174742	0.202572	1.870751	-0.765423	-0.394063	0.000000
-0.664246	1.063990	0.935027	-0.000610	0.031338	-0.014869	0.999398	0.052155	0.043318	-0.389039	0.890530	-0.338961	0.051915	-0.055008	-0.045157	-0.206270	0.668716	-0.382437	0.046370	-0.099510	-1.206334	0.071519	-1.072972	-1.810184	-0.485371	-0.011042	0.000000	-0.731979	-0.557446	-0.421744	-2.196466	-0.275591	-0.491632	0.000000	0.459034	0.001326	-0.154752	0.508967	0.086421	-0.112860	0.445019	-0.095284	0.394721	-0.279902	-0.215643	-0.185321	0.165425	2.668762	-0.590096	1.425380	3.023037	0.648636	-0.196570	0.000000	0.597994	2.491647	0.629595	2.367115	-0.905295	-0.140101	0.000000
-0.663725	1.068296	0.934385	-0.000692	0.033069	-0.016730	0.999313	0.061584	0.044628	-0.393571	0.903087	-0.336435	0.050022	-0.045860	-0.045771	-0.199479	0.664222	-0.386834	0.042414	-0.094905	-1.145501	0.056328	-1.036670	-1.741466	-0.469600	-0.009935	0.000000	-0.720905	-0.503581	-0.404283	-2.142864	-0.295954	-0.491637	0.000000	0.608600	0.065222	-0.318615	0.810139	0.094061	-0.064871	0.587524	-0.021455	0.330904	-0.189668	-0.170842	-0.169759	0.835955	2.928376	-1.163774	1.639631	3.185362	0.923728	0.191378	0.000000	0.797197	2.104212	0.603344	2.776074	-0.691549	0.028466	0.000000
-0.662389	1.071705	0.933270	-0.000465	0.035546	-0.021596	0.999135	0.076499	0.045927	-0.401784	0.922935	-0.335199	0.049320	-0.031507	-0.046016	-0.193034	0.661129	-0.389271	0.039579	-0.066072	-1.089199	0.024968	-1.007387	-1.682770	-0.448422	-0.003387	0.000000	-0.700091	-0.473277	-0.397610	-2.085423	-0.303253	-0.490493	0.000000	0.681673	0.148388	-0.411049	1.020659	0.151391	-0.119089	0.645746	0.113272	0.246073	-0.065722	-0.135852	-0.146542	1.065276	2.981654	-1.399944	2.018955	3.975570	0.943181	0.544058	0.000000	1.052761	1.770786	0.586459	3.394198	-0.419963	0.179245	0.000000
-0.660873	1.076338	0.932198	0.002062	0.038120	-0.024372	0.998974	0.088851	0.050563	-0.410013	0.943913	-0.330380	0.045259	-0.020030	-0.041240	-0.189636	0.661593	-0.392268	0.036552	-0.052294	-1.026235	0.000330	-0.955912	-1.582443	-0.431873	0.011828	0.000000	-0.678794	-0.432749	-0.380825	-2.007096	-0.312753	-0.484467	0.000000	0.518103	0.158191	-0.512439	1.092060	0.350448	-0.165935	0.472905	0.235369	0.086936	0.067885	-0.115873	-0.130560	0.581080	2.837205	-1.119295	2.635527	4.982906	0.684736	0.786820	0.000000	0.971791	1.959654	1.245116	4.188943	-0.302295	0.456151	0.000000
-0.658613	1.080463	0.931302	0.004574	0.040261	-0.025522	0.998853	0.097223	0.052255	-0.422281	0.966617	-0.321181	0.042682	-0.012591	-0.036601	-0.189557	0.663844	-0.393906	0.034357	-0.042829	-0.975711	-0.019804	-0.901966	-1.483454	-0.421033	0.028086	0.000000	-0.661219	-0.394891	-0.347805	-1.917866	-0.315345	-0.472247	0.000000	0.395178	0.086264	-0.758058	1.327446	0.617517	-0.161297	0.342946	0.235062	-0.041542	0.172529	-0.061509	-0.115093	0.472731	2.386549	-0.798630	2.837728	4.772913	0.482120	0.845592	0.000000	0.838120	1.800218	1.995154	4.786238	0.073078	0.717902	0.000000
-0.655821	1.084545	0.930412	0.007523	0.042618	-0.026090	0.998722	0.104658	0.054014	-0.440335	0.997011	-0.305679	0.038807	-0.006312	-0.031837	-0.191298	0.668494	-0.394729	0.031949	-0.033385	-0.930773	-0.031615	-0.842403	-1.391527	-0.412588	0.045651	0.000000	-0.645270	-0.360740	-0.301019	-1.815646	-0.309830	-0.455751	0.000000	0.367716	0.029467	-1.136041	1.806220	1.053675	-0.298454	0.304532	0.217669	-0.127386	0.302520	-0.025165	-0.127911	0.461616	1.920578	-0.187383	3.203243	4.630512	0.140230	1.397917	0.000000	0.655681	1.642659	2.791993	5.478292	0.347533	1.090864	0.000000
-0.652424	1.088492	0.929497	0.009621	0.044936	-0.026849	0.998583	0.111932	0.053433	-0.467723	1.038866	-0.279034	0.030744	-0.000410	-0.027894	-0.194652	0.675945	-0.394912	0.029241	-0.024364	-0.898887	-0.027299	-0.773836	-1.298233	-0.415423	0.084003	0.000000	-0.634992	-0.329185	-0.236125	-1.698734	-0.301444	-0.428612	0.000000	0.277459	-0.094329	-1.515818	2.115281	1.545822	-0.300000	0.210449	0.154350	-0.183125	0.293280	0.057762	-0.093218	0.468589	1.562262	0.279827	3.198220	4.407218	-0.138894	1.754359	0.000000	0.464121	1.590111	3.548998	5.595934	0.228804	1.544827	0.000000
-0.648826	1.092276	0.929243	0.011511	0.046987	-0.025583	0.998502	0.115756	0.050241	-0.500968	1.081622	-0.243846	0.026807	0.002106	-0.025663	-0.198623	0.680225	-0.392418	0.028220	-0.014641	-0.868283	-0.020422	-0.714474	-1.215238	-0.418144	0.115826	0.000000	-0.626705	-0.297136	-0.159059	-1.591809	-0.300678	-0.393958	0.000000	0.207888	-0.213363	-1.870323	2.357030	2.063448	-0.252662	0.133955	0.095998	-0.215974	0.238015	0.149535	-0.047093	0.471789	1.453871	0.430845	2.794030	3.626591	-0.021449	1.399314	0.000000	0.465283	1.326116	3.989413	4.797748	0.052839	1.710042	0.000000
-0.645029	1.096241	0.929117	0.012591	0.048561	-0.024836	0.998432	0.120248	0.044899	-0.542536	1.133147	-0.196496	0.020638	0.004948	-0.024054	-0.203291	0.685466	-0.388931	0.027357	-0.005493	-0.840733	-0.010065	-0.662075	-1.153170	-0.416281	0.139975	0.000000	-0.616381	-0.276140	-0.076549	-1.506824	-0.299330	-0.360211	0.000000	0.202373	-0.371777	-2.196175	2.573860	2.485022	-0.345652	0.130157	0.048036	-0.251022	0.256813	0.168748	-0.090719	0.441455	1.220633	0.632923	2.355897	2.435937	0.175322	1.167237	0.000000	0.616887	0.670943	4.089786	3.552785	0.279675	1.577833	0.000000
-0.641375	1.100024	0.929126	0.012886	0.049828	-0.023897	0.998389	0.123851	0.035370	-0.588815	1.184577	-0.144445	0.012981	0.007312	-0.023742	-0.208664	0.690498	-0.385668	0.024591	0.003017	-0.819458	0.004895	-0.620238	-1.117800	-0.411131	0.162515	0.000000	-0.602029	-0.270298	0.004532	-1.449697	-0.289491	-0.330845	0.000000	0.123126	-0.628735	-2.447198	2.640662	2.418534	-0.305013	0.096077	-0.039682	-0.298484	0.239901	0.161243	-0.185674	0.420842	0.904185	0.866050	1.975879	1.395911	0.258081	1.234327	0.000000	0.626767	0.088819	4.206203	2.536047	0.731053	1.539638	0.000000
-0.637796	1.103810	0.929230	0.011058	0.050214	-0.022092	0.998433	0.125173	0.019749	-0.640424	1.238774	-0.099755	0.008437	0.008791	-0.025642	-0.215230	0.695062	-0.382481	0.019930	0.011341	-0.804565	0.024577	-0.583040	-1.097333	-0.405958	0.189348	0.000000	-0.591310	-0.272587	0.091699	-1.405382	-0.270088	-0.298625	0.000000	-0.009115	-1.167885	-2.622393	2.832994	2.015216	0.133468	0.029509	-0.145087	-0.332590	0.180204	0.133480	-0.192513	0.449595	0.564684	1.028763	1.759955	0.676838	0.241629	1.417340	0.000000	0.329410	-0.148259	4.296340	1.844788	1.077363	1.626915	0.000000
-0.634320	1.107386	0.929482	0.008782	0.049919	-0.019989	0.998515	0.123487	-0.011346	-0.693710	1.297896	-0.063837	0.018320	0.008492	-0.029545	-0.221968	0.697706	-0.380329	0.016891	0.021001	-0.796870	0.046045	-0.549840	-1.090727	-0.401466	0.219209	0.000000	-0.588853	-0.276229	0.176386	-1.375906	-0.246396	-0.265768	0.000000	-0.114157	-1.631068	-2.709097	3.186643	1.130481	0.687239	-0.032251	-0.181822	-0.355612	0.123887	0.116636	-0.133841	0.503690	0.299866	1.076684	1.723284	0.097314	0.261190	1.584903	0.000000	-0.064921	0.017665	4.270311	1.212180	1.123154	1.685161	0.000000
-0.631062	1.110795	0.929822	0.007183	0.049194	-0.017580	0.998609	0.120606	-0.045493	-0.748788	1.366240	-0.054535	0.035927	0.007501	-0.032914	-0.229455	0.700017	-0.377816	0.014576	0.031489	-0.792571	0.067644	-0.514108	-1.093441	-0.395510	0.252744	0.000000	-0.593907	-0.271881	0.262512	-1.356895	-0.225162	-0.231219	0.000000	-0.087501	-1.278573	-2.899847	3.686404	-0.234836	0.495116	-0.010130	-0.141971	-0.587267	0.226538	0.142512	-0.139387	0.502589	0.152680	1.234368	2.147803	-0.409299	0.375456	1.999447	0.000000	-0.539736	0.604454	4.611635	0.745580	0.915020	1.784082	0.000000
-0.627486	1.114038	0.929761	0.005968	0.046524	-0.015859	0.998774	0.119987	-0.062489	-0.809704	1.445353	-0.073230	0.038124	0.008087	-0.035224	-0.245458	0.706768	-0.374628	0.011315	0.041104	-0.790763	0.095420	-0.463928	-1.107099	-0.386448	0.299187	0.000000	-0.610442	-0.252051	0.360851	-1.346083	-0.209795	-0.194405	0.000000	0.055768	-0.478628	-3.210969	3.956348	-1.053228	-0.355715	0.100106	-0.123237	-1.158862	0.454308	0.266527	-0.215027	0.447883	-0.047483	1.289397	2.781504	-1.036084	0.606750	2.583525	0.000000	-1.163873	1.165646	4.679101	0.354630	0.552081	1.568288	0.000000
-0.623209	1.117347	0.929723	0.004564	0.039890	-0.015281	0.999077	0.122837	-0.064639	-0.877226	1.524494	-0.096665	0.021698	0.011506	-0.037844	-0.275809	0.718190	-0.367155	0.005975	0.049404	-0.794470	0.119220	-0.402848	-1.134884	-0.371240	0.356085	0.000000	-0.640462	-0.225255	0.449676	-1.342710	-0.203079	-0.168487	0.000000	0.090357	0.217854	-2.768876	3.633413	-1.187648	-0.501237	0.128244	-0.164437	-1.057978	0.242193	0.387857	-0.109858	0.422937	-0.142713	0.938269	2.457752	-1.128528	0.613882	2.218544	0.000000	-1.269519	0.979413	3.463519	0.072706	0.304104	0.946347	0.000000
-0.620595	1.120111	0.931026	0.002260	0.036225	-0.014470	0.999236	0.123601	-0.053774	-0.920459	1.590689	-0.120736	0.018075	0.013217	-0.041802	-0.287777	0.716455	-0.359114	0.006921	0.058022	-0.796472	0.132951	-0.365618	-1.152240	-0.361893	0.387928	0.000000	-0.661223	-0.212874	0.499392	-1.343175	-0.197631	-0.156551	0.000000	0.013289	0.671471	-2.116428	3.444925	-1.331789	0.229791	0.068864	-0.228368	-0.528166	-0.057432	0.315925	0.143475	0.378812	-0.047839	0.967488	2.513331	-1.267770	0.648189	2.075818	0.000000	-1.583007	0.725172	3.476353	-0.098291	0.541836	0.782849	0.000000
-0.619117	1.122280	0.931636	-0.000796	0.033168	-0.013879	0.999353	0.123369	-0.037780	-0.961883	1.662291	-0.149936	0.030890	0.014260	-0.046979	-0.296936	0.715892	-0.354518	0.011714	0.064556	-0.796383	0.157919	-0.302315	-1.185595	-0.345313	0.439118	0.000000	-0.703782	-0.196248	0.588730	-1.346642	-0.181405	-0.137173	0.000000	-0.050995	0.685041	-1.717055	3.272212	-1.422314	0.678516	0.016777	-0.247189	-0.303569	-0.121345	0.232453	0.188912	0.311934	0.000562	1.094153	2.816837	-1.638713	0.751955	2.215455	0.000000	-2.052499	0.701059	4.065476	-0.270352	0.859483	0.903154	0.000000
-0.618574	1.123834	0.932614	-0.004296	0.031004	-0.013056	0.999425	0.121561	-0.026373	-0.989141	1.721578	-0.177629	0.045215	0.013888	-0.051689	-0.299920	0.711602	-0.349816	0.014477	0.070499	-0.796449	0.176717	-0.252944	-1.217789	-0.331814	0.476546	0.000000	-0.743323	-0.184832	0.662011	-1.353989	-0.163252	-0.120425	0.000000	-0.109797	0.308318	-1.033396	2.559328	-1.236928	0.539073	-0.031830	-0.281867	-0.084502	-0.266542	0.188391	0.235322	0.249491	-0.025971	0.969485	2.465614	-1.852235	0.675513	1.795414	0.000000	-2.170263	0.628698	3.672755	-0.572675	0.963683	0.776725	0.000000
-0.618463	1.125171	0.933668	-0.008118	0.029075	-0.012064	0.999472	0.118977	-0.025447	-1.003219	1.764664	-0.199413	0.052453	0.012987	-0.058253	-0.300316	0.705231	-0.346982	0.021127	0.074536	-0.797422	0.196699	-0.203690	-1.259684	-0.318292	0.510935	0.000000	-0.790593	-0.171100	0.735640	-1.369549	-0.142858	-0.106104	0.000000	-0.130891	-0.163755	-0.423867	1.787868	-1.111058	0.279733	-0.032482	-0.347018	0.018742	-0.313075	0.129420	0.216527	0.167447	-0.007969	1.047249	2.263386	-2.362952	0.630689	1.525963	0.000000	-2.436763	0.659138	3.530258	-0.852698	1.032608	0.491043	0.000000
-0.618708	1.126161	0.934608	-0.012653	0.027491	-0.011466	0.999476	0.116325	-0.032923	-1.006096	1.793092	-0.222071	0.056405	0.012589	-0.065570	-0.299170	0.699079	-0.344639	0.023138	0.077197	-0.796768	0.218607	-0.162409	-1.312307	-0.306587	0.537585	0.000000	-0.840794	-0.158466	0.803222	-1.388097	-0.121948	-0.100783	0.000000	-0.131474	-0.502644	0.107975	1.036417	-1.240747	0.341863	-0.004700	-0.373917	0.064354	-0.306101	0.106072	0.065452	0.095828	-0.050926	1.261191	1.926085	-2.815750	0.374442	1.226771	0.000000	-2.528177	0.559916	3.248900	-1.062918	1.106069	0.194352	0.000000
-0.619215	1.126983	0.935484	-0.017572	0.025820	-0.011243	0.999449	0.113718	-0.045553	-0.998900	1.806120	-0.249043	0.066127	0.012799	-0.073210	-0.297742	0.692987	-0.342739	0.023745	0.078369	-0.799459	0.247146	-0.126647	-1.372314	-0.303315	0.560006	0.000000	-0.891720	-0.148704	0.865596	-1.412065	-0.098615	-0.098330	0.000000	-0.112052	-0.480949	0.685401	0.166360	-1.353469	0.533578	0.019849	-0.371078	0.078765	-0.305438	0.102330	0.063054	0.020202	-0.078207	1.606471	1.635863	-3.272527	-0.062986	0.868246	0.000000	-2.574320	0.597899	3.076386	-1.461968	1.137896	0.000240	0.000000
-0.620036	1.127399	0.936344	-0.022258	0.024206	-0.011405	0.999394	0.111843	-0.052161	-0.978680	1.799747	-0.276210	0.077748	0.013383	-0.080413	-0.296020	0.686861	-0.340546	0.025661	0.078005	-0.799896	0.282866	-0.096974	-1.443208	-0.309106	0.572315	0.000000	-0.943766	-0.134550	0.926277	-1.446575	-0.076432	-0.100774	0.000000	-0.053941	-0.072324	1.366672	-0.853038	-1.316259	0.479211	0.040333	-0.353985	0.085236	-0.278908	0.125255	0.049904	-0.017493	-0.109246	1.699837	1.464899	-3.860575	-0.374077	0.478859	0.000000	-2.580310	0.628047	2.938670	-1.904449	1.192842	-0.199127	0.000000
-0.621270	1.127565	0.937294	-0.026405	0.022659	-0.011878	0.999324	0.111560	-0.048446	-0.944233	1.771999	-0.301693	0.085296	0.014412	-0.087369	-0.294332	0.681830	-0.337729	0.025741	0.077670	-0.803829	0.315140	-0.068051	-1.526737	-0.318278	0.579160	0.000000	-0.994932	-0.123582	0.983143	-1.488243	-0.050901	-0.106295	0.000000	0.028435	0.373904	2.112150	-1.996741	-1.383459	0.323701	0.067070	-0.296163	0.100201	-0.204134	0.130729	-0.055101	-0.006446	-0.326358	1.326698	1.332566	-4.481888	-0.325215	0.223568	0.000000	-2.267212	0.686697	2.591827	-2.335194	1.057018	-0.441711	0.000000
-0.623102	1.127628	0.938163	-0.029710	0.021573	-0.012619	0.999246	0.112981	-0.037205	-0.894194	1.719877	-0.331548	0.090696	0.016065	-0.092259	-0.292012	0.678696	-0.335317	0.023457	0.077747	-0.812950	0.335934	-0.043672	-1.622483	-0.322115	0.581258	0.000000	-1.034455	-0.107082	1.029950	-1.539983	-0.034151	-0.118442	0.000000	0.125536	0.655888	2.805056	-3.128883	-1.608165	0.314002	0.111966	-0.190547	0.154868	-0.125709	0.110231	-0.198134	0.028417	-0.553946	0.987168	1.183971	-5.005708	-0.184517	0.096226	0.000000	-1.878016	0.750710	2.233121	-2.754512	0.789359	-0.698296	0.000000
-0.625447	1.127606	0.938886	-0.032087	0.021179	-0.013829	0.999165	0.116582	-0.022210	-0.832031	1.646844	-0.366020	0.097856	0.018891	-0.094991	-0.288138	0.676802	-0.333320	0.017816	0.078806	-0.825987	0.354627	-0.020692	-1.726966	-0.325659	0.583009	0.000000	-1.070053	-0.093553	1.072468	-1.598424	-0.019327	-0.134227	0.000000	0.213943	0.782039	3.305374	-4.123831	-1.674221	0.284671	0.148356	-0.203647	0.252744	-0.097714	0.028859	-0.288864	0.108210	-0.744173	0.776834	0.880703	-5.132383	-0.177515	-0.039166	0.000000	-1.747188	0.514151	1.913619	-2.943951	0.767615	-0.780061	0.000000
-0.628004	1.127096	0.939287	-0.034659	0.021473	-0.015451	0.999049	0.121538	-0.005923	-0.761979	1.554924	-0.398517	0.102083	0.022000	-0.100405	-0.281902	0.674787	-0.334163	0.011902	0.082076	-0.842717	0.367007	-0.008443	-1.827779	-0.329215	0.579691	0.000000	-1.104342	-0.086516	1.106495	-1.657741	-0.003446	-0.149644	0.000000	0.206077	0.742816	3.632763	-5.068144	-1.592279	0.060649	0.116079	-0.240579	0.328168	-0.096743	-0.078381	-0.220032	0.050271	-0.961652	0.589611	0.521160	-4.850742	-0.254220	-0.232638	0.000000	-1.761639	0.293048	1.562917	-2.896243	0.870716	-0.615322	0.000000
-0.630660	1.126353	0.939467	-0.037111	0.021957	-0.016599	0.998932	0.124825	0.007502	-0.686721	1.444118	-0.429711	0.100282	0.023534	-0.104614	-0.275011	0.672932	-0.336455	0.009015	0.080817	-0.864453	0.378211	0.000154	-1.920995	-0.335827	0.573703	0.000000	-1.140518	-0.081831	1.134984	-1.714273	0.015502	-0.158840	0.000000	0.120441	0.552739	3.775206	-5.890414	-1.441616	-0.187102	0.052594	-0.201024	0.322913	-0.062138	-0.163171	-0.103426	-0.162179	-1.185603	0.535034	0.382925	-4.570645	-0.338975	-0.344783	0.000000	-1.754430	0.307405	1.309529	-2.767864	0.892387	-0.314241	0.000000
-0.633065	1.125461	0.939244	-0.038502	0.022258	-0.017054	0.998865	0.126356	0.016186	-0.610971	1.319307	-0.456182	0.094599	0.024103	-0.108446	-0.268986	0.672302	-0.340689	0.007765	0.075589	-0.890141	0.388409	0.006874	-2.010604	-0.342774	0.565900	0.000000	-1.174520	-0.074220	1.158876	-1.768456	0.032249	-0.162214	0.000000	0.042567	0.358513	3.728992	-6.461578	-1.168023	-0.392490	0.017125	-0.160083	0.259235	0.033179	-0.247796	-0.118464	-0.305690	-1.361714	0.480976	0.323877	-4.307234	-0.339901	-0.438394	0.000000	-1.625893	0.470215	1.035878	-2.627420	0.658582	-0.079744	0.000000
-0.635262	1.124021	0.938363	-0.040707	0.022940	-0.018093	0.998744	0.126527	0.021843	-0.537561	1.185655	-0.476432	0.084582	0.024219	-0.111018	-0.264642	0.674259	-0.346367	0.004276	0.068589	-0.918922	0.397450	0.013110	-2.093285	-0.349423	0.556168	0.000000	-1.205554	-0.063023	1.176419	-1.819370	0.041845	-0.162030	0.000000	-0.027897	0.099515	3.514469	-6.637731	-0.719618	-0.645955	-0.010703	-0.086333	0.243109	0.109495	-0.336037	-0.083258	-0.421133	-1.419979	0.487616	0.380688	-3.890538	-0.386109	-0.552332	0.000000	-1.489225	0.588806	0.737059	-2.431062	0.290087	-0.033715	0.000000
-0.637806	1.122195	0.937014	-0.041259	0.023679	-0.018837	0.998690	0.125240	0.020167	-0.470392	1.053798	-0.484966	0.068761	0.023675	-0.111900	-0.259261	0.676681	-0.354131	0.004435	0.058743	-0.946941	0.407913	0.022101	-2.166226	-0.358219	0.543806	0.000000	-1.234089	-0.050668	1.188358	-1.865698	0.043853	-0.163563	0.000000	-0.083735	-0.471334	2.986903	-6.223525	0.259243	-0.999432	-0.028730	-0.044191	0.280648	0.138690	-0.406200	0.032771	-0.397263	-1.479614	0.398266	0.420632	-3.441262	-0.430570	-0.685534	0.000000	-1.461610	0.383928	0.400987	-2.045590	0.060272	-0.157009	0.000000
-0.640343	1.119550	0.935395	-0.042813	0.025216	-0.020438	0.998556	0.123178	0.002990	-0.418085	0.936714	-0.466062	0.044605	0.023070	-0.112785	-0.253416	0.679807	-0.362615	0.005587	0.052699	-0.978106	0.413381	0.029935	-2.230935	-0.366646	0.528746	0.000000	-1.264018	-0.047666	1.192459	-1.901194	0.044256	-0.168310	0.000000	-0.186227	-1.362944	2.166591	-4.928394	2.740600	-1.344268	-0.071689	-0.057361	0.268548	0.209278	-0.374480	-0.031162	-0.261321	-1.545793	0.180759	0.425375	-2.792841	-0.474314	-0.711167	0.000000	-1.447135	-0.041491	0.070408	-1.445287	0.063535	-0.212344	0.000000
-0.642814	1.116200	0.934072	-0.044060	0.026684	-0.021525	0.998440	0.117791	-0.034351	-0.383728	0.856662	-0.375342	0.014990	0.020808	-0.114194	-0.248519	0.685053	-0.369110	0.003188	0.048290	-1.008772	0.415144	0.039116	-2.277940	-0.377191	0.515360	0.000000	-1.291974	-0.052327	1.191175	-1.923510	0.046394	-0.172056	0.000000	-0.378348	-0.925815	1.468147	-2.681543	2.146353	-0.673786	-0.268487	-0.178700	0.304686	0.128883	-0.199391	-0.068957	-0.296685	-1.448025	0.190003	0.724438	-1.849622	-0.701250	-0.530978	0.000000	-1.237574	-0.240933	-0.069621	-0.848803	0.135506	-0.108259	0.000000
-0.644818	1.112057	0.934555	-0.046813	0.027744	-0.020063	0.998317	0.108044	-0.034043	-0.359359	0.829452	-0.380208	0.017653	0.012330	-0.119933	-0.241228	0.684962	-0.370590	0.002829	0.040832	-1.036027	0.420981	0.058912	-2.304920	-0.394696	0.507507	0.000000	-1.313521	-0.057303	1.189674	-1.935146	0.049676	-0.172640	0.000000	-0.392829	-0.090167	0.920114	-0.905462	-0.298497	-0.255216	-0.407314	-0.326581	0.354207	0.036855	-0.077758	0.004388	-0.316393	-0.984734	0.232656	0.895733	-0.873494	-0.760053	-0.280961	0.000000	-0.734022	-0.226442	-0.067022	-0.359398	0.104961	-0.015130	0.000000
-0.646361	1.107869	0.935087	-0.050203	0.029299	-0.018812	0.998132	0.102078	-0.037957	-0.346924	0.820444	-0.387282	0.004781	0.004515	-0.127257	-0.234351	0.686527	-0.372220	0.003364	0.035635	-1.048162	0.424450	0.074945	-2.312879	-0.407593	0.504121	0.000000	-1.321335	-0.061385	1.188494	-1.937886	0.050592	-0.172662	0.000000	-0.346024	-0.460584	0.458091	-0.390989	0.140326	-0.434218	-0.397451	-0.514949	0.394130	-0.017005	0.063112	-0.152617	-0.269364	-0.603592	0.182714	1.454384	-0.161171	-1.144961	-0.254396	0.000000	-0.255924	-0.442257	-0.114638	0.005540	-0.044898	-0.044975	0.000000
-0.647132	1.104257	0.936919	-0.055919	0.030825	-0.017208	0.997811	0.094203	-0.052466	-0.341035	0.813812	-0.374595	0.000285	-0.003568	-0.140531	-0.225463	0.684282	-0.368066	-0.003276	0.030057	-1.060171	0.428290	0.117088	-2.311367	-0.440495	0.497331	0.000000	-1.323758	-0.074993	1.185089	-1.934924	0.047880	-0.174439	0.000000	-0.347850	-0.710682	0.254899	-0.383928	0.628613	-0.351005	-0.384298	-0.657259	0.420126	-0.173227	0.252009	-0.216603	-0.226618	-0.219938	0.040190	1.986915	0.441951	-1.574913	-0.408252	0.000000	0.114137	-0.803218	-0.152692	0.311780	-0.205143	-0.119999	0.000000
-0.647383	1.101119	0.938811	-0.062685	0.031530	-0.015905	0.997408	0.088164	-0.066385	-0.336728	0.805087	-0.362138	-0.009259	-0.010857	-0.153548	-0.217546	0.679598	-0.362140	-0.005300	0.026570	-1.056959	0.426057	0.154422	-2.295201	-0.470590	0.487791	0.000000	-1.316769	-0.093514	1.182386	-1.925414	0.042387	-0.177462	0.000000	-0.289681	-0.658521	0.214995	-0.412765	0.447298	-0.387459	-0.350200	-0.585239	0.397540	-0.276440	0.226130	0.005335	-0.101339	0.396496	-0.250728	1.584924	1.047581	-1.268066	-0.523894	0.000000	0.429821	-1.047703	-0.079733	0.614083	-0.240831	-0.120271	0.000000
-0.647476	1.097683	0.939807	-0.067922	0.032046	-0.015103	0.997061	0.082616	-0.078807	-0.332435	0.797302	-0.356703	-0.015214	-0.017576	-0.163941	-0.209561	0.673225	-0.359021	-0.003063	0.026003	-1.044311	0.418260	0.180485	-2.269464	-0.491217	0.476376	0.000000	-1.306566	-0.116901	1.181899	-1.910361	0.038247	-0.179250	0.000000	-0.306372	-0.475251	0.290222	-0.347535	0.138036	-0.199882	-0.359146	-0.380639	0.451463	-0.339532	0.062165	0.173892	0.059712	0.893626	-0.503678	1.245865	1.702935	-0.952574	-0.718418	0.000000	0.690505	-1.367589	0.073022	0.935945	-0.277000	0.006849	0.000000
-0.647767	1.093781	0.940003	-0.070273	0.033289	-0.014109	0.996872	0.075909	-0.085395	-0.325119	0.791185	-0.356616	-0.017254	-0.025223	-0.168773	-0.199487	0.666016	-0.359653	0.001655	0.028959	-1.021214	0.405910	0.204257	-2.227084	-0.508693	0.459054	0.000000	-1.289149	-0.148217	1.185307	-1.887977	0.031307	-0.177188	0.000000	-0.334289	-0.165694	0.373568	-0.196517	-0.082033	-0.012258	-0.370642	-0.141496	0.495567	-0.302427	-0.102434	0.216395	0.171337	1.277067	-0.614740	0.952695	2.316529	-0.712170	-0.931160	0.000000	1.094621	-1.521355	0.197279	1.205543	-0.513341	0.167526	0.000000
-0.647806	1.089743	0.939497	-0.070362	0.035351	-0.013339	0.996806	0.069244	-0.085435	-0.317493	0.789441	-0.359985	-0.015704	-0.032401	-0.169601	-0.189739	0.661128	-0.363118	0.005593	0.032857	-0.993228	0.393671	0.218592	-2.176802	-0.519704	0.439129	0.000000	-1.262781	-0.177756	1.189790	-1.862139	0.017713	-0.172549	0.000000	-0.331765	0.110587	0.392853	-0.008442	-0.221446	0.151891	-0.351632	0.052484	0.469989	-0.190198	-0.204619	0.177485	0.210634	1.495123	-0.612097	0.512196	2.726197	-0.430781	-1.058013	0.000000	1.632288	-1.427312	0.113294	1.479092	-0.903429	0.191281	0.000000
-0.647665	1.085514	0.938586	-0.068415	0.038044	-0.012722	0.996850	0.062638	-0.080971	-0.309405	0.790848	-0.365474	-0.011179	-0.039288	-0.166674	-0.180688	0.658408	-0.367838	0.008755	0.037384	-0.961409	0.381426	0.224744	-2.118036	-0.525924	0.416734	0.000000	-1.223858	-0.205310	1.189839	-1.828813	-0.004831	-0.169536	0.000000	-0.317298	0.240689	0.369894	0.111994	-0.271549	0.233515	-0.330358	0.155134	0.404530	-0.081933	-0.222924	0.145791	0.249848	1.690719	-0.561820	0.085083	3.242886	-0.253579	-1.180463	0.000000	2.391475	-1.231277	-0.274241	1.875111	-1.511856	0.080122	0.000000
-0.647321	1.081191	0.937560	-0.066367	0.040616	-0.012340	0.996892	0.056552	-0.075807	-0.302697	0.793921	-0.370847	-0.006363	-0.045616	-0.163395	-0.173558	0.657850	-0.372035	0.011425	0.042851	-0.925600	0.371198	0.221996	-2.047087	-0.529847	0.391911	0.000000	-1.167122	-0.227007	1.178821	-1.787135	-0.042761	-0.169344	0.000000	-0.308839	0.211725	0.322134	0.184661	-0.251908	0.259951	-0.324510	0.119476	0.350805	0.027329	-0.198820	0.140934	0.250031	1.794416	-0.415492	-0.328077	3.677756	-0.386564	-1.136970	0.000000	3.167042	-0.911634	-0.920677	2.197391	-2.171380	-0.124776	0.000000
-0.646850	1.076730	0.936597	-0.065160	0.043709	-0.012074	0.996844	0.050285	-0.072502	-0.296519	0.798234	-0.375550	-0.000781	-0.052268	-0.161895	-0.166656	0.659502	-0.375791	0.014392	0.047385	-0.889633	0.364807	0.211621	-1.970926	-0.541387	0.371255	0.000000	-1.097176	-0.241775	1.153012	-1.740917	-0.091686	-0.174527	0.000000	-0.373846	0.078862	0.367454	0.198768	-0.189017	0.291205	-0.400470	0.005697	0.410488	0.111911	-0.192071	0.150954	-0.025463	1.854095	-0.223518	-0.676635	3.896511	-0.663105	-0.968195	0.000000	3.644982	-0.426991	-1.356182	2.376282	-2.651446	0.029119	0.000000
-0.646660	1.072323	0.935811	-0.065577	0.047512	-0.010669	0.996659	0.041599	-0.072653	-0.287999	0.801872	-0.378407	0.005285	-0.061635	-0.163167	-0.157138	0.662327	-0.379718	0.017463	0.041832	-0.851436	0.362257	0.194930	-1.891227	-0.556371	0.353183	0.000000	-1.021322	-0.244086	1.124574	-1.692084	-0.148819	-0.168180	0.000000	-0.401407	-0.066593	0.309677	0.239666	-0.129212	0.336246	-0.430818	-0.114162	0.352047	0.249457	-0.147631	0.121201	-0.283125	1.873319	-0.269662	-1.058758	4.022926	-0.676610	-0.768395	0.000000	3.907207	0.010099	-2.022090	2.663487	-2.879291	0.173083	0.000000
-0.646165	1.067748	0.935021	-0.067346	0.050478	-0.010056	0.996401	0.034229	-0.075166	-0.284132	0.807821	-0.380719	0.012669	-0.069501	-0.166461	-0.152574	0.669480	-0.381696	0.019240	0.036060	-0.814700	0.354020	0.169271	-1.810009	-0.568451	0.340519	0.000000	-0.940888	-0.241371	1.072128	-1.634378	-0.206857	-0.167604	0.000000	-0.333366	-0.106078	0.142386	0.300981	-0.091293	0.323718	-0.356340	-0.158709	0.118362	0.450118	-0.066116	0.072756	-0.297165	1.751009	-0.384582	-1.458395	4.020697	-0.675325	-0.499433	0.000000	4.010928	0.302049	-2.977717	2.968255	-2.817203	-0.102235	0.000000
-0.645471	1.063355	0.934202	-0.068410	0.052391	-0.009805	0.996233	0.028264	-0.076896	-0.282303	0.813911	-0.382059	0.018234	-0.075888	-0.169516	-0.152404	0.680331	-0.382363	0.020373	0.029946	-0.781395	0.346874	0.136595	-1.730399	-0.583384	0.333206	0.000000	-0.860885	-0.232004	1.005465	-1.573353	-0.261507	-0.172269	0.000000	-0.292467	-0.094048	0.049936	0.378998	-0.081406	0.292089	-0.318741	-0.121592	-0.089020	0.709008	-0.029200	0.101562	-0.315399	1.608324	-0.299262	-1.783934	4.122579	-0.902763	-0.327556	0.000000	4.003030	0.719801	-3.655237	3.098458	-2.701515	-0.332288	0.000000
-0.644613	1.059147	0.932989	-0.070269	0.055383	-0.009836	0.995941	0.022530	-0.078928	-0.282135	0.822981	-0.383975	0.024353	-0.082251	-0.171325	-0.156135	0.697840	-0.382864	0.023303	0.023444	-0.750367	0.342050	0.097914	-1.645106	-0.604562	0.327417	0.000000	-0.780766	-0.212579	0.925919	-1.510439	-0.314918	-0.180896	0.000000	-0.279785	-0.051107	-0.019448	0.472578	-0.145693	0.283696	-0.303329	-0.015240	-0.341621	1.055144	-0.010523	0.121599	-0.341550	1.457433	-0.315472	-2.081140	4.329574	-1.039797	-0.311857	0.000000	3.716481	0.883553	-4.076898	3.257892	-2.267272	-0.343167	0.000000
-0.643438	1.055023	0.931312	-0.070618	0.057150	-0.009722	0.995817	0.017073	-0.078940	-0.283081	0.832814	-0.387887	0.029581	-0.088021	-0.170125	-0.166068	0.722537	-0.382784	0.025237	0.016284	-0.723098	0.334255	0.053349	-1.557216	-0.624976	0.320731	0.000000	-0.712226	-0.196662	0.842389	-1.443038	-0.352198	-0.185996	0.000000	-0.284754	0.030253	-0.039685	0.475328	-0.248785	0.205041	-0.293645	0.090313	-0.685448	1.492245	-0.009677	-0.030582	-0.350420	1.303034	-0.496037	-2.452995	4.497581	-0.826663	-0.402275	0.000000	3.255321	0.985720	-4.227598	3.412998	-1.639465	-0.164265	0.000000
-0.642085	1.050901	0.929142	-0.069952	0.059820	-0.009372	0.995711	0.011140	-0.077718	-0.283722	0.841994	-0.393927	0.032554	-0.093996	-0.167712	-0.183553	0.757530	-0.383251	0.022079	0.009427	-0.698246	0.322208	-0.000206	-1.465202	-0.637628	0.311326	0.000000	-0.650554	-0.173150	0.756815	-1.373919	-0.380497	-0.187466	0.000000	-0.298083	0.171203	-0.047992	0.500116	-0.326841	0.146732	-0.293719	0.199676	-1.199597	2.204351	0.018533	-0.316190	-0.333234	1.144001	-0.676140	-2.771109	4.632300	-0.361221	-0.607112	0.000000	2.887058	1.237862	-4.209521	3.418934	-1.416367	-0.102584	0.000000
-0.640368	1.047004	0.926605	-0.066788	0.062015	-0.008750	0.995800	0.005149	-0.072092	-0.285001	0.852819	-0.400961	0.035451	-0.099770	-0.162138	-0.214052	0.810711	-0.382042	0.012590	0.002954	-0.677338	0.307210	-0.057495	-1.371924	-0.639425	0.296447	0.000000	-0.596744	-0.147148	0.674008	-1.306280	-0.408852	-0.190099	0.000000	-0.357141	0.392539	-0.285593	0.720330	-0.346362	0.216129	-0.309053	0.433750	-2.091566	3.386299	0.239764	-0.628169	-0.313421	0.928254	-0.782236	-2.786672	4.385462	0.201496	-0.866176	0.000000	2.335760	1.336568	-4.050337	3.004828	-1.521942	-0.400625	0.000000
-0.637408	1.043072	0.923353	-0.061087	0.062977	-0.007078	0.996119	-0.003146	-0.062016	-0.295146	0.870807	-0.407781	0.041200	-0.106359	-0.150362	-0.267215	0.892982	-0.373661	-0.003048	-0.003109	-0.661115	0.290919	-0.111673	-1.289784	-0.629568	0.276679	0.000000	-0.557123	-0.119688	0.594801	-1.253726	-0.441374	-0.203491	0.000000	-0.290524	0.529198	-0.437243	0.787559	-0.261790	0.184483	-0.125723	0.849851	-2.627453	4.217750	0.368237	-0.724441	-0.333056	0.715633	-0.737602	-2.800022	4.092723	0.544274	-0.881994	0.000000	1.655637	1.131444	-3.800111	2.542216	-1.376872	-0.758297	0.000000
-0.634916	1.040305	0.921105	-0.054939	0.064102	-0.006941	0.996406	-0.006472	-0.050924	-0.302491	0.884321	-0.411432	0.042830	-0.104799	-0.128144	-0.319150	0.979421	-0.367313	-0.016388	-0.010368	-0.648713	0.277705	-0.169496	-1.208215	-0.617654	0.261167	0.000000	-0.530518	-0.101890	0.522004	-1.204592	-0.463927	-0.220431	0.000000	-0.176973	0.549896	-0.591913	0.836393	-0.164994	0.137933	0.040196	0.922460	-3.047587	5.129789	-0.172945	-0.750396	-0.354169	0.609650	-0.735043	-2.808685	3.603175	0.628807	-0.762334	0.000000	1.059139	0.732877	-3.466970	1.942912	-1.000360	-1.056121	0.000000
-0.631878	1.037568	0.918228	-0.049213	0.063702	-0.006698	0.996732	-0.010225	-0.040020	-0.318823	0.904263	-0.414381	0.046717	-0.104751	-0.113464	-0.389119	1.098173	-0.380579	-0.033063	-0.017276	-0.636729	0.261517	-0.224020	-1.145657	-0.604416	0.246186	0.000000	-0.514758	-0.090373	0.456122	-1.176010	-0.481389	-0.245736	0.000000	-0.174858	0.502277	-0.963145	1.107703	-0.166141	0.303912	-0.034937	0.302853	-3.650888	6.310728	-0.752980	-0.745726	-0.316158	0.608869	-1.496197	-3.163017	3.042835	1.126158	-1.057541	0.000000	0.816061	0.497176	-3.363103	1.087102	-0.851571	-1.064367	0.000000
-0.628839	1.035111	0.915284	-0.044237	0.062149	-0.006650	0.997064	-0.013466	-0.030833	-0.341017	0.928629	-0.418078	0.054986	-0.106196	-0.116030	-0.465186	1.231850	-0.397432	-0.046217	-0.023014	-0.624358	0.217858	-0.296017	-1.086501	-0.572608	0.218865	0.000000	-0.497876	-0.082003	0.387480	-1.161108	-0.497990	-0.263006	0.000000	-0.125609	0.394094	-0.852026	0.774837	-0.068016	0.384741	-0.050550	-0.322971	-3.465936	6.302986	-0.729866	-0.734908	-0.347966	0.402313	-1.510156	-2.282258	1.713887	1.075450	-0.868402	0.000000	0.521873	0.233347	-2.183656	0.380558	-0.525406	-0.528331	0.000000
-0.626333	1.032582	0.914553	-0.040288	0.060181	-0.007380	0.997347	-0.015249	-0.024257	-0.352904	0.935256	-0.417101	0.062107	-0.106773	-0.126383	-0.527756	1.350293	-0.409773	-0.062460	-0.031195	-0.620637	0.201111	-0.315311	-1.077101	-0.561398	0.211450	0.000000	-0.493883	-0.081039	0.368776	-1.160788	-0.502405	-0.266869	0.000000	-0.081003	0.298141	-0.849429	0.646327	-0.030249	0.392382	0.000267	-0.533974	-3.471879	6.359201	-0.720557	-0.895733	-0.391150	0.136515	-1.788135	-2.254092	0.747114	1.309173	-0.481470	0.000000	0.414483	-0.104633	-2.166787	-0.216284	-0.425255	-0.304568	0.000000
-0.623761	1.030404	0.912766	-0.036752	0.057368	-0.008100	0.997644	-0.016706	-0.018908	-0.374994	0.954482	-0.419288	0.070682	-0.106186	-0.137389	-0.604061	1.486218	-0.426254	-0.082046	-0.038660	-0.618897	0.146332	-0.386181	-1.056617	-0.520241	0.199607	0.000000	-0.481297	-0.086188	0.300808	-1.169759	-0.515000	-0.275188	0.000000	-0.090987	0.254948	-0.874763	0.607553	0.001540	0.523139	0.046959	-0.376770	-3.510174	6.252485	-0.678642	-0.923080	-0.405557	-0.071694	-1.871847	-2.555372	0.507310	1.315708	-0.305633	0.000000	0.298802	-0.306154	-2.601401	-0.486436	-0.393707	-0.382567	0.000000
-0.622043	1.027859	0.912833	-0.033222	0.054277	-0.008745	0.997935	-0.018889	-0.014059	-0.387894	0.959558	-0.417040	0.083032	-0.104894	-0.141454	-0.668163	1.600392	-0.436919	-0.099383	-0.047417	-0.623505	0.126237	-0.417526	-1.056809	-0.508770	0.199224	0.000000	-0.481931	-0.093285	0.264720	-1.180245	-0.518153	-0.282172	0.000000	-0.107622	0.297851	-0.457515	0.142062	0.050075	0.467145	0.073862	-0.046602	-2.904329	5.298307	-0.479811	-0.688939	-0.380929	-0.389892	-1.353567	-2.372266	0.011078	0.725827	0.016806	0.000000	-0.071419	-0.647368	-2.655398	-0.915062	-0.115646	-0.448883	0.000000
-0.621434	1.025287	0.913511	-0.029340	0.052372	-0.009397	0.998152	-0.021011	-0.006993	-0.393294	0.960165	-0.417285	0.089368	-0.103231	-0.139253	-0.720234	1.698151	-0.445447	-0.109604	-0.053897	-0.634493	0.092189	-0.481071	-1.056174	-0.491208	0.200279	0.000000	-0.484153	-0.112083	0.194592	-1.206362	-0.519626	-0.293144	0.000000	-0.061989	0.348464	-0.013497	-0.252856	0.083738	0.218364	0.115816	0.237902	-2.175611	4.246786	-0.371870	-0.370386	-0.308268	-0.626487	-1.569954	-3.126217	0.014928	0.651626	-0.061116	0.000000	-0.209566	-1.033932	-3.487283	-1.492310	0.121993	-0.522643	0.000000
-0.621519	1.023139	0.915504	-0.025755	0.051286	-0.010461	0.998297	-0.021368	-0.000120	-0.388434	0.949444	-0.413690	0.091767	-0.100262	-0.131938	-0.755188	1.770264	-0.451794	-0.114198	-0.059748	-0.648564	0.063439	-0.542574	-1.056212	-0.482705	0.196780	0.000000	-0.490313	-0.134642	0.125229	-1.239937	-0.513273	-0.303078	0.000000	0.021803	0.252276	0.240158	-0.607058	0.248492	0.171765	0.198858	0.465699	-1.430523	2.951723	-0.274491	-0.001650	-0.324268	-1.012579	-1.366656	-2.945207	-0.238925	0.271505	-0.072982	0.000000	-0.412914	-1.203689	-3.327984	-1.805425	0.497010	-0.482131	0.000000
-0.621438	1.021445	0.918319	-0.023641	0.049855	-0.012143	0.998403	-0.020139	0.003098	-0.383688	0.935882	-0.407345	0.096238	-0.095277	-0.120625	-0.777455	1.816220	-0.456426	-0.109670	-0.066868	-0.674996	0.037523	-0.598880	-1.065731	-0.480348	0.197360	0.000000	-0.500670	-0.160231	0.061473	-1.278579	-0.499746	-0.312429	0.000000	0.088605	0.147241	0.227914	-0.705780	0.304677	0.258060	0.270327	0.697191	-0.898258	1.752985	-0.249440	0.348743	-0.355549	-1.551703	-1.132064	-2.809945	-0.614527	-0.024967	0.134766	0.000000	-0.582577	-1.280342	-3.053178	-2.075657	0.783488	-0.452925	0.000000
-0.621331	1.020392	0.921470	-0.021218	0.048042	-0.014023	0.998522	-0.017824	0.005769	-0.379317	0.921213	-0.401503	0.102089	-0.089449	-0.104050	-0.791118	1.840383	-0.461771	-0.100249	-0.073970	-0.710632	0.018156	-0.654972	-1.080793	-0.483703	0.202170	0.000000	-0.513616	-0.185856	0.003102	-1.322964	-0.481934	-0.321195	0.000000	0.122730	0.126073	0.228567	-0.757696	0.317983	0.284255	0.262118	0.864270	-0.377889	0.610518	-0.229572	0.587902	-0.350643	-2.082354	-0.809417	-3.059603	-0.967139	-0.358452	0.357325	0.000000	-0.731391	-1.302031	-2.880215	-2.523774	0.994145	-0.406357	0.000000
-0.621307	1.019518	0.924710	-0.019011	0.046146	-0.015869	0.998628	-0.015230	0.008140	-0.374545	0.905575	-0.394626	0.107608	-0.084792	-0.086054	-0.792571	1.840640	-0.465609	-0.086154	-0.080894	-0.758290	0.005147	-0.721264	-1.104416	-0.494686	0.211653	0.000000	-0.529925	-0.212312	-0.053736	-1.379529	-0.459980	-0.328683	0.000000	0.115239	0.090293	0.228892	-0.753868	0.336654	0.281871	0.183818	0.943095	0.239711	-0.581318	-0.208668	0.817333	-0.315575	-2.450994	-0.508616	-3.385697	-1.312372	-0.653433	0.446720	0.000000	-0.816630	-1.320562	-2.592848	-2.945417	1.122621	-0.364529	0.000000
-0.621569	1.018625	0.927753	-0.017428	0.044243	-0.017440	0.998717	-0.013214	0.009381	-0.370162	0.891058	-0.388037	0.113364	-0.082096	-0.066326	-0.781529	1.817130	-0.470118	-0.067555	-0.086593	-0.808672	-0.002188	-0.790400	-1.133288	-0.509841	0.220039	0.000000	-0.546282	-0.238678	-0.100612	-1.440780	-0.437029	-0.335776	0.000000	0.087623	0.035928	0.207362	-0.717360	0.321603	0.204532	0.072775	0.868831	0.839731	-1.743454	-0.329826	1.026249	-0.234738	-2.788192	-0.210775	-3.734459	-1.657277	-0.993064	0.257517	0.000000	-0.816372	-1.435723	-2.225624	-3.341088	1.274741	-0.411732	0.000000
-0.621915	1.017861	0.930310	-0.016625	0.042195	-0.018673	0.998797	-0.011725	0.009578	-0.366251	0.876880	-0.381762	0.115790	-0.081881	-0.051301	-0.758982	1.770902	-0.478802	-0.045104	-0.090283	-0.869818	-0.003284	-0.870642	-1.170707	-0.534408	0.221953	0.000000	-0.562580	-0.269741	-0.142761	-1.513173	-0.408990	-0.345152	0.000000	0.029009	0.000651	0.162865	-0.655402	0.253710	0.141859	-0.112308	0.416881	1.356281	-2.849793	-0.369041	0.915896	-0.144796	-3.160715	0.097941	-3.886689	-2.018285	-1.378843	-0.012415	0.000000	-0.713897	-1.724358	-1.780905	-3.746271	1.484283	-0.438893	0.000000
-0.622425	1.016962	0.932078	-0.016033	0.039969	-0.019080	0.998890	-0.012054	0.009407	-0.363647	0.864842	-0.377889	0.119038	-0.086588	-0.049651	-0.727278	1.703139	-0.484880	-0.030919	-0.092385	-0.935101	0.001729	-0.945867	-1.214019	-0.564994	0.219542	0.000000	-0.574838	-0.307653	-0.171848	-1.590631	-0.377658	-0.353331	0.000000	-0.042151	-0.054691	0.119382	-0.571957	0.133153	0.106960	-0.302362	-0.175963	1.806067	-3.886461	-0.288939	0.576980	-0.065585	-3.335845	0.363699	-3.654124	-2.274862	-1.638596	-0.232425	0.000000	-0.575113	-2.110182	-1.250610	-3.951433	1.731884	-0.393960	0.000000
-0.623133	1.016122	0.933219	-0.015917	0.038501	-0.019065	0.998950	-0.013411	0.007390	-0.361476	0.854002	-0.376435	0.120068	-0.093976	-0.058340	-0.686739	1.615444	-0.490360	-0.022025	-0.092907	-1.003252	0.011264	-1.016807	-1.261702	-0.599952	0.212656	0.000000	-0.585585	-0.354148	-0.192785	-1.671230	-0.339715	-0.360911	0.000000	-0.090681	-0.099124	0.060227	-0.489502	0.089305	0.026095	-0.374070	-0.469617	2.165025	-4.871044	-0.299920	0.466503	0.019118	-3.297214	0.456162	-3.262608	-2.544341	-1.562093	-0.314465	0.000000	-0.613907	-2.315436	-0.864157	-4.115194	1.843867	-0.388639	0.000000
-0.623891	1.015328	0.933936	-0.015371	0.035385	-0.018246	0.999089	-0.015681	0.005442	-0.361238	0.845262	-0.374316	0.120082	-0.101551	-0.068436	-0.640677	1.508297	-0.496876	-0.012259	-0.091620	-1.066989	0.019976	-1.076372	-1.315793	-0.627478	0.206964	0.000000	-0.599394	-0.400270	-0.206415	-1.755239	-0.303903	-0.368877	0.000000	-0.119888	0.027984	0.034267	-0.397496	0.052238	-0.019316	-0.340111	-0.329028	2.382016	-5.734861	-0.268821	0.543501	0.116406	-3.149798	0.557057	-2.757082	-2.816427	-1.261312	-0.314645	0.000000	-0.737604	-2.226864	-0.504984	-4.244905	1.682407	-0.398619	0.000000
-0.625053	1.014636	0.934323	-0.012651	0.033238	-0.017283	0.999218	-0.018206	0.008509	-0.360105	0.838102	-0.374346	0.119295	-0.107580	-0.071501	-0.591458	1.386049	-0.501113	-0.000285	-0.088251	-1.129244	0.033546	-1.127090	-1.374359	-0.650405	0.200070	0.000000	-0.615089	-0.443223	-0.212985	-1.841027	-0.272419	-0.376856	0.000000	-0.135121	0.202902	0.083428	-0.405554	0.031692	-0.228240	-0.269356	-0.145584	2.578303	-6.540564	-0.157090	0.586329	0.201686	-3.130877	0.858076	-2.263939	-3.202552	-1.059861	-0.274069	0.000000	-0.869955	-2.067631	-0.192567	-4.478562	1.441083	-0.444405	0.000000
-0.626407	1.014172	0.934969	-0.008888	0.030986	-0.015988	0.999352	-0.021086	0.013558	-0.357901	0.829040	-0.373049	0.110952	-0.112325	-0.074259	-0.537545	1.246674	-0.503160	0.011194	-0.083552	-1.192224	0.054299	-1.166929	-1.443895	-0.669873	0.196001	0.000000	-0.634192	-0.482975	-0.214117	-1.934381	-0.246260	-0.386653	0.000000	-0.130470	0.308033	0.093471	-0.397123	0.060805	-0.275137	-0.190278	-0.188714	2.685355	-7.134900	0.157684	0.625037	0.224700	-2.913862	1.132667	-1.531160	-3.521660	-0.834934	-0.089660	0.000000	-0.950626	-1.857767	-0.018044	-4.504859	1.160362	-0.561046	0.000000
-0.627896	1.013872	0.935509	-0.004243	0.028839	-0.014836	0.999465	-0.023425	0.020831	-0.356366	0.822217	-0.371914	0.108290	-0.115191	-0.079049	-0.484044	1.100653	-0.494805	0.024717	-0.079263	-1.245798	0.078853	-1.188337	-1.515225	-0.683802	0.196484	0.000000	-0.653114	-0.517533	-0.213706	-2.021221	-0.226004	-0.399297	0.000000	-0.123483	0.396908	0.003929	-0.275190	0.039064	-0.144193	-0.100702	-0.321770	2.533062	-7.306769	0.845529	0.688198	0.209635	-2.510363	1.244614	-0.788683	-3.624526	-0.598252	0.058052	0.000000	-1.043972	-1.699954	0.002429	-4.236853	0.975421	-0.636732	0.000000
-0.629219	1.013692	0.935687	0.000491	0.026171	-0.013537	0.999566	-0.026025	0.029435	-0.357744	0.818032	-0.371486	0.105185	-0.116353	-0.087130	-0.436223	0.954404	-0.469339	0.038722	-0.075167	-1.292639	0.104083	-1.198477	-1.588876	-0.693803	0.198323	0.000000	-0.675951	-0.550974	-0.214020	-2.103856	-0.207243	-0.412122	0.000000	-0.183361	0.426974	-0.093251	-0.158940	-0.008238	-0.089752	-0.063029	-0.361086	2.107474	-6.886473	2.191448	0.843212	0.075507	-2.181265	1.373073	-0.186396	-3.741443	-0.402132	0.051129	0.000000	-1.230314	-1.524982	0.025817	-3.990418	0.902359	-0.665849	0.000000
-0.630767	1.013759	0.935209	0.005025	0.023562	-0.011212	0.999647	-0.030760	0.037910	-0.360096	0.815859	-0.372243	0.104700	-0.117712	-0.093493	-0.399745	0.825194	-0.407147	0.058445	-0.076242	-1.333049	0.133775	-1.195792	-1.664883	-0.699887	0.198529	0.000000	-0.702327	-0.578532	-0.212674	-2.180838	-0.189910	-0.425931	0.000000	-0.246843	0.395610	-0.035530	-0.167713	0.002041	-0.059038	-0.058840	0.148765	1.523072	-5.696434	4.749317	1.206553	-0.159538	-1.977471	1.520408	0.464907	-3.727820	-0.347602	0.031459	0.000000	-1.568836	-1.165208	0.236822	-3.705239	0.798837	-0.602689	0.000000
-0.632648	1.014142	0.935267	0.009321	0.021561	-0.008493	0.999688	-0.035899	0.045259	-0.359165	0.811324	-0.371404	0.102823	-0.118707	-0.081179	-0.375300	0.726546	-0.279366	0.086984	-0.081549	-1.371738	0.164900	-1.179880	-1.737989	-0.707707	0.199581	0.000000	-0.738704	-0.597582	-0.204547	-2.252065	-0.175289	-0.436230	0.000000	-0.112383	0.359488	0.090776	-0.251746	0.094288	-0.145869	-0.008480	0.480618	0.946321	-3.108332	3.451556	0.354106	-0.222013	-1.485613	1.300559	0.735164	-3.064555	-0.258572	-0.021922	0.000000	-1.498729	-0.680588	0.362862	-2.892286	0.627634	-0.414940	0.000000
-0.634275	1.015602	0.936099	0.013746	0.020170	-0.007706	0.999672	-0.035255	0.052289	-0.356465	0.805790	-0.368472	0.098865	-0.118052	-0.074268	-0.361892	0.700861	-0.269085	0.072610	-0.085123	-1.392473	0.185798	-1.166386	-1.787465	-0.710230	0.197652	0.000000	-0.762276	-0.605756	-0.198159	-2.296529	-0.164805	-0.442529	0.000000	0.016952	0.254852	0.220901	-0.236893	0.033519	-0.173027	-0.009121	0.349781	0.730492	-1.047741	-0.092626	-0.070040	-0.139640	-1.032588	0.925264	0.895250	-2.697590	-0.055468	-0.103962	0.000000	-1.399401	-0.365759	0.319744	-2.403462	0.585142	-0.234191	0.000000
-0.636361	1.016916	0.936705	0.016268	0.020291	-0.006873	0.999638	-0.035221	0.055453	-0.350329	0.801848	-0.370064	0.095902	-0.119072	-0.067188	-0.346080	0.684637	-0.283071	0.084182	-0.087134	-1.413041	0.201910	-1.144070	-1.845892	-0.709926	0.195423	0.000000	-0.794680	-0.612212	-0.191758	-2.348204	-0.151884	-0.445598	0.000000	0.070915	0.263089	0.268964	-0.224292	0.056349	-0.096077	0.034538	0.361029	0.543428	-0.722781	-0.166339	0.426789	0.038260	-0.773445	0.626846	1.171014	-2.872252	0.136358	-0.202638	0.000000	-1.427601	-0.159635	0.197243	-2.299196	0.656576	-0.179687	0.000000
-0.637475	1.017725	0.938432	0.020358	0.020027	-0.007585	0.999563	-0.032418	0.062813	-0.345706	0.796818	-0.366218	0.095022	-0.116670	-0.059827	-0.340155	0.671950	-0.275739	0.089681	-0.083592	-1.423411	0.210872	-1.119545	-1.902355	-0.704776	0.189547	0.000000	-0.819380	-0.612141	-0.190269	-2.388497	-0.138541	-0.449716	0.000000	0.150705	0.413827	0.175676	-0.234604	0.222163	0.002303	0.131601	0.444051	0.233145	-0.605984	0.436661	0.270998	0.202653	-0.392944	0.306205	1.145256	-2.478677	0.182548	-0.333998	0.000000	-0.922741	0.166012	-0.072907	-1.526511	0.578336	-0.249013	0.000000
-0.637866	1.017924	0.940198	0.024660	0.019487	-0.008922	0.999466	-0.029193	0.072006	-0.343302	0.792464	-0.361177	0.095994	-0.113808	-0.049426	-0.336754	0.660397	-0.265605	0.095022	-0.079028	-1.428759	0.214158	-1.098260	-1.945039	-0.702624	0.182063	0.000000	-0.831590	-0.605572	-0.194674	-2.409264	-0.128750	-0.455558	0.000000	0.125132	0.390143	0.076025	-0.180519	0.241935	0.064110	0.101837	0.456730	0.162761	-0.540110	0.469249	0.330333	0.183589	-0.182536	0.058161	0.843734	-1.645264	0.038329	-0.361599	0.000000	-0.396161	0.375256	-0.265707	-0.645185	0.354829	-0.277352	0.000000
-0.638020	1.017694	0.941484	0.026686	0.019005	-0.009715	0.999416	-0.027413	0.078418	-0.342665	0.789597	-0.356540	0.097586	-0.112597	-0.041558	-0.333645	0.650345	-0.256969	0.102894	-0.076249	-1.430713	0.213198	-1.085796	-1.968166	-0.703243	0.175083	0.000000	-0.835226	-0.597131	-0.200898	-2.414304	-0.124348	-0.460810	0.000000	0.069141	0.138227	-0.021829	-0.101559	0.184593	0.110753	0.040596	0.210488	0.184668	-0.471628	0.332491	0.427636	0.056081	0.002447	-0.058885	0.499237	-0.919846	-0.053608	-0.471681	0.000000	-0.017323	0.498559	-0.294118	-0.019777	0.119590	-0.255475	0.000000
-0.638003	1.017390	0.942189	0.025455	0.018169	-0.010700	0.999454	-0.026427	0.077535	-0.344175	0.788401	-0.353793	0.100424	-0.112184	-0.041006	-0.329367	0.641532	-0.252305	0.112128	-0.076785	-1.428661	0.211803	-1.078291	-1.981833	-0.704768	0.163196	0.000000	-0.832283	-0.585629	-0.206439	-2.410055	-0.123967	-0.465777	0.000000	0.029565	-0.191940	-0.162898	-0.006935	0.122993	0.118356	0.021240	-0.186150	0.154069	-0.332156	0.137442	0.326267	-0.122249	0.316507	-0.076576	0.130454	-0.312155	0.070423	-0.642517	0.000000	0.264443	0.595587	-0.141891	0.350416	-0.118462	-0.216463	0.000000
-0.637584	1.017081	0.942251	0.020834	0.017046	-0.011208	0.999575	-0.026230	0.070741	-0.349181	0.789320	-0.351621	0.102321	-0.111747	-0.049004	-0.327482	0.637059	-0.251471	0.115945	-0.081139	-1.418052	0.210135	-1.080578	-1.980652	-0.700426	0.149382	0.000000	-0.824649	-0.573308	-0.206573	-2.400288	-0.129087	-0.469469	0.000000	-0.004991	-0.415834	-0.322160	0.105034	0.092161	0.087708	0.017474	-0.491411	0.051484	-0.176050	0.007877	0.095165	-0.281558	0.993994	-0.249982	-0.075316	0.367224	0.452213	-1.056762	0.000000	0.664873	1.024756	0.103030	0.900453	-0.554202	-0.274930	0.000000
-0.636720	1.016687	0.941928	0.015229	0.015717	-0.011525	0.999694	-0.026627	0.060902	-0.357061	0.792603	-0.350107	0.103933	-0.111485	-0.060663	-0.327308	0.634490	-0.251990	0.115934	-0.088047	-1.388901	0.201804	-1.081303	-1.967144	-0.686679	0.120925	0.000000	-0.805688	-0.544639	-0.202317	-2.374037	-0.146135	-0.476774	0.000000	-0.028943	-0.444981	-0.378797	0.193170	0.057010	0.051898	0.002457	-0.549988	-0.025474	-0.042984	-0.072536	-0.041119	-0.309698	1.662290	-0.503987	0.179422	1.097131	0.689422	-1.550811	0.000000	1.053658	1.502314	0.264790	1.584744	-0.975211	-0.344399	0.000000
-0.635533	1.016084	0.941253	0.010392	0.014996	-0.011711	0.999765	-0.027388	0.052942	-0.364333	0.797047	-0.349340	0.104396	-0.111649	-0.071003	-0.328501	0.635340	-0.254372	0.114300	-0.093527	-1.351561	0.189976	-1.073401	-1.936767	-0.672849	0.087350	0.000000	-0.782502	-0.513215	-0.195982	-2.336898	-0.168095	-0.483245	0.000000	-0.040106	-0.274035	-0.309145	0.240496	-0.001938	0.021939	-0.013573	-0.406647	-0.080398	0.109822	-0.131638	-0.109017	-0.190208	1.961467	-0.669962	0.617677	1.937723	0.463198	-1.610280	0.000000	1.315413	1.556071	0.357284	2.162939	-1.100479	-0.256003	0.000000
-0.634237	1.015060	0.940371	0.008184	0.015108	-0.011850	0.999782	-0.028231	0.049941	-0.369427	0.802222	-0.350185	0.104810	-0.112028	-0.076929	-0.330524	0.638883	-0.257256	0.111573	-0.095655	-1.310443	0.175005	-1.056596	-1.889635	-0.668151	0.056514	0.000000	-0.753071	-0.482396	-0.188026	-2.287519	-0.190154	-0.487015	0.000000	-0.045218	-0.058175	-0.217611	0.217575	-0.027925	-0.006441	-0.028817	-0.190852	-0.147766	0.211431	-0.132349	-0.120391	-0.030870	2.228644	-0.905889	0.905859	2.648199	0.091939	-1.418493	0.000000	1.654300	1.528735	0.445551	2.765703	-1.042425	-0.113800	0.000000
-0.632925	1.013798	0.939512	0.007293	0.015120	-0.012069	0.999786	-0.029197	0.050615	-0.373038	0.805750	-0.350457	0.104139	-0.112801	-0.078637	-0.334411	0.643797	-0.259666	0.109485	-0.094761	-1.262415	0.153740	-1.037167	-1.830839	-0.669171	0.030610	0.000000	-0.716330	-0.452066	-0.178160	-2.226270	-0.209792	-0.487797	0.000000	-0.015128	0.094282	-0.134033	0.255364	-0.065923	-0.031510	-0.018984	-0.014713	-0.225931	0.410183	-0.150488	-0.068198	0.161341	2.236703	-1.143108	1.066694	3.051651	-0.407200	-0.954774	0.000000	1.905447	1.524493	0.557998	3.225601	-0.911926	0.024036	0.000000
-0.631325	1.012069	0.938486	0.008282	0.017150	-0.013157	0.999732	-0.028836	0.053712	-0.374789	0.812437	-0.352821	0.103550	-0.112787	-0.077517	-0.339561	0.655290	-0.263275	0.108846	-0.089202	-1.220974	0.129281	-1.013929	-1.767569	-0.684439	0.018323	0.000000	-0.676854	-0.421417	-0.165706	-2.158495	-0.226631	-0.486053	0.000000	0.077546	0.251101	-0.059275	0.374058	-0.166009	0.021254	0.060571	0.137251	-0.290273	0.664961	-0.206503	-0.001690	0.614160	2.302015	-1.509832	1.037235	3.394258	-0.653085	-0.435766	0.000000	2.063385	1.419195	0.564431	3.432286	-0.846421	0.148039	0.000000
-0.629543	1.010240	0.937382	0.010878	0.019631	-0.015354	0.999630	-0.026095	0.060659	-0.375409	0.820712	-0.357098	0.104989	-0.110379	-0.073147	-0.346022	0.670396	-0.267926	0.109417	-0.070195	-1.170334	0.093347	-0.995677	-1.695069	-0.695295	0.013179	0.000000	-0.633795	-0.395298	-0.155582	-2.088978	-0.243649	-0.481875	0.000000	0.036725	0.345298	-0.016321	0.354017	-0.180715	0.067919	0.018796	0.197921	-0.389175	0.837657	-0.394480	-0.018701	0.546929	2.901330	-1.738579	0.923997	4.230389	-0.357066	-0.251193	0.000000	2.001326	1.616915	0.831149	3.488928	-1.139810	0.368173	0.000000
-0.628142	1.008875	0.936186	0.013633	0.021610	-0.015444	0.999554	-0.027367	0.067524	-0.375441	0.826598	-0.360050	0.106267	-0.112035	-0.069600	-0.355128	0.688797	-0.279054	0.108097	-0.067325	-1.104921	0.059738	-0.976969	-1.598354	-0.698722	0.008275	0.000000	-0.596801	-0.356740	-0.132460	-2.018938	-0.272223	-0.471326	0.000000	-0.064130	0.339059	0.010605	0.329199	-0.196296	0.088628	-0.086758	-0.016136	-0.565382	1.248999	-0.704704	-0.166925	0.104958	2.923426	-1.510418	0.752418	4.631347	-0.010212	-0.339665	0.000000	1.637670	1.862264	1.244536	3.296504	-1.437297	0.536916	0.000000
-0.626734	1.007618	0.934529	0.016314	0.024055	-0.015469	0.999458	-0.028660	0.074221	-0.374984	0.833880	-0.364949	0.108534	-0.113849	-0.073793	-0.368638	0.720356	-0.296115	0.102740	-0.065997	-1.053397	0.032930	-0.965580	-1.509815	-0.695703	-0.000407	0.000000	-0.568288	-0.320807	-0.105801	-1.957118	-0.301141	-0.460399	0.000000	-0.062725	0.301547	0.006153	0.403436	-0.285102	0.136340	-0.089261	-0.235483	-0.892528	2.127483	-0.911025	-0.717570	0.035072	2.463076	-1.294132	0.751294	4.499325	0.304544	-0.441040	0.000000	1.390679	1.680373	1.378263	3.169763	-1.421380	0.535685	0.000000
-0.625411	1.006734	0.932471	0.018589	0.026575	-0.015306	0.999357	-0.029876	0.079586	-0.375195	0.842735	-0.371454	0.111720	-0.115606	-0.079020	-0.390829	0.773896	-0.315495	0.079395	-0.065922	-1.006398	0.007973	-0.946917	-1.418381	-0.686540	-0.009366	0.000000	-0.541173	-0.289525	-0.077330	-1.892148	-0.329079	-0.449899	0.000000	-0.076111	0.245826	-0.097970	0.517449	-0.402673	0.137522	-0.093449	-0.158110	-1.471946	3.437150	-1.134092	-1.601336	-0.034611	1.989874	-1.040475	0.943869	4.060236	0.548407	-0.373122	0.000000	1.112492	1.407756	1.440348	2.848974	-1.348945	0.509474	0.000000
-0.623837	1.006176	0.929754	0.020619	0.028218	-0.014654	0.999282	-0.031705	0.084054	-0.378903	0.854578	-0.381056	0.114035	-0.117587	-0.080117	-0.427516	0.857841	-0.341478	0.038687	-0.067381	-0.973802	-0.008689	-0.927826	-1.347405	-0.673767	-0.015332	0.000000	-0.523788	-0.264497	-0.048187	-1.843159	-0.355099	-0.440020	0.000000	-0.094732	0.151627	-0.190171	0.609335	-0.490364	-0.027029	-0.095481	0.061031	-1.940783	4.632270	-1.303064	-1.751850	-0.089865	1.504403	-0.863539	0.747214	3.735408	0.705034	-0.361517	0.000000	0.838530	1.260418	1.512108	2.633673	-1.419552	0.517076	0.000000
-0.622513	1.005858	0.926737	0.021757	0.030145	-0.014136	0.999209	-0.033666	0.085651	-0.382802	0.867109	-0.391069	0.110639	-0.119425	-0.076578	-0.468461	0.959187	-0.367618	0.009321	-0.069516	-0.946222	-0.026569	-0.917028	-1.268964	-0.658339	-0.023827	0.000000	-0.507632	-0.239108	-0.016845	-1.786801	-0.385861	-0.429216	0.000000	-0.072012	0.006845	-0.115500	0.447340	-0.367807	-0.108612	-0.057411	0.340227	-1.904824	5.090430	-1.178001	-1.215589	-0.105381	0.990927	-0.648665	0.331214	2.895221	0.578985	-0.340787	0.000000	0.572720	0.961089	1.113203	2.080318	-1.172148	0.360478	0.000000
-0.621560	1.005677	0.925179	0.020944	0.031901	-0.013433	0.999181	-0.034585	0.084328	-0.383523	0.872471	-0.395769	0.109691	-0.119883	-0.066508	-0.503708	1.061459	-0.388598	-0.009937	-0.071596	-0.934165	-0.034636	-0.914577	-1.231596	-0.650607	-0.028964	0.000000	-0.500880	-0.226053	-0.003659	-1.759946	-0.401985	-0.425601	0.000000	-0.038422	-0.101119	-0.083923	0.343072	-0.292038	-0.079029	-0.004442	0.453178	-2.076192	5.841908	-1.066447	-0.806026	-0.114984	0.644241	-0.302931	0.027931	1.694769	0.395152	-0.347399	0.000000	0.414973	0.609110	0.550439	1.261020	-0.745758	0.044753	0.000000
-0.620922	1.005788	0.923079	0.019902	0.033016	-0.013095	0.999171	-0.035202	0.081606	-0.386159	0.880831	-0.402750	0.107478	-0.119603	-0.058451	-0.551508	1.192863	-0.410276	-0.022920	-0.074116	-0.920452	-0.038686	-0.915911	-1.201174	-0.642533	-0.037723	0.000000	-0.491033	-0.214744	0.005172	-1.736360	-0.415691	-0.427426	0.000000	-0.052163	-0.166540	-0.266185	0.479271	-0.282878	-0.032635	-0.025089	0.145893	-2.603579	6.920362	-0.997975	-0.624680	-0.136022	0.699426	-0.278123	-0.077915	1.535013	0.479808	-0.428315	0.000000	0.505557	0.451396	0.381198	1.253414	-0.628278	-0.160886	0.000000
-0.620088	1.005975	0.921183	0.018944	0.033225	-0.012438	0.999191	-0.036672	0.077666	-0.394171	0.891642	-0.407084	0.108385	-0.120887	-0.060672	-0.607852	1.338273	-0.428517	-0.034924	-0.077037	-0.906188	-0.045761	-0.917694	-1.170196	-0.631415	-0.046096	0.000000	-0.480657	-0.207998	0.011589	-1.709810	-0.427116	-0.432036	0.000000	-0.086969	-0.250795	-0.373192	0.485808	-0.166956	-0.012579	-0.088990	-0.322721	-2.705282	7.236228	-0.955144	-0.788456	-0.143744	0.519328	-0.382327	-0.204366	1.443639	0.472717	-0.378919	0.000000	0.507639	0.131784	0.278607	1.336306	-0.442368	-0.206896	0.000000
-0.619429	1.006327	0.919989	0.014900	0.033037	-0.011078	0.999282	-0.038681	0.071574	-0.401087	0.900264	-0.409429	0.106975	-0.123162	-0.071360	-0.659720	1.482312	-0.448482	-0.054459	-0.079866	-0.899679	-0.053979	-0.924086	-1.143428	-0.623624	-0.052880	0.000000	-0.470728	-0.209473	0.016317	-1.682908	-0.433386	-0.435701	0.000000	-0.085049	-0.324975	-0.305352	0.357151	-0.052850	-0.018955	-0.079159	-0.437226	-2.481386	7.016969	-0.855818	-0.911967	-0.150812	0.128497	-0.422609	-0.420748	1.206511	0.271617	-0.288900	0.000000	0.373773	-0.177160	0.124304	1.219174	-0.247325	-0.161695	0.000000
-0.619040	1.006884	0.919444	0.011067	0.032806	-0.010302	0.999347	-0.040074	0.064667	-0.406385	0.905928	-0.409198	0.107627	-0.124053	-0.078161	-0.707107	1.618952	-0.462750	-0.071403	-0.083070	-0.901048	-0.062665	-0.934524	-1.121935	-0.620550	-0.057652	0.000000	-0.465706	-0.215084	0.016561	-1.661043	-0.437009	-0.438504	0.000000	-0.043765	-0.333166	-0.201818	0.189194	0.036314	-0.024914	0.012628	-0.132095	-2.172658	6.431249	-0.619890	-0.504571	-0.162549	-0.213563	-0.477453	-0.554913	0.931281	0.082086	-0.160841	0.000000	0.085711	-0.338480	-0.149255	0.910670	-0.152951	-0.142524	0.000000
-0.618985	1.007565	0.919652	0.007156	0.032416	-0.010002	0.999399	-0.040432	0.058248	-0.409159	0.907832	-0.407976	0.105978	-0.122657	-0.076644	-0.746626	1.739562	-0.473277	-0.074641	-0.086368	-0.908222	-0.073077	-0.946282	-1.106177	-0.620341	-0.059313	0.000000	-0.467299	-0.223012	0.010346	-1.646481	-0.439504	-0.441402	0.000000	-0.000951	-0.333939	-0.076514	0.001079	0.099556	-0.018320	0.066465	0.098569	-1.754329	5.587154	-0.405174	-0.046558	-0.185677	-0.477213	-0.583787	-0.575384	0.634289	-0.020626	0.014911	0.000000	-0.203342	-0.513406	-0.423746	0.569105	-0.064199	-0.111425	0.000000
-0.619285	1.008040	0.920501	0.003377	0.031970	-0.010055	0.999433	-0.040112	0.051310	-0.409445	0.905971	-0.405216	0.106894	-0.121395	-0.074219	-0.777280	1.842438	-0.478957	-0.073265	-0.090497	-0.920137	-0.086016	-0.957539	-1.096564	-0.621376	-0.057056	0.000000	-0.473840	-0.235620	-0.000389	-1.638279	-0.439577	-0.442961	0.000000	0.030299	-0.338601	0.041694	-0.186385	0.175407	0.052269	0.076367	0.075921	-1.342461	4.496589	-0.307938	-0.042150	-0.207314	-0.709714	-0.689666	-0.568180	0.334179	-0.087006	0.195727	0.000000	-0.427836	-0.764903	-0.643245	0.274745	0.073411	-0.050992	0.000000
-0.619703	1.008611	0.922029	-0.000118	0.031431	-0.010306	0.999453	-0.039220	0.044704	-0.407492	0.900376	-0.400960	0.108069	-0.119603	-0.073607	-0.800324	1.919426	-0.485595	-0.076327	-0.094660	-0.936610	-0.100664	-0.969009	-1.092810	-0.623821	-0.051484	0.000000	-0.484413	-0.253608	-0.015383	-1.635491	-0.436567	-0.443442	0.000000	0.079021	-0.311849	0.167910	-0.369388	0.247267	0.056371	0.063249	0.019393	-0.877753	3.622249	-0.334738	-0.178945	-0.230917	-0.957438	-0.731233	-0.571693	0.030616	-0.175945	0.384708	0.000000	-0.644846	-0.992183	-0.851913	-0.025088	0.206454	-0.005276	0.000000
-0.620463	1.009536	0.924160	-0.003259	0.030925	-0.010964	0.999456	-0.036951	0.038836	-0.402729	0.891196	-0.395325	0.109149	-0.118865	-0.073443	-0.812390	1.987328	-0.492347	-0.080423	-0.099734	-0.958434	-0.115266	-0.980407	-1.095339	-0.628413	-0.041667	0.000000	-0.499634	-0.275308	-0.034465	-1.639282	-0.431319	-0.443172	0.000000	0.139381	-0.251120	0.264264	-0.530598	0.309239	0.038334	0.092167	0.054355	-0.434512	2.675110	-0.366093	-0.222556	-0.242586	-1.383248	-0.826998	-0.729568	-0.331944	-0.319754	0.644927	0.000000	-1.003358	-1.301635	-1.201616	-0.427407	0.316349	0.021272	0.000000
-0.621275	1.010787	0.926634	-0.004820	0.030377	-0.011558	0.999460	-0.033645	0.034659	-0.396921	0.879152	-0.388590	0.109602	-0.115916	-0.071433	-0.817705	2.026430	-0.500238	-0.085230	-0.104364	-0.991940	-0.133744	-0.998192	-1.106087	-0.636611	-0.025687	0.000000	-0.524547	-0.305673	-0.063448	-1.652588	-0.423913	-0.442591	0.000000	0.201646	-0.177883	0.321873	-0.620444	0.347719	0.014201	0.244984	0.278048	0.023930	1.243049	-0.346850	-0.050485	-0.211722	-1.877773	-0.945361	-0.990385	-0.690490	-0.439857	1.015280	0.000000	-1.358022	-1.856060	-1.639421	-0.891149	0.497120	0.114258	0.000000
-0.622390	1.012263	0.929441	-0.006899	0.029466	-0.013257	0.999454	-0.028885	0.031720	-0.389854	0.866378	-0.381416	0.109717	-0.109065	-0.062321	-0.811433	2.037050	-0.506221	-0.082442	-0.108202	-1.033545	-0.153080	-1.020022	-1.122959	-0.646008	-0.001056	0.000000	-0.553955	-0.349550	-0.100042	-1.674928	-0.411434	-0.438602	0.000000	0.225927	-0.136403	0.334016	-0.603752	0.346167	0.057245	0.363325	0.529937	0.557277	-0.151861	-0.286768	0.391365	-0.160033	-1.971667	-0.770227	-1.086798	-0.948954	-0.437734	1.249553	0.000000	-1.329210	-2.104091	-1.736712	-1.200736	0.632142	0.207265	0.000000
-0.623599	1.013738	0.932200	-0.007864	0.028850	-0.014395	0.999449	-0.024608	0.029203	-0.383561	0.855002	-0.374743	0.111892	-0.101383	-0.050235	-0.795414	2.020356	-0.511709	-0.069575	-0.110765	-1.070807	-0.164553	-1.041664	-1.144046	-0.654121	0.024295	0.000000	-0.577715	-0.389837	-0.132917	-1.700617	-0.398628	-0.434301	0.000000	0.200584	-0.140623	0.311018	-0.542471	0.318190	0.205186	0.388441	0.656695	1.052742	-1.513213	-0.182211	0.867730	-0.111366	-2.024302	-0.399075	-1.298147	-1.344469	-0.444891	1.405007	0.000000	-1.205210	-2.167859	-1.783962	-1.627541	0.659954	0.242711	0.000000
-0.625036	1.015261	0.934838	-0.009254	0.027993	-0.015721	0.999442	-0.020862	0.026095	-0.377413	0.844679	-0.368688	0.117924	-0.093528	-0.036053	-0.769323	1.976521	-0.513509	-0.047733	-0.112657	-1.114517	-0.169043	-1.071948	-1.176738	-0.663803	0.055144	0.000000	-0.602163	-0.436264	-0.171401	-1.740030	-0.385036	-0.428893	0.000000	0.162691	-0.119696	0.290047	-0.469708	0.246993	0.244568	0.311257	0.645194	1.490700	-2.674711	-0.094147	0.935137	-0.081649	-1.982582	0.005121	-1.382634	-1.652125	-0.416191	1.438786	0.000000	-1.059717	-2.163318	-1.735082	-2.056947	0.643975	0.256160	0.000000
-0.626633	1.016670	0.936959	-0.009589	0.027428	-0.016265	0.999445	-0.018100	0.024415	-0.371959	0.836214	-0.364864	0.121675	-0.088933	-0.024428	-0.735786	1.913367	-0.515475	-0.032170	-0.114031	-1.150110	-0.164348	-1.096969	-1.210131	-0.670768	0.081847	0.000000	-0.620104	-0.476370	-0.202320	-1.782895	-0.372869	-0.424054	0.000000	0.128124	-0.070103	0.239033	-0.390416	0.149962	0.147673	0.145724	0.319849	1.825818	-3.959873	-0.220169	0.575000	-0.061809	-1.804072	0.297837	-1.175386	-1.859197	-0.305191	1.320926	0.000000	-0.977965	-1.967077	-1.491612	-2.332658	0.590095	0.214988	0.000000
-0.628311	1.018079	0.938526	-0.009414	0.026658	-0.016611	0.999462	-0.015737	0.023291	-0.367852	0.829063	-0.362690	0.123831	-0.087699	-0.023259	-0.696291	1.818127	-0.522316	-0.024733	-0.115129	-1.186680	-0.157130	-1.118963	-1.251106	-0.676011	0.107981	0.000000	-0.641282	-0.514947	-0.231065	-1.833336	-0.361432	-0.420294	0.000000	0.099491	-0.048622	0.185316	-0.317320	0.067265	0.106229	-0.035103	-0.176625	2.117223	-5.137545	-0.423841	0.139119	-0.045389	-1.836315	0.459266	-1.069778	-2.278107	-0.178328	1.294281	0.000000	-1.028617	-1.958051	-1.424953	-2.686650	0.572419	0.125434	0.000000
-0.630108	1.019508	0.939465	-0.009657	0.025340	-0.016841	0.999490	-0.014120	0.022470	-0.364546	0.823521	-0.362173	0.125924	-0.090337	-0.031493	-0.651097	1.707865	-0.532429	-0.026605	-0.115846	-1.223563	-0.145978	-1.139761	-1.301255	-0.677901	0.133618	0.000000	-0.661249	-0.554692	-0.259318	-1.890361	-0.349972	-0.419037	0.000000	0.063626	0.003032	0.116611	-0.229584	0.002322	0.064252	-0.148086	-0.510239	2.317886	-5.956602	-0.398378	-0.081847	-0.013636	-1.931810	0.680181	-0.965673	-2.637413	-0.118610	1.204798	0.000000	-0.970590	-2.013144	-1.381028	-2.891064	0.617252	-0.012727	0.000000
-0.631556	1.021001	0.939839	-0.008399	0.023996	-0.016407	0.999542	-0.013192	0.023413	-0.363187	0.819879	-0.362597	0.126401	-0.093622	-0.043669	-0.603575	1.579862	-0.538251	-0.028007	-0.115675	-1.263953	-0.129922	-1.157590	-1.356602	-0.680755	0.156173	0.000000	-0.680105	-0.595473	-0.286306	-1.948979	-0.336742	-0.420803	0.000000	0.034004	0.069382	0.044467	-0.162639	-0.050220	-0.013233	-0.147365	-0.668356	2.454528	-6.815615	-0.118403	0.025718	0.018559	-2.100199	0.906448	-0.746626	-2.858183	-0.215034	1.070380	0.000000	-0.908327	-2.062747	-1.334172	-2.935743	0.730029	-0.136410	0.000000
-0.633091	1.022608	0.939762	-0.006954	0.022536	-0.015600	0.999600	-0.012760	0.025245	-0.362767	0.817015	-0.364182	0.125395	-0.096231	-0.058227	-0.552916	1.435241	-0.537165	-0.025576	-0.115104	-1.307571	-0.109720	-1.169626	-1.415582	-0.686503	0.176433	0.000000	-0.697582	-0.637202	-0.312685	-2.007791	-0.320771	-0.424493	0.000000	0.000303	0.094475	0.029569	-0.165360	-0.043034	-0.118805	-0.077294	-0.617309	2.651947	-7.686541	0.172487	0.276031	-0.048633	-2.169687	1.220734	-0.432637	-3.199902	-0.257218	0.964247	0.000000	-0.809318	-2.112499	-1.313586	-3.081179	0.894692	-0.247133	0.000000
-0.634900	1.024597	0.939633	-0.005252	0.020839	-0.014130	0.999669	-0.013179	0.027192	-0.362005	0.813265	-0.364318	0.121649	-0.096714	-0.068361	-0.497497	1.272401	-0.531351	-0.016966	-0.117620	-1.350740	-0.081093	-1.174896	-1.484598	-0.691044	0.194743	0.000000	-0.712478	-0.679973	-0.338850	-2.072226	-0.300954	-0.430688	0.000000	-0.084934	0.120147	0.014450	-0.200842	0.029317	-0.260155	-0.011498	-0.294384	2.692293	-8.288616	0.272645	0.570866	-0.275650	-1.892009	1.539611	-0.114474	-3.613293	0.020239	0.769755	0.000000	-0.780953	-1.921274	-1.165023	-3.283030	0.966652	-0.376312	0.000000
-0.636568	1.026558	0.939274	-0.003667	0.018766	-0.011426	0.999752	-0.016157	0.030051	-0.362189	0.808982	-0.363009	0.114988	-0.096691	-0.070002	-0.445224	1.103696	-0.526259	-0.002742	-0.126130	-1.383251	-0.048135	-1.174205	-1.560114	-0.685693	0.207223	0.000000	-0.728820	-0.714053	-0.359286	-2.139112	-0.282105	-0.439546	0.000000	-0.191474	0.154917	0.033990	-0.242878	0.032402	-0.492323	0.014624	0.183410	2.403597	-8.179721	0.514300	0.867828	-0.473953	-1.194364	1.488900	0.027961	-3.883004	0.800350	0.336882	0.000000	-0.802630	-1.476377	-0.843795	-3.154790	0.952026	-0.486006	0.000000
-0.638218	1.028389	0.938519	-0.001973	0.017023	-0.007978	0.999821	-0.020838	0.033388	-0.360645	0.803550	-0.363022	0.101956	-0.096129	-0.061025	-0.401354	0.945212	-0.510779	0.017747	-0.136578	-1.398515	-0.021537	-1.173777	-1.639918	-0.659030	0.208218	0.000000	-0.744583	-0.739028	-0.372602	-2.198417	-0.262873	-0.450128	0.000000	-0.254290	0.230859	-0.035071	-0.102985	-0.105415	-0.478423	0.036278	0.307136	1.635614	-7.111061	1.534494	1.359370	-0.365873	-0.813642	1.209375	0.097603	-3.604150	1.289499	-0.068069	0.000000	-0.736326	-1.040906	-0.529300	-2.579188	0.896195	-0.489686	0.000000
-0.639654	1.030283	0.936582	0.001464	0.015018	-0.004203	0.999877	-0.026329	0.039285	-0.363592	0.804862	-0.367226	0.095851	-0.095240	-0.057717	-0.379800	0.819254	-0.464879	0.051633	-0.140765	-1.415797	0.000240	-1.170300	-1.704280	-0.634113	0.204500	0.000000	-0.758273	-0.755689	-0.380458	-2.242279	-0.246257	-0.459133	0.000000	-0.166783	0.287147	-0.148498	-0.020671	-0.075635	-0.257303	0.083814	0.682653	0.887006	-5.244285	5.417957	1.901890	-0.039395	-1.239407	1.036911	0.220025	-3.150096	1.138191	-0.263727	0.000000	-0.809361	-0.891367	-0.442611	-2.126265	0.884072	-0.390872	0.000000
-0.640569	1.032465	0.936362	0.005250	0.012572	-0.002358	0.999904	-0.027510	0.044874	-0.366585	0.802723	-0.366048	0.091664	-0.092776	-0.033719	-0.365873	0.735441	-0.294061	0.093823	-0.138154	-1.448091	0.019939	-1.164976	-1.765922	-0.613502	0.197669	0.000000	-0.776958	-0.774683	-0.390306	-2.283468	-0.227510	-0.465763	0.000000	0.071729	0.330843	-0.081621	-0.118743	0.028130	-0.236821	0.141969	0.766286	0.354372	-2.167442	3.768827	0.738969	0.155763	-1.158419	0.768754	0.212598	-2.326024	0.886776	-0.348765	0.000000	-0.624070	-0.588349	-0.397215	-1.430923	0.731013	-0.295319	0.000000
-0.641148	1.035882	0.936906	0.009543	0.011189	-0.002170	0.999890	-0.023460	0.052519	-0.366857	0.800113	-0.366101	0.086379	-0.089561	-0.027065	-0.365625	0.732556	-0.314126	0.081192	-0.134534	-1.462134	0.030990	-1.161797	-1.797321	-0.598642	0.190550	0.000000	-0.783236	-0.779223	-0.396346	-2.299516	-0.217016	-0.470946	0.000000	0.146113	0.389604	-0.046781	-0.076738	0.022864	-0.278641	0.084171	0.482899	-0.199690	0.083148	-0.294558	-0.305103	0.191554	-0.473201	0.396545	0.150028	-1.176289	0.626917	-0.289727	0.000000	-0.230479	-0.092186	-0.244541	-0.552523	0.401557	-0.212314	0.000000
-0.641026	1.038612	0.937109	0.014653	0.010128	-0.001251	0.999841	-0.021665	0.060458	-0.368456	0.799653	-0.365133	0.080518	-0.089410	-0.014403	-0.373861	0.738767	-0.305843	0.081619	-0.130492	-1.467019	0.035801	-1.158975	-1.812974	-0.588426	0.186080	0.000000	-0.786177	-0.778370	-0.400088	-2.305569	-0.211448	-0.474256	0.000000	0.121763	0.635990	-0.185616	-0.039662	0.185844	-0.324673	0.089171	0.722847	-0.551529	0.143531	0.401427	0.174183	0.288761	0.050834	0.394430	0.257599	-1.115936	1.128820	-0.428614	0.000000	-0.013618	0.488850	-0.154505	-0.163001	0.336628	-0.330979	0.000000
-0.639746	1.041280	0.938172	0.023691	0.007645	-0.000992	0.999690	-0.018589	0.077959	-0.374282	0.798526	-0.358667	0.073392	-0.085995	0.001849	-0.387686	0.738297	-0.298069	0.088159	-0.122984	-1.460100	0.046767	-1.151493	-1.841958	-0.553489	0.173405	0.000000	-0.783781	-0.759669	-0.402527	-2.306036	-0.203551	-0.484185	0.000000	0.150787	0.876831	-0.239500	-0.120348	0.354348	-0.330994	0.151144	0.728994	-0.408211	-0.401093	0.407787	0.858687	0.389626	0.890160	0.547435	0.473261	-1.525909	2.278271	-0.742808	0.000000	0.420751	1.357292	0.046221	0.366920	0.356793	-0.557710	0.000000
-0.638637	1.043474	0.939707	0.031974	0.005328	-0.001070	0.999474	-0.015634	0.095531	-0.378036	0.794840	-0.350959	0.067279	-0.083364	0.014757	-0.390189	0.722723	-0.289532	0.115966	-0.114907	-1.431413	0.057698	-1.140045	-1.874010	-0.497295	0.156368	0.000000	-0.769347	-0.724079	-0.398239	-2.290892	-0.197176	-0.496564	0.000000	0.099253	0.691112	-0.094470	-0.185561	0.346840	-0.231926	0.095855	0.717894	-0.197371	-0.372334	0.466733	0.041698	0.297602	1.283154	0.738691	0.698802	-0.920489	2.091131	-0.708632	0.000000	0.855507	1.860173	0.395770	1.067191	0.160487	-0.529253	0.000000
-0.637894	1.045532	0.940852	0.036316	0.004512	-0.000371	0.999330	-0.014619	0.105603	-0.378060	0.791104	-0.344793	0.064115	-0.082160	0.030564	-0.395581	0.723404	-0.279400	0.089827	-0.111080	-1.408774	0.076315	-1.123541	-1.878778	-0.469844	0.145060	0.000000	-0.749560	-0.685262	-0.386696	-2.263349	-0.197132	-0.505355	0.000000	0.105515	0.248965	0.024226	-0.156376	0.253669	-0.147634	0.117493	0.316623	-0.001955	-0.198276	0.216216	-0.735997	0.121711	0.427908	1.291194	1.166081	1.081264	-0.755610	-0.147175	0.000000	1.099783	2.022269	0.674602	1.854241	-0.073809	-0.344238	0.000000
-0.638107	1.047384	0.941720	0.035255	0.004212	-0.000794	0.999369	-0.011413	0.105490	-0.377067	0.788584	-0.340813	0.061373	-0.078664	0.027422	-0.390268	0.714792	-0.280883	0.086526	-0.110038	-1.414296	0.109346	-1.093402	-1.830760	-0.527519	0.150481	0.000000	-0.725356	-0.643188	-0.371255	-2.216722	-0.200128	-0.510334	0.000000	0.182143	-0.214248	0.025074	-0.100785	0.178554	-0.178374	0.200509	-0.483674	0.443149	-0.620751	-0.132716	0.327875	-0.034860	0.768378	0.777111	0.751105	2.418965	-2.147725	0.058792	0.000000	1.184282	2.007842	0.824197	2.352142	-0.327978	-0.152718	0.000000
-0.638602	1.049777	0.942187	0.030018	0.004019	-0.001267	0.999540	-0.007333	0.097033	-0.377057	0.787072	-0.337651	0.056980	-0.074140	0.011217	-0.377855	0.698574	-0.284708	0.102942	-0.112474	-1.378039	0.107399	-1.093496	-1.782019	-0.555753	0.147412	0.000000	-0.702189	-0.604948	-0.353728	-2.169263	-0.210251	-0.511464	0.000000	0.224236	-0.521766	-0.011694	-0.044346	0.124167	-0.257256	0.235887	-0.797851	0.580387	-0.656852	-0.219987	0.425056	-0.135335	2.331275	-0.429334	-0.046188	2.800414	-1.187956	-0.278529	0.000000	1.138964	2.082691	0.990419	2.714634	-0.700524	0.045009	0.000000
-0.639091	1.052604	0.942226	0.022922	0.004098	-0.001844	0.999727	-0.002444	0.084619	-0.377535	0.786811	-0.335846	0.051083	-0.069229	-0.004492	-0.367052	0.688518	-0.289683	0.103529	-0.115452	-1.321045	0.092173	-1.095249	-1.718743	-0.575037	0.139340	0.000000	-0.679797	-0.559880	-0.331638	-2.108137	-0.228149	-0.508533	0.000000	0.259607	-0.607642	-0.077777	0.049263	0.042835	-0.256967	0.255257	-0.707983	0.459925	-0.391230	-0.269445	-0.043169	-0.003580	3.028855	-0.928806	0.076729	3.389511	-0.827417	-0.546747	0.000000	1.103416	2.199875	1.108522	3.337395	-0.992762	0.247723	0.000000
-0.639155	1.055070	0.941828	0.015944	0.004218	-0.003010	0.999860	0.003051	0.072728	-0.380168	0.789043	-0.335938	0.046701	-0.063930	-0.017102	-0.359458	0.682925	-0.295486	0.101216	-0.112618	-1.256885	0.070247	-1.090427	-1.646439	-0.588850	0.125542	0.000000	-0.658052	-0.516953	-0.309387	-2.035767	-0.249961	-0.501555	0.000000	0.446665	-0.463505	-0.085784	0.249477	-0.119621	-0.194825	0.431377	-0.514060	0.436068	-0.256439	-0.255078	-0.104123	0.542386	3.232706	-1.468161	0.386220	3.741434	-0.634792	-0.837788	0.000000	1.349631	1.758059	0.814719	3.963342	-0.828548	0.316764	0.000000
-0.639376	1.058356	0.941142	0.011433	0.005851	-0.006848	0.999894	0.015423	0.066079	-0.380966	0.796790	-0.340631	0.043290	-0.051974	-0.025055	-0.349609	0.678260	-0.299886	0.099364	-0.093756	-1.191737	0.033446	-1.079800	-1.569086	-0.600429	0.105828	0.000000	-0.625812	-0.489558	-0.299049	-1.949603	-0.261291	-0.495863	0.000000	0.489813	-0.268581	-0.092244	0.402099	-0.152951	-0.133436	0.461976	-0.299970	0.378194	-0.128555	-0.244303	-0.074338	0.604869	3.581476	-1.530709	1.217139	4.065177	-0.399987	-0.834117	0.000000	1.535381	1.489370	0.882020	4.436791	-0.550896	0.443389	0.000000
-0.639233	1.061824	0.940399	0.008597	0.007127	-0.008198	0.999904	0.022643	0.061984	-0.383858	0.805127	-0.342056	0.041364	-0.045451	-0.029101	-0.344330	0.677783	-0.305258	0.098242	-0.088423	-1.113626	0.009019	-1.041742	-1.483832	-0.604849	0.092177	0.000000	-0.596637	-0.457378	-0.274106	-1.858295	-0.271997	-0.483819	0.000000	0.345134	-0.173080	-0.213615	0.494303	-0.028602	-0.061597	0.312815	-0.117307	0.219907	0.022499	-0.243682	-0.070779	0.278038	4.252317	-1.168978	2.252236	4.348397	0.310546	-0.564545	0.000000	1.441278	1.570967	1.537990	4.823014	-0.379994	0.725130	0.000000
-0.638697	1.065121	0.939520	0.006884	0.008019	-0.009155	0.999902	0.029228	0.059156	-0.389511	0.816562	-0.341775	0.040826	-0.039461	-0.029747	-0.340813	0.679160	-0.309633	0.096533	-0.082635	-1.021644	-0.013313	-0.989711	-1.395150	-0.588007	0.083246	0.000000	-0.568161	-0.426719	-0.237530	-1.756683	-0.276491	-0.466858	0.000000	0.393229	-0.111091	-0.337561	0.765575	0.004639	-0.062391	0.377305	-0.005010	0.116416	0.229654	-0.216597	-0.460748	0.272454	4.969180	-1.368060	3.042105	4.442188	1.793976	-0.228349	0.000000	1.265560	1.384304	2.261569	5.652446	0.040589	1.095093	0.000000
-0.637975	1.068790	0.938231	0.004741	0.010617	-0.011481	0.999867	0.038372	0.057541	-0.397361	0.835750	-0.341870	0.038868	-0.030358	-0.029301	-0.339673	0.686969	-0.313922	0.079812	-0.077525	-0.914859	-0.045704	-0.920057	-1.306144	-0.533090	0.083043	0.000000	-0.546015	-0.402006	-0.183644	-1.632198	-0.270374	-0.440016	0.000000	0.436003	-0.070911	-0.472820	1.067910	0.054921	-0.094648	0.435200	0.002776	-0.002716	0.457430	-0.266408	-0.904571	0.254728	5.122450	-1.630686	3.826350	4.336345	3.440609	0.253117	0.000000	0.663474	1.363812	3.163359	6.681514	0.290870	1.561558	0.000000
-0.636861	1.072441	0.936753	0.003289	0.012957	-0.013152	0.999824	0.046668	0.056320	-0.408424	0.859278	-0.339578	0.037040	-0.022053	-0.029636	-0.340922	0.697457	-0.320290	0.060350	-0.072446	-0.816746	-0.078540	-0.836657	-1.221696	-0.450383	0.093371	0.000000	-0.541622	-0.372167	-0.110995	-1.489422	-0.264856	-0.404395	0.000000	0.384168	-0.064113	-0.635915	1.259799	0.196248	-0.090382	0.374203	-0.057060	-0.042000	0.452210	-0.348389	-0.582600	0.274561	4.122510	-1.121309	3.987062	3.854132	3.965028	0.722620	0.000000	-0.072122	1.646012	3.844627	6.606665	-0.010640	1.771393	0.000000
-0.635287	1.076225	0.935126	0.002066	0.015212	-0.014121	0.999783	0.053739	0.054976	-0.422797	0.886142	-0.334020	0.035253	-0.015390	-0.031584	-0.341353	0.705057	-0.327858	0.056508	-0.066542	-0.749958	-0.090556	-0.760575	-1.151979	-0.374489	0.111948	0.000000	-0.548900	-0.336166	-0.029858	-1.367931	-0.270799	-0.369160	0.000000	0.297647	-0.115423	-0.745220	1.326185	0.331288	-0.074328	0.273852	-0.064559	-0.052673	0.376327	-0.324040	-0.199030	0.384449	2.639948	0.092076	3.300561	3.347325	3.059518	0.823545	0.000000	-0.367261	1.627085	4.082950	5.332983	-0.264404	1.583003	0.000000
-0.633866	1.080002	0.933611	0.001420	0.016969	-0.014012	0.999757	0.058574	0.051703	-0.438233	0.912326	-0.326326	0.034067	-0.011099	-0.032218	-0.343029	0.712510	-0.333251	0.052389	-0.057068	-0.711149	-0.074857	-0.704634	-1.087803	-0.328002	0.126313	0.000000	-0.556312	-0.307083	0.052323	-1.276103	-0.275432	-0.341075	0.000000	0.255324	-0.120809	-0.854102	1.491627	0.425351	-0.061317	0.222134	0.021173	-0.097897	0.420730	-0.270854	-0.204190	0.501132	1.707463	0.902381	2.779348	2.964070	2.143496	0.782288	0.000000	-0.311631	1.208060	4.415646	4.201376	0.045952	1.404519	0.000000
-0.632290	1.083801	0.931885	0.001689	0.018544	-0.014199	0.999726	0.063952	0.050144	-0.456961	0.945807	-0.317006	0.032800	-0.006505	-0.030737	-0.345269	0.721886	-0.338692	0.048340	-0.046497	-0.681660	-0.054461	-0.649401	-1.033416	-0.288749	0.143240	0.000000	-0.561365	-0.287843	0.146767	-1.199876	-0.268961	-0.312979	0.000000	0.284823	-0.093447	-1.101142	1.932099	0.573642	-0.071836	0.238994	0.111855	-0.163671	0.564514	-0.271919	-0.250035	0.531940	1.236336	1.090891	2.798557	2.453412	1.896334	1.009069	0.000000	-0.311966	0.840918	5.151033	3.677142	0.661513	1.677822	0.000000
-0.630360	1.087483	0.929840	0.002675	0.021836	-0.014339	0.999655	0.069967	0.047965	-0.482278	0.989610	-0.303381	0.031194	-0.001539	-0.027744	-0.349576	0.735091	-0.344128	0.042387	-0.035790	-0.661695	-0.031221	-0.592692	-0.989666	-0.252149	0.166676	0.000000	-0.568791	-0.273447	0.258364	-1.129017	-0.248972	-0.273962	0.000000	0.301766	-0.045387	-1.401176	2.375165	0.790596	-0.079031	0.248215	0.192976	-0.283806	0.749761	-0.277884	-0.481747	0.556840	0.899257	1.235012	2.852406	1.836741	1.771794	1.280476	0.000000	-0.404298	0.983892	5.575477	3.075796	0.925308	2.250386	0.000000
-0.628330	1.091258	0.927709	0.004479	0.024392	-0.014316	0.999590	0.076023	0.048328	-0.513008	1.040813	-0.285382	0.029639	0.003424	-0.023018	-0.356621	0.751877	-0.349807	0.029071	-0.024223	-0.645689	-0.005060	-0.535305	-0.959947	-0.217878	0.194459	0.000000	-0.577537	-0.248488	0.369786	-1.076844	-0.231949	-0.222964	0.000000	0.232938	-0.041252	-1.439276	2.482796	0.884199	0.125082	0.189954	0.179200	-0.207621	0.613284	-0.210258	-0.574878	0.615061	0.619528	1.309899	2.531862	1.203977	1.397027	1.257548	0.000000	-0.532983	1.329552	4.777187	1.911312	0.605259	2.179741	0.000000
-0.626964	1.094635	0.926618	0.005391	0.026610	-0.013437	0.999541	0.079285	0.046315	-0.539849	1.088921	-0.268013	0.036197	0.006059	-0.020576	-0.357880	0.759622	-0.352538	0.019392	-0.011188	-0.636914	0.021174	-0.491418	-0.941507	-0.196268	0.216977	0.000000	-0.590110	-0.220265	0.449452	-1.052565	-0.224762	-0.186773	0.000000	0.219726	-0.055941	-2.115181	3.514487	0.493292	1.192638	0.226278	0.118436	-0.384592	0.686891	-0.220408	-0.745804	0.583793	0.320652	1.466991	3.039800	0.636393	1.506068	1.683250	0.000000	-1.070100	1.660838	4.818760	1.087201	0.309292	1.856107	0.000000
-0.624546	1.097960	0.924342	0.006102	0.026945	-0.014266	0.999517	0.084812	0.046091	-0.597616	1.181393	-0.265651	0.077344	0.012475	-0.018280	-0.372005	0.779352	-0.358624	-0.000762	-0.000872	-0.632863	0.053619	-0.413713	-0.934491	-0.157635	0.261789	0.000000	-0.620341	-0.182054	0.562537	-1.033356	-0.219577	-0.148720	0.000000	0.238355	0.062602	-2.636328	4.474333	-0.156354	1.734815	0.242505	0.035008	-0.461300	0.678512	-0.244011	-0.651033	0.529693	0.052938	1.479026	3.447437	0.075573	1.617313	2.023882	0.000000	-1.519981	1.539764	5.068361	0.649163	0.412139	1.568980	0.000000
-0.623105	1.100550	0.923339	0.005797	0.027416	-0.014364	0.999504	0.088819	0.048819	-0.645302	1.267895	-0.274267	0.105590	0.015759	-0.019176	-0.376332	0.786763	-0.362299	-0.006649	0.010000	-0.634797	0.080336	-0.353520	-0.938484	-0.131575	0.297933	0.000000	-0.650909	-0.158674	0.652186	-1.026598	-0.208276	-0.124013	0.000000	0.179524	-0.003525	-2.410850	4.470789	-0.459602	0.923376	0.136914	-0.087378	-0.156613	0.269826	-0.131012	-0.184390	0.544284	-0.186735	1.340123	3.090052	-0.401206	1.264399	1.800224	0.000000	-1.681192	1.232565	4.369040	0.217354	0.677780	1.205390	0.000000
-0.621803	1.102418	0.922895	0.003580	0.028424	-0.014313	0.999487	0.091993	0.045950	-0.694050	1.360224	-0.284035	0.114279	0.017951	-0.021775	-0.378270	0.790145	-0.363864	-0.008137	0.020900	-0.640333	0.107224	-0.290111	-0.950539	-0.107059	0.333798	0.000000	-0.687588	-0.132752	0.737298	-1.024662	-0.192466	-0.100504	0.000000	0.161399	-0.240216	-2.546948	4.750192	-0.489544	0.428141	0.117340	-0.139213	-0.095580	0.081660	-0.001146	-0.066570	0.536195	-0.411320	1.339176	3.213498	-0.856873	1.125237	1.740933	0.000000	-1.917222	1.383185	4.025290	-0.087440	0.832327	1.088968	0.000000
-0.620456	1.104164	0.923072	0.002050	0.028479	-0.014357	0.999489	0.095275	0.039210	-0.747180	1.457902	-0.293849	0.122715	0.020453	-0.024744	-0.380156	0.790029	-0.362345	-0.009312	0.031448	-0.651249	0.133903	-0.224980	-0.972759	-0.086566	0.367570	0.000000	-0.727598	-0.103347	0.813198	-1.030096	-0.174983	-0.080455	0.000000	0.143798	-0.452541	-2.595732	4.774904	-0.521572	0.372812	0.112977	-0.223465	-0.022106	-0.116354	0.114106	-0.107322	0.484155	-0.575346	1.331744	3.082890	-1.238079	0.861839	1.542018	0.000000	-1.976922	1.542046	3.500193	-0.427771	0.775358	0.875395	0.000000
-0.619324	1.105594	0.923966	-0.001314	0.027835	-0.014723	0.999503	0.097745	0.027848	-0.797879	1.551221	-0.304898	0.129192	0.022470	-0.030714	-0.379154	0.785491	-0.359300	-0.012430	0.040266	-0.663347	0.160494	-0.166795	-1.000062	-0.072585	0.395478	0.000000	-0.766665	-0.071070	0.877306	-1.041773	-0.161452	-0.065488	0.000000	0.110739	-0.597768	-2.340427	4.343307	-0.398244	0.101920	0.082371	-0.336307	0.079667	-0.281300	0.195181	-0.257044	0.419246	-0.618440	1.254189	2.551329	-1.375139	0.491831	1.207981	0.000000	-1.826239	1.548537	2.776757	-0.754777	0.552792	0.654108	0.000000
-0.618559	1.106755	0.925498	-0.004642	0.027296	-0.014591	0.999510	0.099704	0.015299	-0.840797	1.631635	-0.309779	0.126792	0.023748	-0.038196	-0.376969	0.778777	-0.354537	-0.019594	0.048218	-0.675987	0.184070	-0.122927	-1.027765	-0.066893	0.415889	0.000000	-0.800648	-0.041405	0.924268	-1.060287	-0.152871	-0.054290	0.000000	0.099062	-0.548441	-2.065195	3.791338	-0.226811	-0.103473	0.058592	-0.326703	0.092093	-0.376946	0.258713	-0.251133	0.386985	-0.701314	1.212110	2.108628	-1.553276	0.193976	0.976731	0.000000	-1.798136	1.451383	2.238202	-1.056531	0.448197	0.513296	0.000000
-0.617790	1.107824	0.927244	-0.008269	0.026089	-0.014497	0.999520	0.101707	0.005910	-0.880487	1.702874	-0.313970	0.125053	0.024814	-0.043782	-0.375470	0.770413	-0.348951	-0.022475	0.055745	-0.691399	0.208978	-0.082450	-1.062193	-0.064826	0.434547	0.000000	-0.838591	-0.013014	0.966834	-1.084034	-0.143524	-0.044956	0.000000	0.122168	-0.342735	-1.961377	3.371578	-0.202288	-0.157657	0.056755	-0.291239	0.058849	-0.460500	0.281560	-0.043389	0.337747	-0.913134	1.501689	2.264322	-2.321085	0.033369	1.001096	0.000000	-2.444714	1.438764	2.418435	-1.465848	0.751664	0.473732	0.000000
-0.617176	1.108681	0.928661	-0.011957	0.024061	-0.014624	0.999532	0.104591	0.001590	-0.919253	1.766498	-0.317870	0.120486	0.026018	-0.049846	-0.374615	0.760357	-0.343275	-0.021329	0.061727	-0.712512	0.244138	-0.032354	-1.120608	-0.065558	0.455933	0.000000	-0.898436	0.016145	1.021005	-1.118921	-0.122805	-0.035341	0.000000	0.145999	-0.170067	-1.722005	2.760944	-0.172101	-0.121892	0.057971	-0.350151	0.018414	-0.497486	0.303241	0.075916	0.289735	-0.993767	1.636344	2.236064	-2.940899	-0.086709	0.942256	0.000000	-2.798185	1.354098	2.247846	-1.762050	0.961465	0.321426	0.000000
-0.616748	1.109498	0.930301	-0.015948	0.021577	-0.014789	0.999531	0.107547	-0.000892	-0.949367	1.813312	-0.320854	0.120177	0.027133	-0.057788	-0.374734	0.750514	-0.336822	-0.019439	0.067335	-0.731150	0.274432	0.006993	-1.179829	-0.068295	0.472238	0.000000	-0.950518	0.041150	1.056748	-1.154516	-0.105065	-0.032099	0.000000	0.163332	0.025188	-1.242122	1.917315	-0.182125	0.074225	0.079268	-0.389483	-0.006207	-0.484544	0.353618	0.104240	0.250200	-0.822917	1.565897	1.982015	-3.342626	-0.149830	0.761639	0.000000	-2.617970	1.339655	1.585206	-2.045178	0.749078	-0.048614	0.000000
-0.616391	1.110149	0.931975	-0.019878	0.019222	-0.015435	0.999498	0.111124	0.002598	-0.968937	1.843190	-0.325155	0.123455	0.029189	-0.065425	-0.374863	0.740975	-0.329130	-0.017160	0.071735	-0.745429	0.306774	0.046926	-1.254313	-0.071551	0.486399	0.000000	-1.003155	0.069732	1.084414	-1.200728	-0.092842	-0.037286	0.000000	0.188036	0.358478	-0.670840	0.992718	-0.219403	0.197193	0.112560	-0.389800	-0.011632	-0.441083	0.380769	0.046038	0.189638	-0.603312	1.584971	1.854267	-3.736058	-0.243044	0.645168	0.000000	-2.531946	1.247628	1.215237	-2.352244	0.630809	-0.328507	0.000000
-0.616098	1.110426	0.933661	-0.024029	0.017063	-0.016364	0.999432	0.115069	0.013447	-0.976201	1.853021	-0.329630	0.128065	0.031635	-0.073380	-0.375199	0.732871	-0.321591	-0.017597	0.074920	-0.755282	0.337831	0.081163	-1.329272	-0.078016	0.498044	0.000000	-1.051796	0.091055	1.105358	-1.248606	-0.079833	-0.045240	0.000000	0.146327	0.477498	-0.082794	-0.014335	-0.256708	0.240111	0.088891	-0.468340	-0.008774	-0.387570	0.327586	-0.030689	0.090664	-0.420637	1.594993	1.620831	-3.763822	-0.483242	0.542954	0.000000	-2.379909	0.948019	0.930911	-2.464238	0.690746	-0.422174	0.000000
-0.616330	1.110086	0.935299	-0.029852	0.014704	-0.017038	0.999301	0.116978	0.021697	-0.972249	1.842617	-0.335423	0.133059	0.032744	-0.084159	-0.375214	0.725473	-0.316027	-0.018387	0.075362	-0.762254	0.370573	0.111760	-1.404866	-0.090881	0.508117	0.000000	-1.098351	0.107652	1.121650	-1.299298	-0.065212	-0.054173	0.000000	0.044348	0.273601	0.539114	-1.073346	-0.343219	0.053200	0.017398	-0.558366	0.030431	-0.345179	0.210046	-0.029258	-0.025961	-0.312981	1.544125	1.491341	-3.810701	-0.731307	0.458987	0.000000	-2.239913	0.708086	0.708452	-2.568668	0.752487	-0.441431	0.000000
-0.616958	1.109040	0.936576	-0.036490	0.012692	-0.017447	0.999101	0.116842	0.024391	-0.954636	1.810087	-0.343359	0.130193	0.032331	-0.095715	-0.373982	0.719063	-0.313189	-0.018768	0.073882	-0.767802	0.399596	0.140817	-1.481700	-0.107269	0.516404	0.000000	-1.141392	0.119378	1.133696	-1.351352	-0.049733	-0.062897	0.000000	0.012539	0.009993	1.194510	-2.154535	-0.420383	-0.276778	-0.004095	-0.570784	0.080597	-0.285912	0.095885	-0.018797	-0.107353	-0.269543	1.302727	1.432974	-3.875363	-0.820141	0.374496	0.000000	-2.066043	0.448151	0.611597	-2.599829	0.792847	-0.325809	0.000000
-0.617871	1.108080	0.937415	-0.043078	0.011136	-0.018148	0.998845	0.117479	0.022097	-0.924469	1.756436	-0.352239	0.121988	0.032581	-0.106990	-0.371990	0.714036	-0.312191	-0.019139	0.071068	-0.773036	0.422682	0.169078	-1.559881	-0.123686	0.523097	0.000000	-1.180993	0.125578	1.146114	-1.403291	-0.033498	-0.067205	0.000000	0.057723	-0.258032	1.773806	-3.185046	-0.575659	-0.533374	0.029047	-0.530967	0.110947	-0.229321	0.021479	0.011010	-0.096546	-0.185803	0.978950	1.397875	-4.066115	-0.779660	0.279465	0.000000	-1.894146	0.299311	0.365025	-2.703497	0.801228	-0.335685	0.000000
-0.618805	1.107117	0.937798	-0.049191	0.009960	-0.019249	0.998554	0.119151	0.014070	-0.883684	1.682685	-0.366385	0.108858	0.033493	-0.116954	-0.369544	0.709891	-0.312330	-0.018327	0.070020	-0.775234	0.438754	0.196732	-1.644344	-0.138455	0.527583	0.000000	-1.217158	0.131351	1.148297	-1.459492	-0.017684	-0.076324	0.000000	0.091385	-0.513922	2.262017	-4.149857	-0.708924	-0.575654	0.059814	-0.469994	0.140953	-0.200373	-0.013105	0.074417	-0.009972	-0.149751	0.605357	1.296942	-4.124373	-0.641708	0.184128	0.000000	-1.726958	0.172637	0.021863	-2.724683	0.803056	-0.509539	0.000000
-0.619766	1.105803	0.937848	-0.054759	0.009218	-0.020816	0.998240	0.121134	0.001540	-0.833988	1.590441	-0.380596	0.098962	0.034973	-0.125790	-0.366352	0.706021	-0.312716	-0.016163	0.070669	-0.779026	0.446897	0.220956	-1.724856	-0.149355	0.530462	0.000000	-1.250072	0.132484	1.146988	-1.512278	-0.001376	-0.087587	0.000000	0.092161	-0.612768	2.716710	-5.029387	-0.748698	-0.613197	0.063423	-0.434420	0.198192	-0.163923	-0.071907	0.136945	0.055559	-0.232656	0.296096	1.074147	-3.907940	-0.490301	0.087976	0.000000	-1.498359	-0.010196	-0.086448	-2.519569	0.764397	-0.493122	0.000000
-0.621301	1.104119	0.937562	-0.059446	0.008999	-0.022577	0.997936	0.122838	-0.010441	-0.775015	1.481510	-0.396333	0.084330	0.036030	-0.134330	-0.361616	0.703334	-0.315206	-0.012849	0.072242	-0.784540	0.450598	0.239698	-1.800662	-0.158067	0.531102	0.000000	-1.277093	0.130943	1.144839	-1.560275	0.012892	-0.096049	0.000000	0.072490	-0.706951	3.077286	-5.794302	-0.810280	-0.816705	0.048142	-0.407584	0.240833	-0.118208	-0.164449	0.226429	0.063891	-0.309916	0.105502	0.873333	-3.759545	-0.416613	0.018737	0.000000	-1.229483	-0.116112	-0.114617	-2.364633	0.641492	-0.362116	0.000000
-0.623141	1.102071	0.936839	-0.063673	0.008811	-0.024454	0.997632	0.124034	-0.026738	-0.710897	1.358669	-0.413007	0.066294	0.036899	-0.142093	-0.356719	0.701293	-0.319293	-0.007105	0.073225	-0.791423	0.451117	0.255889	-1.875237	-0.166019	0.531211	0.000000	-1.299251	0.127839	1.142404	-1.606863	0.024284	-0.102071	0.000000	0.020839	-0.822126	3.393076	-6.400603	-0.778195	-0.861020	0.016889	-0.229761	0.330430	-0.076126	-0.257141	0.281189	0.061590	-0.339869	-0.020055	0.731466	-3.353557	-0.373407	0.034779	0.000000	-0.926864	-0.153958	-0.144124	-2.105987	0.491453	-0.233239	0.000000
-0.625788	1.099342	0.935814	-0.066450	0.009895	-0.026151	0.997398	0.123671	-0.043326	-0.639292	1.225485	-0.427461	0.049889	0.036706	-0.143521	-0.348399	0.700289	-0.325492	-0.001602	0.074706	-0.798135	0.449795	0.268956	-1.934804	-0.173003	0.532493	0.000000	-1.314167	0.124784	1.139074	-1.644515	0.032550	-0.105379	0.000000	-0.031650	-0.719944	3.555183	-6.746295	-0.496101	-0.830604	-0.018977	-0.126052	0.443900	-0.062954	-0.367780	0.309052	0.045572	-0.323522	-0.046700	0.633873	-2.871349	-0.412988	0.070600	0.000000	-0.580242	-0.132700	-0.165400	-1.819295	0.301955	-0.155104	0.000000
-0.628599	1.096323	0.934531	-0.068198	0.011136	-0.027868	0.997220	0.122768	-0.055535	-0.568689	1.088817	-0.432851	0.033070	0.036140	-0.147136	-0.338963	0.698775	-0.334005	0.005257	0.075047	-0.804364	0.449249	0.281244	-1.990091	-0.182539	0.534035	0.000000	-1.322461	0.122531	1.135788	-1.679635	0.036362	-0.108275	0.000000	-0.072778	-0.614635	3.367217	-6.643215	0.230988	-1.133895	-0.047817	-0.106717	0.475362	-0.047459	-0.440829	0.301213	0.006617	-0.233291	-0.010846	0.579606	-2.584514	-0.570275	0.010096	0.000000	-0.266427	-0.140768	-0.137165	-1.612279	0.080277	-0.128639	0.000000
-0.631512	1.092850	0.933033	-0.068655	0.012481	-0.029214	0.997135	0.120760	-0.067911	-0.504604	0.959757	-0.418222	0.004533	0.034793	-0.147789	-0.329384	0.698390	-0.343125	0.010447	0.074971	-0.807466	0.449362	0.292141	-2.038185	-0.195814	0.532897	0.000000	-1.324824	0.119154	1.133587	-1.709006	0.035761	-0.110524	0.000000	-0.214857	-0.861144	2.719697	-5.197805	2.026179	-1.147547	-0.125086	-0.006788	0.514550	-0.016469	-0.474384	0.425296	0.006359	-0.090283	-0.008046	0.506472	-1.986554	-0.656755	-0.091134	0.000000	-0.013161	-0.175582	-0.044537	-1.188320	-0.094233	-0.066799	0.000000
-0.634720	1.088815	0.931753	-0.068173	0.014833	-0.030396	0.997100	0.114174	-0.089981	-0.459901	0.880905	-0.351804	-0.012832	0.031136	-0.147407	-0.318381	0.698116	-0.352980	0.022269	0.075302	-0.807975	0.448927	0.301503	-2.069554	-0.208809	0.530390	0.000000	-1.322987	0.115508	1.134006	-1.727168	0.032593	-0.110947	0.000000	-0.537248	-0.418146	1.853769	-2.492860	1.091242	0.654131	-0.341709	0.111474	0.631139	-0.097509	-0.255888	0.231450	0.002921	-0.020042	-0.043120	0.482773	-1.152825	-0.592167	-0.102729	0.000000	0.185969	-0.194313	0.125867	-0.618380	-0.207627	0.030441	0.000000
-0.637503	1.083344	0.932462	-0.067473	0.017223	-0.028917	0.997153	0.099270	-0.084637	-0.430453	0.860042	-0.374572	0.030699	0.021125	-0.143330	-0.304139	0.694490	-0.353360	0.019705	0.075087	-0.808268	0.447637	0.311452	-2.084298	-0.219501	0.528787	0.000000	-1.317386	0.111381	1.138622	-1.733741	0.027456	-0.109306	0.000000	-0.547588	0.426078	1.134485	-0.646847	-0.783565	1.145612	-0.493644	0.089278	0.654015	-0.182931	-0.209274	0.349672	0.034778	0.048889	-0.112274	0.553487	-0.472790	-0.516801	-0.061619	0.000000	0.387609	-0.257276	0.296366	-0.134912	-0.280708	0.125222	0.000000
-0.639968	1.078048	0.932949	-0.065181	0.019413	-0.027593	0.997303	0.092270	-0.072938	-0.414522	0.855031	-0.383146	0.032992	0.011390	-0.143836	-0.292220	0.690799	-0.361351	0.036255	0.076693	-0.806019	0.444436	0.323643	-2.088465	-0.229481	0.527925	0.000000	-1.307483	0.105217	1.145861	-1.732564	0.021365	-0.105939	0.000000	-0.414818	0.130796	0.651705	-0.372890	0.029960	-0.057661	-0.484123	-0.119142	0.617774	-0.381234	-0.160677	0.961349	0.062421	0.526063	-0.658049	1.143377	0.199866	-0.816292	-0.161608	0.000000	1.243037	-0.730026	0.722110	0.528264	-0.602673	0.357827	0.000000
-0.641191	1.073398	0.934855	-0.065634	0.020332	-0.025829	0.997302	0.082678	-0.079405	-0.404385	0.845127	-0.373374	0.028392	0.001760	-0.148096	-0.279428	0.679241	-0.359788	0.058159	0.077584	-0.787225	0.421315	0.357187	-2.076303	-0.252153	0.522323	0.000000	-1.267664	0.082180	1.167506	-1.712610	0.003349	-0.094993	0.000000	-0.470564	-0.342658	0.400290	-0.534807	0.522377	-0.341792	-0.477024	-0.269365	0.372973	-0.305654	0.149804	0.434654	0.020148	1.091808	-1.308984	1.432457	0.962436	-0.962956	-0.363265	0.000000	2.057976	-1.101488	1.005694	1.224139	-0.911826	0.493306	0.000000
-0.641428	1.069202	0.936507	-0.068533	0.019971	-0.023497	0.997172	0.073448	-0.086644	-0.398510	0.833639	-0.362251	0.019321	-0.007690	-0.154611	-0.277301	0.678573	-0.355359	0.053642	0.077499	-0.762347	0.392077	0.380941	-2.049968	-0.267999	0.513395	0.000000	-1.225164	0.061158	1.186089	-1.683599	-0.015108	-0.086206	0.000000	-0.469900	-0.331832	0.278923	-0.532053	0.464150	-0.345455	-0.473356	-0.335747	0.012509	0.088546	0.146671	-0.472716	0.011091	1.300603	-1.498569	1.024929	1.560652	-0.702524	-0.491509	0.000000	2.255249	-1.006209	0.938216	1.652101	-1.026093	0.411380	0.000000
-0.641381	1.065035	0.937494	-0.070119	0.019794	-0.021769	0.997105	0.063882	-0.092679	-0.393228	0.823845	-0.354808	0.014574	-0.017175	-0.161526	-0.278928	0.682782	-0.353921	0.039250	0.078028	-0.735201	0.361372	0.398184	-2.013877	-0.280254	0.502663	0.000000	-1.177454	0.041932	1.205035	-1.646526	-0.037695	-0.078538	0.000000	-0.500265	-0.062783	0.325493	-0.443533	0.245699	-0.111047	-0.491503	-0.115028	0.008980	0.103256	0.085448	-0.412898	0.066347	1.461041	-1.578435	0.796215	2.151835	-0.677731	-0.584847	0.000000	2.545002	-1.041719	0.945154	2.417365	-1.206006	0.341058	0.000000
-0.641238	1.060604	0.937693	-0.068341	0.020232	-0.018907	0.997278	0.053437	-0.089156	-0.385491	0.815898	-0.352423	0.014879	-0.027351	-0.159212	-0.276942	0.682703	-0.351941	0.037126	0.080153	-0.703905	0.328939	0.412790	-1.963894	-0.295108	0.490001	0.000000	-1.123363	0.019489	1.223895	-1.586904	-0.063349	-0.072564	0.000000	-0.522095	0.393024	0.381848	-0.269242	-0.013133	0.122793	-0.514498	0.223343	0.104709	-0.029936	-0.058120	0.493524	0.153585	1.650728	-1.501846	0.584140	2.831554	-0.771096	-0.599086	0.000000	2.726558	-1.028932	0.856680	3.416413	-1.272874	0.273864	0.000000
-0.641080	1.056087	0.937017	-0.062250	0.021187	-0.016733	0.997695	0.042998	-0.076958	-0.377954	0.813075	-0.355333	0.019486	-0.037754	-0.152592	-0.274739	0.681585	-0.356246	0.058991	0.084171	-0.669172	0.301298	0.421549	-1.900615	-0.311098	0.478699	0.000000	-1.068392	0.000774	1.239302	-1.509870	-0.088610	-0.067584	0.000000	-0.528390	0.732999	0.376699	-0.073773	-0.234936	0.222219	-0.521396	0.562024	-0.048117	0.192548	-0.225089	0.763575	0.206315	1.727121	-1.236493	0.190752	3.379196	-0.673979	-0.604074	0.000000	2.891257	-0.704481	0.418630	4.030877	-1.372538	0.132757	0.000000
-0.640953	1.051361	0.935669	-0.053651	0.022436	-0.014412	0.998204	0.032302	-0.059836	-0.370423	0.812947	-0.361821	0.023767	-0.048206	-0.136731	-0.278867	0.690405	-0.360944	0.067669	0.088405	-0.634821	0.279480	0.420420	-1.828727	-0.322068	0.465838	0.000000	-1.007713	-0.008690	1.240640	-1.425669	-0.118250	-0.067254	0.000000	-0.569683	0.827329	0.300003	0.001965	-0.289049	0.152942	-0.540958	0.847071	-0.474204	0.735191	-0.092902	-0.369794	-0.057968	1.505086	-0.759803	-0.155883	3.026372	-0.355499	-0.575353	0.000000	2.649193	-0.182124	-0.235277	3.342336	-1.377832	-0.035328	0.000000
-0.640716	1.046921	0.934137	-0.044833	0.022842	-0.011126	0.998671	0.020211	-0.043865	-0.365954	0.813154	-0.366895	0.025603	-0.059393	-0.118709	-0.293707	0.710993	-0.359962	0.044199	0.081853	-0.608969	0.270906	0.415314	-1.779560	-0.325318	0.455685	0.000000	-0.962424	-0.006510	1.229891	-1.376176	-0.143723	-0.068997	0.000000	-0.492499	0.699779	0.137985	0.131941	-0.256605	0.073134	-0.465583	0.748918	-0.745826	1.085979	-0.085918	-0.651470	-0.265997	1.572159	-0.596122	-0.665028	3.951934	-0.054788	-0.723997	0.000000	3.070404	0.439349	-1.348144	3.890812	-1.784343	-0.186631	0.000000
-0.640541	1.042953	0.932217	-0.037989	0.023587	-0.009656	0.998953	0.012602	-0.031845	-0.364903	0.818224	-0.372085	0.026693	-0.066830	-0.106774	-0.308700	0.733844	-0.364381	0.041610	0.077766	-0.571934	0.255635	0.393819	-1.670649	-0.324259	0.436878	0.000000	-0.884897	0.008884	1.186714	-1.270037	-0.189624	-0.074719	0.000000	-0.413670	0.504307	0.047906	0.286694	-0.267141	0.041350	-0.408138	0.648498	-0.834300	1.363574	-0.131191	-0.386590	-0.248588	1.664904	-0.706517	-1.346313	4.911649	0.194145	-0.880656	0.000000	3.346352	0.583884	-2.701005	4.247582	-1.939811	-0.446728	0.000000
-0.640313	1.038960	0.930197	-0.032513	0.024848	-0.007577	0.999134	0.003664	-0.023692	-0.364038	0.824621	-0.377580	0.027257	-0.075718	-0.092770	-0.327079	0.765536	-0.365209	0.028736	0.071909	-0.542373	0.242646	0.361462	-1.583094	-0.317552	0.420459	0.000000	-0.828570	0.016845	1.121851	-1.206273	-0.221315	-0.086866	0.000000	-0.440031	0.289969	0.005285	0.344183	-0.241310	0.012515	-0.438428	0.514501	-1.004201	1.826792	-0.190385	-0.611073	-0.388456	1.254903	-0.617169	-1.954199	4.650524	0.449593	-0.825844	0.000000	2.655752	0.248525	-3.606915	2.982968	-1.413878	-0.608156	0.000000
-0.639671	1.035295	0.928281	-0.029947	0.026316	-0.005520	0.999190	-0.005000	-0.020246	-0.364692	0.831992	-0.381737	0.027193	-0.084367	-0.086194	-0.348868	0.806916	-0.371997	0.017167	0.062227	-0.521738	0.230948	0.315651	-1.484628	-0.306275	0.403844	0.000000	-0.778667	0.018825	1.042438	-1.150718	-0.246179	-0.099045	0.000000	-0.411064	0.122130	-0.057183	0.409290	-0.189055	0.007687	-0.384153	0.284418	-1.240677	2.553076	-0.362471	-0.819139	-0.554846	0.950190	-0.708831	-2.626835	5.006123	0.751915	-0.939584	0.000000	2.554573	-0.129220	-4.147956	2.429318	-1.281461	-0.516137	0.000000
-0.638730	1.031822	0.926412	-0.028839	0.028116	-0.003833	0.999181	-0.012779	-0.018807	-0.366325	0.840993	-0.385143	0.027565	-0.091084	-0.081393	-0.376706	0.867659	-0.379708	-0.004030	0.049715	-0.504365	0.214292	0.256388	-1.382849	-0.287475	0.382876	0.000000	-0.726387	0.011676	0.955933	-1.109100	-0.272574	-0.107511	0.000000	-0.333958	0.057473	-0.073826	0.445238	-0.138196	0.041188	-0.281415	-0.001850	-1.560583	3.638510	-0.849279	-1.107681	-0.670184	0.703141	-0.883129	-3.381197	5.211407	1.191616	-1.046401	0.000000	2.646953	-0.343993	-4.597730	1.668894	-1.619939	-0.315848	0.000000
-0.637672	1.028738	0.924736	-0.027694	0.030135	-0.002904	0.999158	-0.018358	-0.017947	-0.367645	0.849801	-0.387265	0.028841	-0.095623	-0.086268	-0.411291	0.952456	-0.405968	-0.027140	0.035420	-0.493613	0.195623	0.180403	-1.276172	-0.258611	0.361988	0.000000	-0.672789	0.005065	0.858528	-1.083962	-0.310977	-0.111679	0.000000	-0.325865	0.088970	-0.034714	0.354128	-0.105180	0.103848	-0.295623	-0.347105	-1.976820	4.838307	-1.116376	-1.118181	-0.690603	0.419398	-0.931298	-3.432935	4.488855	1.444161	-0.913931	0.000000	2.241969	-0.227968	-4.362741	0.808832	-1.894639	-0.274044	0.000000
-0.636027	1.025728	0.923373	-0.025237	0.032051	-0.001013	0.999167	-0.025813	-0.015248	-0.367713	0.855158	-0.389350	0.031719	-0.102909	-0.095277	-0.455779	1.061191	-0.424363	-0.048757	0.022091	-0.487589	0.177040	0.119071	-1.203295	-0.229709	0.346318	0.000000	-0.636708	0.002557	0.781423	-1.076747	-0.348359	-0.118473	0.000000	-0.304562	0.167793	-0.143689	0.418518	-0.102292	0.108603	-0.302464	-0.449095	-2.505971	5.965303	-1.188242	-0.967933	-0.686970	0.082886	-1.337385	-4.146682	4.330531	2.366016	-0.761469	0.000000	2.028480	-0.426389	-5.020234	-0.035578	-2.699777	-0.829220	0.000000
-0.634584	1.022824	0.921647	-0.022755	0.033164	-0.000389	0.999191	-0.030540	-0.011235	-0.373393	0.866542	-0.391357	0.033185	-0.107722	-0.104232	-0.511530	1.191068	-0.453497	-0.065858	0.007941	-0.490297	0.142127	0.014535	-1.102951	-0.163970	0.331529	0.000000	-0.591650	-0.011991	0.657719	-1.085385	-0.418968	-0.144848	0.000000	-0.230277	0.087663	-0.064785	0.329961	-0.041559	0.087901	-0.274290	-0.478929	-2.571744	6.456614	-1.135904	-0.863080	-0.721989	0.136300	-1.552796	-4.572073	3.827304	2.498022	-0.767756	0.000000	1.673478	-1.095956	-4.772699	-0.203416	-2.458291	-1.181246	0.000000
-0.633747	1.019687	0.921284	-0.022504	0.034633	0.000006	0.999147	-0.035024	-0.011742	-0.370305	0.868357	-0.391012	0.035235	-0.113881	-0.114434	-0.558649	1.319455	-0.469799	-0.083280	-0.006788	-0.482137	0.114928	-0.063812	-1.050203	-0.129788	0.315608	0.000000	-0.569769	-0.041281	0.590515	-1.084884	-0.446691	-0.165723	0.000000	-0.316871	0.010419	-0.095408	0.227307	-0.006206	0.112560	-0.396947	-0.414048	-2.807359	6.821534	-0.721950	-0.813991	-0.660315	0.182176	-1.910831	-4.848658	2.840763	2.269073	-1.018499	0.000000	1.223244	-1.814005	-4.180470	-0.214505	-1.676893	-1.239786	0.000000
-0.632383	1.016978	0.920115	-0.021418	0.035139	0.001799	0.999151	-0.043215	-0.010818	-0.377209	0.875634	-0.391605	0.037687	-0.123600	-0.120794	-0.623824	1.463930	-0.482375	-0.098417	-0.018471	-0.483010	0.065694	-0.179411	-0.989320	-0.073207	0.290789	0.000000	-0.542720	-0.084551	0.490500	-1.093966	-0.486043	-0.194439	0.000000	-0.294468	-0.018559	-0.062573	0.078449	0.069629	0.168956	-0.383044	-0.267291	-2.686264	6.512528	-0.591150	-0.752735	-0.649861	-0.003655	-1.834169	-4.894386	2.494924	2.134413	-0.946353	0.000000	1.034284	-1.926209	-4.105359	-0.439265	-1.495718	-1.115660	0.000000
-0.632467	1.014997	0.920963	-0.021328	0.035455	0.002782	0.999140	-0.046803	-0.012484	-0.372808	0.871495	-0.388227	0.041993	-0.129203	-0.125126	-0.666100	1.579957	-0.493445	-0.113390	-0.032783	-0.482283	0.041562	-0.259588	-0.950406	-0.044411	0.277754	0.000000	-0.528398	-0.118329	0.426301	-1.102454	-0.506520	-0.210349	0.000000	-0.211424	-0.059397	0.105421	-0.188628	0.143968	0.186088	-0.288636	-0.080856	-2.148645	5.551687	-0.380872	-0.548913	-0.652525	-0.230650	-1.328545	-4.424206	1.941068	1.375076	-0.747496	0.000000	0.699158	-1.791847	-3.688671	-0.638795	-1.150363	-0.878666	0.000000
-0.632246	1.012855	0.921721	-0.021385	0.035056	0.003486	0.999151	-0.051672	-0.013194	-0.372992	0.868089	-0.385846	0.045131	-0.135145	-0.124028	-0.709770	1.685997	-0.497610	-0.120374	-0.044573	-0.492236	0.012552	-0.356379	-0.911677	-0.018204	0.260889	0.000000	-0.514754	-0.156225	0.342954	-1.119517	-0.532058	-0.229586	0.000000	-0.198943	-0.034795	-0.125181	-0.141057	0.176889	0.188490	-0.232942	0.160973	-2.236465	5.018923	-0.191157	-0.172192	-0.564159	-0.973083	-1.538393	-5.478613	1.788995	0.890481	-1.103775	0.000000	0.618316	-2.251681	-4.720634	-1.079300	-1.210041	-1.167137	0.000000
-0.631378	1.010923	0.922274	-0.021745	0.032938	0.003891	0.999213	-0.054761	-0.013876	-0.377815	0.865852	-0.381151	0.049533	-0.138520	-0.118687	-0.755558	1.780713	-0.501092	-0.120277	-0.055349	-0.521207	-0.019974	-0.478732	-0.878846	-0.008792	0.233603	0.000000	-0.503665	-0.208396	0.237475	-1.145626	-0.554921	-0.257035	0.000000	-0.106890	-0.018506	-0.147681	-0.176805	0.199725	0.251737	-0.122378	0.302576	-1.901721	4.095408	-0.176553	0.038303	-0.524595	-1.487403	-1.324325	-5.425423	1.140586	-0.087183	-1.233850	0.000000	0.379965	-2.508450	-4.661510	-1.204681	-0.694509	-1.173227	0.000000
-0.631067	1.009394	0.923514	-0.021190	0.031833	0.003534	0.999262	-0.055948	-0.013935	-0.378899	0.861017	-0.377857	0.055200	-0.140040	-0.111925	-0.785839	1.849813	-0.504672	-0.118842	-0.065556	-0.551732	-0.040421	-0.573396	-0.866054	-0.021691	0.211535	0.000000	-0.499555	-0.256563	0.156493	-1.167705	-0.559838	-0.276515	0.000000	-0.019520	0.022314	-0.074220	-0.219131	0.172693	0.314540	-0.061300	0.397381	-1.366155	3.029409	-0.196737	-0.013298	-0.472848	-1.691481	-1.151830	-4.861866	0.354065	-0.931069	-1.151098	0.000000	0.158361	-2.571780	-4.347863	-1.276976	-0.084697	-0.979408	0.000000
-0.630593	1.008333	0.924907	-0.019333	0.030063	0.002487	0.999358	-0.055542	-0.012983	-0.380784	0.857087	-0.374244	0.062114	-0.140972	-0.102792	-0.810204	1.901890	-0.508961	-0.120809	-0.074263	-0.588866	-0.066047	-0.673207	-0.864683	-0.046035	0.187559	0.000000	-0.497331	-0.311268	0.063561	-1.196705	-0.558309	-0.296211	0.000000	0.028295	0.041138	-0.115106	-0.154108	0.202902	0.405490	0.012426	0.583898	-0.957227	2.035436	-0.270836	0.070702	-0.429702	-1.797634	-1.240752	-4.575863	-0.268020	-1.244062	-1.161083	0.000000	0.050442	-2.550101	-4.312358	-1.437113	0.169542	-1.003917	0.000000
-0.630100	1.007507	0.926299	-0.018623	0.029022	0.001606	0.999404	-0.054816	-0.012289	-0.383503	0.854853	-0.369741	0.071420	-0.139543	-0.088569	-0.824128	1.931231	-0.515506	-0.116014	-0.082744	-0.623638	-0.090051	-0.756431	-0.876775	-0.071454	0.165092	0.000000	-0.497537	-0.358567	-0.016001	-1.225189	-0.553057	-0.316672	0.000000	0.038763	0.047706	-0.064758	-0.099581	0.193280	0.371044	0.069351	0.690659	-0.299305	0.708979	-0.301853	0.238310	-0.405443	-2.051978	-1.133516	-3.958392	-1.044615	-1.359558	-0.905345	0.000000	-0.048971	-2.466347	-3.710763	-1.512936	0.463389	-0.855079	0.000000
-0.629813	1.007431	0.926619	-0.017853	0.028424	0.000709	0.999436	-0.053991	-0.011075	-0.383374	0.853104	-0.366513	0.076956	-0.138198	-0.075165	-0.822177	1.930249	-0.521035	-0.111277	-0.090481	-0.670945	-0.111388	-0.831542	-0.906468	-0.100417	0.151345	0.000000	-0.499290	-0.409922	-0.084870	-1.257223	-0.539774	-0.330414	0.000000	0.040350	0.082901	0.048275	-0.101054	0.149790	0.228993	0.048286	0.684253	0.192529	-0.066954	-0.272870	0.234089	-0.395494	-2.382188	-1.011123	-3.306010	-1.767336	-1.330287	-0.389962	0.000000	-0.200444	-2.428132	-3.173370	-1.539212	0.659688	-0.616737	0.000000
-0.629766	1.007168	0.927214	-0.015624	0.028384	-0.000628	0.999475	-0.053202	-0.008973	-0.381572	0.850811	-0.363750	0.080580	-0.137612	-0.061199	-0.816427	1.928553	-0.526421	-0.106650	-0.098564	-0.718925	-0.130496	-0.888671	-0.947468	-0.124665	0.149494	0.000000	-0.505555	-0.455692	-0.142936	-1.286758	-0.526669	-0.341341	0.000000	0.056201	0.106496	0.051748	-0.150925	0.127544	0.235719	-0.015831	0.513811	0.528429	-0.385982	-0.339545	0.254676	-0.377084	-2.660371	-0.830702	-2.946207	-2.438904	-1.385746	0.122639	0.000000	-0.363539	-2.310953	-2.970271	-1.683527	0.683263	-0.505236	0.000000
-0.630062	1.005835	0.929616	-0.013462	0.027252	-0.001699	0.999536	-0.051743	-0.006815	-0.381304	0.847067	-0.361411	0.086385	-0.138832	-0.054613	-0.801039	1.914810	-0.534617	-0.101090	-0.105564	-0.777360	-0.144616	-0.949391	-1.004024	-0.155847	0.156251	0.000000	-0.513831	-0.502360	-0.203681	-1.324564	-0.512443	-0.350624	0.000000	0.080886	0.108685	-0.003579	-0.208740	0.111862	0.316870	-0.035883	0.193623	0.907023	-1.310107	-0.449876	0.312740	-0.346047	-3.080113	-0.503301	-3.001618	-3.099756	-1.738721	0.525292	0.000000	-0.454117	-2.185838	-2.916460	-2.094558	0.718603	-0.407370	0.000000
-0.629859	1.005906	0.929583	-0.011341	0.025574	-0.002649	0.999605	-0.049967	-0.004626	-0.381716	0.842461	-0.359275	0.093255	-0.139047	-0.053454	-0.780146	1.876148	-0.544416	-0.094140	-0.112406	-0.842130	-0.150628	-1.008736	-1.071458	-0.194214	0.170505	0.000000	-0.523720	-0.543126	-0.259594	-1.370540	-0.497925	-0.357636	0.000000	0.100564	0.100943	-0.016116	-0.282139	0.150838	0.358443	0.000031	0.001821	1.145619	-2.090317	-0.582595	0.342883	-0.334150	-3.351103	-0.259897	-3.164289	-3.836575	-2.108591	0.771911	0.000000	-0.390936	-1.997475	-2.890655	-2.529850	0.790858	-0.411716	0.000000
-0.631902	1.006335	0.933670	-0.009635	0.023530	-0.003531	0.999671	-0.047721	-0.002778	-0.381949	0.835781	-0.355377	0.100723	-0.138830	-0.054540	-0.755215	1.831197	-0.557921	-0.087375	-0.118930	-0.911404	-0.155012	-1.075962	-1.157487	-0.240191	0.187127	0.000000	-0.529469	-0.582259	-0.319307	-1.425758	-0.480809	-0.367092	0.000000	0.146104	0.135439	0.152534	-0.430603	0.222628	0.284569	0.038100	-0.237038	1.786746	-3.030488	-0.772391	0.331930	-0.222274	-3.421715	0.157897	-3.454298	-4.660618	-2.458644	0.699157	0.000000	0.100668	-1.663217	-2.976673	-3.009796	0.828736	-0.484050	0.000000
-0.633272	1.008018	0.935762	-0.007557	0.022754	-0.004219	0.999704	-0.044122	0.000792	-0.375614	0.825237	-0.350370	0.104637	-0.137523	-0.062935	-0.708676	1.754929	-0.575311	-0.080863	-0.121297	-0.978998	-0.144312	-1.146908	-1.257883	-0.292560	0.198472	0.000000	-0.519693	-0.609654	-0.378661	-1.490932	-0.464775	-0.376998	0.000000	0.146111	0.195496	0.279038	-0.415997	0.186285	0.093758	0.073450	-0.314070	2.368102	-4.056501	-0.626501	0.354055	-0.163170	-3.090468	1.336044	-3.042433	-3.913126	-2.663233	0.153152	0.000000	0.449724	-1.183480	-2.564859	-3.375962	0.724859	-0.236056	0.000000
-0.634821	1.009506	0.936998	-0.005222	0.022245	-0.004366	0.999730	-0.041876	0.005042	-0.370787	0.819141	-0.347926	0.104473	-0.135892	-0.067103	-0.660491	1.668937	-0.582981	-0.073212	-0.125457	-1.035023	-0.101570	-1.197660	-1.314012	-0.346720	0.193253	0.000000	-0.511480	-0.629598	-0.421901	-1.560796	-0.451815	-0.376535	0.000000	0.104404	0.141423	0.198448	-0.263159	0.108453	-0.017596	0.125261	-0.098763	2.549668	-4.731661	-0.305203	0.545182	-0.204717	-2.901435	1.993452	-2.211422	-3.036609	-2.720505	-0.292094	0.000000	0.426242	-0.975756	-2.245227	-3.830141	0.699344	-0.010933	0.000000
-0.636457	1.011039	0.937923	-0.004343	0.021698	-0.004399	0.999746	-0.039946	0.006449	-0.367676	0.814710	-0.346032	0.103934	-0.132513	-0.066886	-0.606690	1.565662	-0.587520	-0.059056	-0.129486	-1.095056	-0.064574	-1.235364	-1.379348	-0.401380	0.186788	0.000000	-0.502643	-0.648685	-0.468470	-1.644137	-0.436802	-0.377435	0.000000	0.102224	0.094093	0.106252	-0.162262	0.060635	-0.023931	0.196473	0.058515	2.769308	-5.545777	-0.116996	0.800317	-0.162538	-2.909058	1.608281	-1.586297	-3.318527	-2.544405	-0.352022	0.000000	0.495266	-0.870912	-2.257277	-4.053288	0.811630	-0.176360	0.000000
-0.638339	1.012709	0.938367	-0.002922	0.020795	-0.004353	0.999770	-0.037787	0.008806	-0.366537	0.812651	-0.345500	0.103516	-0.128033	-0.064762	-0.549718	1.447106	-0.587661	-0.041200	-0.131959	-1.151385	-0.037239	-1.261111	-1.446753	-0.448496	0.179172	0.000000	-0.491669	-0.664434	-0.512192	-1.722928	-0.419349	-0.383589	0.000000	0.111496	0.123513	0.005612	-0.078122	-0.005010	-0.082900	0.212127	-0.038831	2.892938	-6.287503	0.066578	0.883349	-0.103585	-2.725420	1.230725	-0.985968	-3.453627	-2.119434	-0.261605	0.000000	0.558634	-0.704436	-2.093615	-3.826445	0.925384	-0.295720	0.000000
-0.640099	1.014621	0.938380	-0.001124	0.018958	-0.004333	0.999810	-0.035486	0.011389	-0.367452	0.811586	-0.346232	0.100618	-0.124028	-0.068439	-0.490972	1.314162	-0.584856	-0.023722	-0.133629	-1.204072	-0.015345	-1.274803	-1.517493	-0.486157	0.176324	0.000000	-0.480298	-0.676862	-0.552215	-1.797195	-0.399786	-0.389264	0.000000	0.112517	0.068552	-0.162565	0.012486	-0.003158	-0.169125	0.185837	-0.387853	2.929699	-6.884843	0.172466	0.909756	-0.087611	-2.467602	1.047614	-0.522161	-3.520501	-1.607786	-0.116769	0.000000	0.507896	-0.537232	-2.013443	-3.581709	1.029390	-0.336846	0.000000
-0.641292	1.016727	0.937916	-0.001623	0.016327	-0.004094	0.999857	-0.033287	0.011548	-0.373040	0.813150	-0.345627	0.096751	-0.120600	-0.080276	-0.432530	1.171712	-0.580762	-0.004810	-0.135463	-1.250089	0.004666	-1.281998	-1.587573	-0.512808	0.174502	0.000000	-0.471353	-0.685924	-0.592730	-1.866196	-0.378174	-0.397063	0.000000	0.097565	0.033354	-0.321039	0.134405	-0.002030	-0.207366	0.159320	-0.655680	2.814086	-7.175297	0.266263	0.942669	-0.057932	-2.085665	0.929625	-0.283653	-3.512528	-1.028512	-0.221282	0.000000	0.281261	-0.269525	-1.966816	-3.360096	0.971272	-0.458862	0.000000
-0.642433	1.019121	0.937131	-0.001339	0.013830	-0.003416	0.999898	-0.031584	0.012724	-0.380293	0.816962	-0.346314	0.092323	-0.117655	-0.094666	-0.378409	1.027150	-0.574206	0.013985	-0.135946	-1.287499	0.021840	-1.286149	-1.657994	-0.527298	0.167472	0.000000	-0.469048	-0.687643	-0.630888	-1.931599	-0.360935	-0.407619	0.000000	0.046196	0.180722	-0.357546	0.228530	-0.065605	-0.149650	0.147152	-0.607277	2.417073	-6.918214	0.756373	0.837400	0.013107	-1.620016	0.946592	-0.018048	-3.490192	-0.481549	-0.491059	0.000000	-0.015886	0.109714	-1.638326	-3.199068	0.701436	-0.486634	0.000000
-0.643244	1.021656	0.936121	0.001657	0.011608	-0.001956	0.999930	-0.031439	0.018777	-0.387342	0.822291	-0.348251	0.090765	-0.114714	-0.104567	-0.335847	0.894984	-0.550507	0.028687	-0.134939	-1.314890	0.042529	-1.282720	-1.727181	-0.532070	0.154859	0.000000	-0.471989	-0.681535	-0.658263	-1.994159	-0.350116	-0.416528	0.000000	0.026115	0.367172	-0.301162	0.238283	-0.168325	-0.249678	0.209993	-0.515109	1.802164	-6.070056	2.330356	0.850402	0.248991	-1.104105	0.931005	0.259370	-3.429818	0.015303	-0.690681	0.000000	-0.143795	0.353879	-1.338410	-2.908328	0.561947	-0.453717	0.000000
-0.643819	1.024005	0.934876	0.005686	0.009978	-0.001040	0.999934	-0.030539	0.027410	-0.392340	0.826493	-0.353047	0.082336	-0.109255	-0.115271	-0.306322	0.784348	-0.480992	0.048001	-0.125987	-1.331663	0.059080	-1.275774	-1.795187	-0.526686	0.139845	0.000000	-0.474799	-0.673488	-0.684424	-2.047932	-0.338458	-0.425767	0.000000	0.106829	0.408545	-0.196108	0.174654	-0.124037	-0.326066	0.333983	-0.028929	1.013535	-4.277010	4.748631	0.603574	0.399853	-0.709009	0.905569	0.419813	-3.102562	0.325754	-0.722918	0.000000	-0.105654	0.532989	-1.223138	-2.288026	0.601152	-0.489165	0.000000
-0.644384	1.027100	0.934593	0.009816	0.008972	-0.000772	0.999911	-0.027165	0.035119	-0.395186	0.829278	-0.353212	0.077722	-0.101355	-0.105725	-0.295306	0.723903	-0.360562	0.052829	-0.118945	-1.343250	0.078752	-1.265927	-1.851283	-0.519039	0.125943	0.000000	-0.476215	-0.660215	-0.707188	-2.085680	-0.326070	-0.436095	0.000000	0.246281	0.413350	-0.099505	0.112006	-0.011099	-0.228829	0.341807	0.345259	0.565115	-1.933940	2.603855	-0.236789	0.358873	-0.504184	0.943497	0.440922	-2.145448	0.230432	-0.586945	0.000000	-0.078248	0.696427	-0.970009	-1.346827	0.568573	-0.481593	0.000000
-0.644571	1.031022	0.934760	0.014152	0.008384	-0.001515	0.999864	-0.020688	0.043944	-0.396320	0.830973	-0.353491	0.073183	-0.095583	-0.101460	-0.283717	0.706991	-0.376837	0.038529	-0.111632	-1.351830	0.096820	-1.258138	-1.881004	-0.517469	0.116367	0.000000	-0.477929	-0.645631	-0.723224	-2.101805	-0.315715	-0.445031	0.000000	0.288283	0.477106	-0.062344	0.116289	0.019500	-0.150777	0.259623	0.467771	0.384432	-0.662759	-0.471443	-0.013119	0.402007	-0.252944	1.055592	0.465086	-1.337171	0.053729	-0.512900	0.000000	-0.069536	0.972600	-0.638568	-0.634068	0.449932	-0.467135	0.000000
-0.644351	1.034729	0.935087	0.019431	0.008258	-0.001758	0.999776	-0.015634	0.054203	-0.397680	0.833929	-0.352432	0.071691	-0.090970	-0.087014	-0.279929	0.697393	-0.379420	0.052305	-0.102864	-1.353368	0.120976	-1.247324	-1.904770	-0.516890	0.105427	0.000000	-0.478996	-0.621311	-0.732731	-2.111043	-0.308073	-0.454780	0.000000	0.253870	0.633391	-0.025678	0.055479	0.092051	-0.078230	0.242623	0.805515	-0.029949	-0.311796	0.149864	0.351789	0.403619	0.337529	1.338074	0.614440	-0.867310	0.051962	-0.503885	0.000000	-0.193827	1.545817	-0.057134	-0.286722	0.056372	-0.464605	0.000000
-0.643542	1.038381	0.936153	0.027293	0.007900	-0.002000	0.999594	-0.010533	0.069280	-0.397347	0.833192	-0.349809	0.070053	-0.085878	-0.069240	-0.284915	0.694519	-0.370843	0.052601	-0.095487	-1.338329	0.150343	-1.233560	-1.915697	-0.515390	0.096212	0.000000	-0.485682	-0.583798	-0.725510	-2.113274	-0.313460	-0.463615	0.000000	0.214446	0.729276	-0.008877	-0.036272	0.176787	-0.057705	0.214919	0.840448	-0.268371	-0.125062	0.384964	-0.006790	0.276778	1.224628	1.614479	0.774440	-0.201100	0.177076	-0.462861	0.000000	-0.475804	2.118437	0.811203	0.102973	-0.490667	-0.398050	0.000000
-0.642379	1.041977	0.937223	0.034986	0.007436	-0.001483	0.999359	-0.007056	0.083374	-0.398035	0.832478	-0.345361	0.069383	-0.082373	-0.053396	-0.290663	0.692390	-0.364021	0.052033	-0.091793	-1.304383	0.185555	-1.216346	-1.912814	-0.509807	0.086912	0.000000	-0.498028	-0.536574	-0.700283	-2.106924	-0.327700	-0.470702	0.000000	0.174185	0.716083	-0.036033	-0.040476	0.222644	-0.073544	0.171315	0.760581	-0.286032	-0.089172	0.311896	-0.023207	0.116860	1.989192	1.732910	0.957462	0.571582	0.344986	-0.442174	0.000000	-0.678381	2.415009	1.619020	0.695276	-0.796267	-0.263049	0.000000
-0.641035	1.045622	0.937989	0.041924	0.006940	-0.000899	0.999096	-0.003566	0.097923	-0.398789	0.831573	-0.340903	0.067112	-0.079026	-0.038816	-0.296357	0.690952	-0.358367	0.051673	-0.090813	-1.258762	0.219660	-1.195261	-1.892834	-0.501591	0.078525	0.000000	-0.512818	-0.487198	-0.660749	-2.085463	-0.345310	-0.474137	0.000000	0.221968	0.629342	-0.055657	-0.013620	0.169532	-0.182567	0.214920	0.609897	-0.236908	-0.067626	0.215677	-0.051222	-0.009903	2.311221	1.498482	1.028615	1.340792	0.404859	-0.461322	0.000000	-0.720529	2.329159	2.136530	1.452321	-0.828468	-0.049826	0.000000
-0.639796	1.049383	0.938202	0.046019	0.006530	-0.001113	0.998919	0.001822	0.108548	-0.400261	0.831933	-0.338580	0.062080	-0.073776	-0.029000	-0.300140	0.689685	-0.355394	0.049984	-0.092189	-1.211934	0.245494	-1.175202	-1.859182	-0.493613	0.068459	0.000000	-0.526850	-0.443408	-0.614822	-2.048831	-0.360838	-0.472695	0.000000	0.401752	0.267131	-0.159404	0.170946	0.031414	-0.236477	0.402176	0.204519	-0.053509	-0.101613	0.071052	-0.153029	0.387362	2.108422	0.681650	0.748920	1.845548	0.376440	-0.562709	0.000000	-0.369826	1.719239	1.892594	2.134633	-0.583393	0.042953	0.000000
-0.638038	1.052349	0.937646	0.044621	0.006960	-0.004373	0.998970	0.012504	0.108609	-0.405165	0.838411	-0.339646	0.057653	-0.062938	-0.030636	-0.298497	0.686887	-0.355525	0.045551	-0.075318	-1.174425	0.246926	-1.165305	-1.819012	-0.486533	0.056017	0.000000	-0.527611	-0.418428	-0.585045	-2.000078	-0.368646	-0.472419	0.000000	0.461368	-0.071835	-0.286474	0.358769	-0.053427	-0.159851	0.474536	-0.165462	0.073398	-0.110339	-0.095720	-0.215097	0.689265	1.955482	-0.224073	0.490221	2.513578	0.303420	-0.716184	0.000000	0.066260	1.199698	1.573940	2.905151	-0.574322	0.010569	0.000000
-0.636374	1.056407	0.936714	0.042200	0.007257	-0.005754	0.999066	0.020277	0.105674	-0.411720	0.846284	-0.340717	0.055686	-0.054795	-0.035618	-0.297204	0.685272	-0.359223	0.041380	-0.064619	-1.133715	0.236531	-1.155593	-1.758639	-0.481476	0.039812	0.000000	-0.524199	-0.395420	-0.551864	-1.932625	-0.383811	-0.472272	0.000000	0.341511	-0.191111	-0.373262	0.452466	-0.010104	-0.064404	0.360368	-0.301980	0.063322	-0.031589	-0.218666	-0.186277	0.387645	2.255598	-0.524485	0.674513	3.375342	0.329200	-0.797332	0.000000	0.161824	1.084663	1.866084	3.621817	-0.854904	0.096123	0.000000
-0.634553	1.060098	0.935598	0.038224	0.007885	-0.006614	0.999216	0.026165	0.100964	-0.420095	0.856510	-0.340050	0.055076	-0.048524	-0.042715	-0.295964	0.685624	-0.364272	0.038100	-0.059812	-1.084201	0.225946	-1.138324	-1.683998	-0.473365	0.024123	0.000000	-0.521138	-0.375042	-0.510402	-1.855205	-0.402842	-0.468574	0.000000	0.327226	-0.253987	-0.476085	0.614247	0.046065	-0.004091	0.343625	-0.354391	0.046619	0.056897	-0.245793	-0.164325	0.235670	2.540943	-0.609192	0.934318	3.854495	0.401574	-0.699734	0.000000	0.272354	0.863694	2.191171	4.113349	-0.904857	0.212424	0.000000
-0.632694	1.063665	0.934409	0.034236	0.008691	-0.008148	0.999343	0.033366	0.095515	-0.430763	0.870854	-0.338874	0.055522	-0.041050	-0.049794	-0.295339	0.687548	-0.369055	0.034807	-0.055192	-1.032077	0.212164	-1.118220	-1.604460	-0.465413	0.011823	0.000000	-0.513305	-0.360872	-0.464217	-1.768091	-0.420006	-0.463775	0.000000	0.374555	-0.213022	-0.578288	0.783288	0.119998	0.018654	0.388312	-0.310669	-0.006367	0.117198	-0.194143	-0.150485	0.260113	2.747004	-0.682845	1.086903	3.899583	0.450470	-0.425565	0.000000	0.575662	0.510867	2.461741	4.393855	-0.662747	0.278246	0.000000
-0.630641	1.067282	0.933412	0.031355	0.009489	-0.009909	0.999414	0.041147	0.092443	-0.443227	0.887841	-0.335250	0.055823	-0.032991	-0.055142	-0.296219	0.690312	-0.372037	0.032081	-0.049408	-0.974321	0.198632	-1.094848	-1.528015	-0.455346	0.007101	0.000000	-0.498111	-0.354607	-0.411932	-1.679451	-0.429352	-0.457444	0.000000	0.397772	-0.117391	-0.638677	0.884728	0.214926	0.000504	0.404329	-0.194154	-0.074793	0.165732	-0.103135	-0.127718	0.328138	3.087491	-0.681429	1.399437	3.861096	0.596356	-0.083915	0.000000	0.846308	0.210103	2.970563	4.547987	-0.304779	0.394811	0.000000
-0.628321	1.070839	0.932539	0.029762	0.010475	-0.011728	0.999433	0.049277	0.090819	-0.456311	0.906243	-0.330277	0.055543	-0.024876	-0.057560	-0.298331	0.694177	-0.373180	0.029699	-0.042066	-0.908577	0.184907	-1.062243	-1.450016	-0.441559	0.008466	0.000000	-0.479453	-0.352468	-0.345395	-1.586172	-0.432197	-0.447983	0.000000	0.385667	-0.069850	-0.669874	0.960685	0.314339	-0.033567	0.382190	-0.097090	-0.124497	0.235355	-0.042049	-0.134252	0.397552	3.462228	-0.749901	2.068219	3.942418	0.842866	0.172359	0.000000	0.960028	-0.027044	3.658882	4.738340	0.062121	0.583386	0.000000
-0.625930	1.074478	0.931807	0.028949	0.011404	-0.012689	0.999435	0.056574	0.089649	-0.470022	0.926269	-0.322677	0.054480	-0.017704	-0.059025	-0.301199	0.699726	-0.373719	0.026711	-0.033506	-0.835832	0.168636	-1.012119	-1.370318	-0.421632	0.013995	0.000000	-0.459710	-0.355689	-0.265577	-1.489917	-0.426867	-0.434109	0.000000	0.335983	-0.054040	-0.735935	1.100664	0.411288	-0.031460	0.331319	-0.070877	-0.152579	0.312129	-0.028702	-0.152475	0.415805	3.877421	-0.869908	2.620059	4.214516	1.095790	0.173594	0.000000	0.905149	-0.174412	4.576210	5.065221	0.461370	1.008875	0.000000
-0.623493	1.077572	0.930952	0.028086	0.013281	-0.014075	0.999418	0.062716	0.088658	-0.485748	0.950270	-0.313826	0.054284	-0.011624	-0.060395	-0.304434	0.706662	-0.374328	0.023600	-0.025434	-0.753480	0.150110	-0.957440	-1.281435	-0.397727	0.015410	0.000000	-0.443247	-0.359444	-0.162347	-1.383563	-0.413742	-0.407628	0.000000	0.271380	-0.130300	-0.906882	1.325084	0.537164	0.036734	0.269402	-0.128564	-0.166295	0.361371	-0.018372	-0.147538	0.363826	3.911355	-0.870425	2.891562	4.512268	1.219349	0.084888	0.000000	0.505333	0.205004	5.386054	5.185828	0.511536	1.541077	0.000000
-0.620809	1.080746	0.930213	0.025624	0.014854	-0.014525	0.999456	0.067429	0.084437	-0.506297	0.979272	-0.301190	0.055949	-0.006928	-0.064168	-0.307850	0.714181	-0.374454	0.020809	-0.018953	-0.679377	0.133819	-0.896457	-1.189827	-0.372858	0.017391	0.000000	-0.439497	-0.347489	-0.050135	-1.282484	-0.406406	-0.372466	0.000000	0.293791	-0.147263	-1.263084	1.789686	0.723716	0.116014	0.291409	-0.146776	-0.255498	0.486851	-0.057938	-0.178341	0.293125	3.659560	-0.876362	3.287965	4.629269	1.561964	0.197422	0.000000	-0.185433	1.038564	5.742470	4.714436	0.043088	1.879928	0.000000
-0.618081	1.084613	0.928875	0.024152	0.016210	-0.015579	0.999456	0.074468	0.082767	-0.536271	1.021857	-0.284877	0.058925	0.000033	-0.066266	-0.314654	0.726136	-0.376646	0.016466	-0.013709	-0.607098	0.115056	-0.825922	-1.096264	-0.335249	0.023307	0.000000	-0.450664	-0.317902	0.067352	-1.194985	-0.412018	-0.332431	0.000000	0.314021	-0.126464	-1.664802	2.172926	0.960045	0.131224	0.325071	-0.184682	-0.415988	0.577384	-0.091843	-0.236642	0.283357	3.460641	-1.051292	3.646035	4.488620	2.359364	0.421421	0.000000	-0.748053	1.504666	5.776708	3.911018	-0.418703	1.872095	0.000000
-0.615039	1.088289	0.927692	0.021446	0.016309	-0.016110	0.999507	0.079990	0.079379	-0.572889	1.066189	-0.262789	0.061198	0.006075	-0.071555	-0.324490	0.737276	-0.378128	0.011344	-0.007618	-0.540952	0.091768	-0.750615	-1.010282	-0.278483	0.034247	0.000000	-0.469419	-0.287302	0.180934	-1.126043	-0.423154	-0.297582	0.000000	0.271203	-0.236481	-1.941441	2.392182	1.204980	0.085393	0.302976	-0.261738	-0.530760	0.605470	-0.094120	-0.301127	0.337409	3.021974	-1.185735	3.760338	4.024956	3.193076	0.574539	0.000000	-0.836617	1.274551	5.624412	3.176054	-0.275869	1.610824	0.000000
-0.611870	1.091986	0.926134	0.018744	0.016365	-0.016610	0.999553	0.085316	0.073308	-0.613929	1.117545	-0.236678	0.062340	0.012152	-0.076736	-0.335884	0.750355	-0.380410	0.004421	-0.000213	-0.486219	0.067626	-0.675508	-0.935266	-0.207526	0.046288	0.000000	-0.484129	-0.266920	0.292329	-1.067943	-0.423053	-0.267998	0.000000	0.218999	-0.699436	-2.201253	2.846482	1.091789	0.397113	0.284356	-0.257776	-0.660706	0.741996	-0.091730	-0.372095	0.373806	2.282768	-1.062751	3.895064	3.478584	3.821508	0.942942	0.000000	-0.745415	0.982838	5.854068	2.920604	0.322162	1.618812	0.000000
-0.608642	1.095460	0.924528	0.015400	0.015905	-0.016823	0.999613	0.088750	0.051401	-0.660939	1.180049	-0.219117	0.077083	0.017450	-0.081866	-0.350918	0.766956	-0.381797	-0.003540	0.007334	-0.449641	0.049258	-0.594813	-0.871139	-0.125623	0.071965	0.000000	-0.499236	-0.247988	0.415096	-1.009219	-0.410268	-0.232829	0.000000	0.131499	-0.846221	-2.316110	3.307492	0.592515	0.799215	0.227076	-0.259408	-0.674468	0.718057	-0.030066	-0.476636	0.388605	1.133733	-0.320917	3.242512	2.445570	2.978523	1.307697	0.000000	-0.558417	0.926632	5.096668	2.310508	0.624792	1.563390	0.000000
-0.605816	1.098025	0.923592	0.012684	0.015453	-0.016695	0.999661	0.090576	0.039459	-0.706573	1.249844	-0.212977	0.094309	0.021235	-0.087112	-0.362863	0.779077	-0.381613	-0.014644	0.015331	-0.440870	0.054790	-0.545808	-0.837443	-0.088385	0.098596	0.000000	-0.506465	-0.229854	0.496195	-0.975523	-0.398061	-0.205462	0.000000	0.096800	-0.369191	-2.261518	3.649166	0.182331	0.564337	0.161457	-0.250681	-0.585875	0.595294	0.014109	-0.493846	0.388692	0.290819	0.467035	2.150512	1.413557	1.482357	1.285893	0.000000	-0.328753	0.909349	3.799242	1.426199	0.609536	1.307249	0.000000
-0.603350	1.100220	0.922712	0.009921	0.014936	-0.016387	0.999705	0.092622	0.036634	-0.751400	1.326015	-0.211824	0.099656	0.023908	-0.091893	-0.374353	0.790768	-0.381233	-0.023294	0.022881	-0.438008	0.067939	-0.508792	-0.814597	-0.066329	0.123401	0.000000	-0.512386	-0.211614	0.567066	-0.952171	-0.385886	-0.180540	0.000000	0.121947	-0.104692	-2.576253	4.370573	-0.152828	0.432894	0.147629	-0.206391	-0.749192	0.825705	-0.062694	-0.337482	0.370578	0.074618	0.980465	2.268364	1.094842	1.217633	1.541694	0.000000	-0.573809	1.254764	4.444427	1.128025	0.870514	1.568504	0.000000
-0.600947	1.102201	0.920683	0.008231	0.014132	-0.016486	0.999730	0.095454	0.035271	-0.809623	1.424667	-0.219090	0.111625	0.027140	-0.095368	-0.392831	0.812105	-0.384121	-0.028144	0.030154	-0.437885	0.094008	-0.455073	-0.793650	-0.039679	0.160264	0.000000	-0.529418	-0.179664	0.673972	-0.930402	-0.363241	-0.142722	0.000000	0.177470	0.026688	-2.588881	4.641745	-0.446404	0.446896	0.189826	-0.100433	-0.691672	0.744683	-0.080139	-0.149427	0.461399	-0.131281	1.075979	2.465850	0.648326	1.291664	1.619425	0.000000	-0.959657	1.479288	4.540213	0.828174	1.049456	1.626144	0.000000
-0.599355	1.104795	0.919903	0.008064	0.013844	-0.016417	0.999737	0.099720	0.037701	-0.854955	1.511685	-0.229680	0.117532	0.031501	-0.095911	-0.402020	0.820555	-0.384438	-0.029271	0.041337	-0.443259	0.110978	-0.410158	-0.788664	-0.014662	0.188178	0.000000	-0.550772	-0.152443	0.748674	-0.919044	-0.343908	-0.115494	0.000000	0.195330	-0.190396	-2.333917	4.406434	-0.642346	0.174082	0.191145	-0.127553	-0.459949	0.486454	-0.030232	-0.195614	0.511705	-0.489388	0.888326	2.630857	0.012936	1.514421	1.583245	0.000000	-1.350248	1.533476	3.976303	0.624381	1.133076	1.440239	0.000000
-0.597818	1.106486	0.918775	0.004937	0.013211	-0.017064	0.999755	0.103267	0.027655	-0.902980	1.600924	-0.244784	0.118588	0.034786	-0.100470	-0.411229	0.831564	-0.385330	-0.035968	0.050623	-0.457460	0.129541	-0.349839	-0.793132	0.020897	0.223594	0.000000	-0.583428	-0.118325	0.833025	-0.905427	-0.317918	-0.085113	0.000000	0.121908	-0.535031	-2.140930	4.092157	-0.651350	-0.043024	0.103610	-0.287906	-0.312730	0.381669	-0.040162	-0.283773	0.443165	-0.877702	0.873500	2.765067	-0.460249	1.527688	1.632931	0.000000	-1.577345	1.511741	3.483771	0.501296	1.172783	1.229164	0.000000
-0.596682	1.107631	0.918603	0.000662	0.013255	-0.016738	0.999772	0.104597	0.016300	-0.940592	1.675371	-0.255734	0.115811	0.035645	-0.107427	-0.414529	0.835822	-0.386045	-0.040622	0.059064	-0.478368	0.145918	-0.299556	-0.807074	0.046446	0.253495	0.000000	-0.613866	-0.091973	0.888025	-0.898993	-0.296997	-0.066327	0.000000	0.044463	-0.494219	-1.690245	3.436458	-0.574158	-0.092445	0.009887	-0.373809	-0.091431	0.111422	-0.025570	-0.198788	0.398516	-1.170558	0.894052	2.454905	-0.848730	1.113108	1.470152	0.000000	-1.616418	1.346212	2.498391	0.201774	1.009253	0.821524	0.000000
-0.595957	1.108315	0.918922	-0.003599	0.013235	-0.016049	0.999777	0.105046	0.007887	-0.970590	1.738383	-0.267750	0.114890	0.035181	-0.115422	-0.414886	0.836020	-0.386353	-0.043920	0.066563	-0.504283	0.165303	-0.251643	-0.827081	0.065422	0.282400	0.000000	-0.648084	-0.064476	0.932960	-0.897356	-0.277548	-0.052252	0.000000	0.060268	-0.351448	-1.317878	2.836204	-0.628124	-0.072495	-0.003428	-0.392445	0.059112	-0.113416	0.021388	-0.111748	0.338044	-1.618129	1.272462	2.796760	-1.380432	0.922719	1.699594	0.000000	-2.191544	1.728433	2.389811	-0.071400	1.156264	0.756574	0.000000
-0.595786	1.109156	0.919738	-0.007640	0.012871	-0.015752	0.999764	0.107007	0.002242	-0.993308	1.788819	-0.280859	0.112911	0.035508	-0.123125	-0.412165	0.831285	-0.385189	-0.045092	0.072586	-0.543093	0.196817	-0.187685	-0.862291	0.083354	0.321479	0.000000	-0.701527	-0.022836	0.983618	-0.901849	-0.250746	-0.036064	0.000000	0.080225	-0.280465	-0.810502	1.956344	-0.596064	-0.158782	-0.007805	-0.334561	0.189338	-0.385655	0.116792	-0.056484	0.287790	-1.769555	1.385960	2.844503	-1.764311	0.715907	1.714897	0.000000	-2.502982	1.891423	2.032214	-0.369266	1.220066	0.634879	0.000000
-0.595720	1.109702	0.921530	-0.010876	0.011994	-0.015076	0.999755	0.108255	-0.003332	-1.003010	1.816637	-0.291593	0.108539	0.034869	-0.128805	-0.407312	0.820594	-0.381681	-0.046179	0.078075	-0.575065	0.220742	-0.137863	-0.897654	0.094058	0.350996	0.000000	-0.748204	0.011181	1.014249	-0.912126	-0.228745	-0.026857	0.000000	0.050849	-0.363493	-0.205950	0.849143	-0.552379	-0.291277	-0.053057	-0.259090	0.255473	-0.609803	0.222877	-0.042641	0.234409	-1.651138	1.184733	2.519975	-2.057491	0.457808	1.431500	0.000000	-2.547990	1.722350	1.462831	-0.797524	1.217704	0.373045	0.000000
-0.595835	1.109909	0.923826	-0.013670	0.010567	-0.014148	0.999751	0.109041	-0.012298	-1.001546	1.822785	-0.302954	0.101260	0.033386	-0.133488	-0.401946	0.806893	-0.376274	-0.046798	0.081962	-0.609138	0.244206	-0.086886	-0.944591	0.101667	0.378739	0.000000	-0.803447	0.046058	1.042131	-0.933749	-0.202038	-0.021142	0.000000	0.042221	-0.472513	0.433257	-0.368929	-0.624789	-0.456372	-0.084149	-0.200905	0.275697	-0.724506	0.291307	-0.033446	0.156555	-1.606050	1.168830	2.314416	-2.560539	0.186529	1.231847	0.000000	-2.802537	1.578015	1.342052	-1.346466	1.435217	0.186547	0.000000
-0.596377	1.109939	0.926376	-0.016086	0.008691	-0.013116	0.999747	0.109943	-0.022232	-0.985680	1.801879	-0.316585	0.090284	0.031503	-0.136841	-0.396284	0.791614	-0.370029	-0.047517	0.084337	-0.639307	0.267495	-0.045286	-1.000075	0.101519	0.400269	0.000000	-0.860305	0.074301	1.067931	-0.965985	-0.171336	-0.019395	0.000000	0.074012	-0.283566	1.303768	-1.810801	-0.834486	-0.696228	-0.085453	-0.121737	0.318158	-0.760131	0.316677	-0.051488	0.106372	-1.412380	1.246675	1.897068	-3.011952	-0.215501	1.003604	0.000000	-2.827911	1.327840	1.237589	-1.873700	1.591896	0.033014	0.000000
-0.597628	1.109895	0.928970	-0.016935	0.007570	-0.012490	0.999750	0.112002	-0.023640	-0.949395	1.750353	-0.336333	0.073411	0.029968	-0.138358	-0.389220	0.776488	-0.363607	-0.048857	0.086217	-0.665633	0.294073	-0.011004	-1.065069	0.093047	0.418883	0.000000	-0.916564	0.099172	1.091635	-1.008698	-0.138362	-0.019822	0.000000	0.120521	0.194845	2.264787	-3.379244	-1.068478	-0.815604	-0.091719	-0.012396	0.383452	-0.767983	0.342058	-0.057712	0.080077	-1.180352	1.418947	1.563061	-3.698787	-0.632637	0.871061	0.000000	-2.827679	1.238339	1.144588	-2.543017	1.685907	-0.107717	0.000000
-0.599181	1.109385	0.931657	-0.016913	0.005980	-0.011504	0.999773	0.114764	-0.014439	-0.895088	1.666710	-0.359324	0.057660	0.027834	-0.137337	-0.380946	0.760895	-0.356347	-0.049826	0.087540	-0.686521	0.324253	0.017237	-1.148027	0.076214	0.435112	0.000000	-0.973412	0.123835	1.113714	-1.067706	-0.103900	-0.023703	0.000000	0.144415	0.566750	3.041030	-4.908764	-1.124996	-0.822308	-0.126787	0.134661	0.382865	-0.725959	0.355601	-0.000371	0.067623	-0.829871	1.420075	1.180330	-4.472780	-0.912742	0.632691	0.000000	-2.733627	1.118960	1.057917	-3.235212	1.680284	-0.307189	0.000000
-0.600893	1.108197	0.933841	-0.014504	0.004732	-0.010721	0.999826	0.117778	-0.000970	-0.827754	1.554003	-0.381333	0.040519	0.024896	-0.132971	-0.373905	0.747449	-0.349383	-0.048872	0.088922	-0.698828	0.350876	0.036210	-1.243980	0.056537	0.444191	0.000000	-1.025909	0.143930	1.133951	-1.138106	-0.071151	-0.032109	0.000000	0.163011	0.544856	3.547256	-6.207186	-1.113848	-0.651729	-0.146898	0.298887	0.354168	-0.631866	0.277769	0.191768	0.075526	-0.438744	1.254446	0.849609	-5.085167	-0.963478	0.362902	0.000000	-2.503666	0.906203	0.935164	-3.780276	1.578257	-0.561737	0.000000
-0.603035	1.106678	0.935427	-0.010658	0.003774	-0.010357	0.999883	0.121285	0.007356	-0.753198	1.418422	-0.403878	0.031591	0.021958	-0.125381	-0.366780	0.735620	-0.345236	-0.042155	0.090561	-0.704071	0.374431	0.051221	-1.351434	0.037675	0.449628	0.000000	-1.073559	0.160083	1.151121	-1.218917	-0.040770	-0.046173	0.000000	0.160068	0.225020	3.789455	-7.237211	-1.015510	-0.396487	-0.121062	0.406905	0.282846	-0.459753	0.148032	0.157050	0.078872	-0.201313	1.132774	0.690199	-5.571464	-0.895432	0.249142	0.000000	-2.313504	0.695036	0.709403	-4.244771	1.498143	-0.836428	0.000000
-0.605446	1.104953	0.935998	-0.006390	0.002872	-0.010416	0.999921	0.124181	0.008031	-0.676175	1.264514	-0.421954	0.024659	0.020054	-0.116695	-0.362591	0.729059	-0.343462	-0.042590	0.092077	-0.706881	0.396187	0.063818	-1.466838	0.020720	0.454156	0.000000	-1.118449	0.171731	1.162327	-1.307897	-0.011225	-0.065567	0.000000	0.168077	-0.225892	3.787798	-7.899773	-0.702642	-0.535279	-0.050907	0.425208	0.171264	-0.241563	-0.021105	-0.000564	0.101901	-0.083865	1.178803	0.665070	-5.915558	-0.987788	0.290142	0.000000	-2.196291	0.438214	0.389096	-4.615918	1.552892	-1.005825	0.000000
-0.608006	1.103266	0.935654	-0.001628	0.002123	-0.011265	0.999933	0.128008	-0.001680	-0.601686	1.102431	-0.431983	0.010180	0.019922	-0.108373	-0.359929	0.725957	-0.346080	-0.042177	0.094637	-0.707425	0.421583	0.077824	-1.588056	-0.001837	0.461234	0.000000	-1.161411	0.177611	1.166685	-1.403553	0.021346	-0.086406	0.000000	0.215612	-0.860274	3.578612	-8.063475	0.080693	-1.235718	0.028499	0.426572	0.133742	-0.067958	-0.209753	0.027821	0.164908	0.051607	1.133372	0.505930	-6.081054	-1.221420	0.276504	0.000000	-1.987153	0.139163	-0.029320	-4.782134	1.636262	-1.038731	0.000000
-0.610711	1.101367	0.934467	0.003433	0.002070	-0.012931	0.999909	0.132806	-0.026380	-0.533031	0.941975	-0.418726	-0.024769	0.021194	-0.099632	-0.357241	0.726341	-0.351852	-0.041477	0.098673	-0.704817	0.441522	0.084055	-1.710081	-0.028137	0.465217	0.000000	-1.197935	0.177298	1.161155	-1.499182	0.054226	-0.107116	0.000000	0.159343	-1.567495	2.896094	-6.608030	2.769934	-2.391120	0.027477	0.395684	0.176977	0.135009	-0.313500	0.035319	0.189239	0.074729	0.744325	0.177858	-5.319426	-1.155342	0.029681	0.000000	-1.495603	-0.060814	-0.375208	-4.164272	1.361447	-0.883996	0.000000
-0.614037	1.098912	0.932800	0.007619	0.003436	-0.014558	0.999859	0.134382	-0.064380	-0.485842	0.838110	-0.321186	-0.085465	0.021021	-0.092546	-0.352850	0.731358	-0.358620	-0.040765	0.102207	-0.704436	0.451356	0.084938	-1.800833	-0.048051	0.462421	0.000000	-1.221235	0.175179	1.151677	-1.570124	0.075804	-0.121766	0.000000	-0.208968	-1.239873	1.861810	-3.230730	2.470327	-0.780145	-0.125497	0.313499	0.315487	0.098525	-0.199772	0.081281	0.068178	-0.335716	0.390279	0.051247	-4.281679	-0.904960	-0.109540	0.000000	-1.211053	0.024113	-0.585014	-3.345623	0.969248	-0.663287	0.000000
-0.616801	1.095902	0.933335	0.010170	0.005063	-0.014293	0.999834	0.124447	-0.075975	-0.458559	0.812746	-0.319913	-0.055975	0.016174	-0.087092	-0.344622	0.730282	-0.359843	-0.038226	0.101400	-0.718245	0.457133	0.086105	-1.881348	-0.064336	0.460835	0.000000	-1.246377	0.178262	1.137754	-1.633007	0.092996	-0.133647	0.000000	-0.298950	0.050105	1.111512	-0.756212	-0.317240	0.343241	-0.255243	0.255852	0.401899	0.090668	-0.161044	0.151428	-0.150152	-0.587319	0.166488	0.057015	-3.945014	-0.796299	-0.113313	0.000000	-1.058671	0.102258	-0.797808	-3.031468	0.803439	-0.548036	0.000000
-0.619527	1.092944	0.933020	0.012312	0.007950	-0.013919	0.999796	0.122424	-0.062376	-0.441382	0.807862	-0.333876	-0.071736	0.010811	-0.082312	-0.336774	0.734985	-0.365062	-0.034707	0.096201	-0.727929	0.458015	0.087219	-1.958633	-0.079903	0.457888	0.000000	-1.263582	0.179269	1.119764	-1.691383	0.107941	-0.143687	0.000000	-0.150960	0.015412	0.523042	-0.133324	-0.122096	-0.536363	-0.227931	0.002973	0.323700	0.204761	-0.134723	0.086186	-0.340810	-0.273295	-0.089599	0.067126	-3.241989	-0.674218	-0.159569	0.000000	-0.517115	-0.034841	-0.897682	-2.414674	0.651030	-0.443248	0.000000
-0.620551	1.090899	0.933794	0.008993	0.009908	-0.013535	0.999819	0.118409	-0.075359	-0.437637	0.807413	-0.324797	-0.077430	0.007057	-0.086973	-0.331674	0.738472	-0.365232	-0.034779	0.087768	-0.729177	0.453549	0.088790	-2.011027	-0.091304	0.454452	0.000000	-1.267062	0.176869	1.101847	-1.729594	0.119037	-0.151377	0.000000	-0.180256	-0.820733	0.022624	-0.140041	0.455827	-0.254971	-0.200205	-0.536237	0.135562	0.145018	0.050510	-0.035620	-0.440480	-0.016227	-0.451472	0.079251	-2.386290	-0.486565	-0.105494	0.000000	0.120312	-0.163013	-0.927147	-1.672477	0.464720	-0.415212	0.000000
-0.620195	1.089188	0.934879	-0.000091	0.009884	-0.012531	0.999873	0.115213	-0.095205	-0.440477	0.802260	-0.315642	-0.081934	0.002803	-0.103761	-0.331352	0.740785	-0.363041	-0.036132	0.078582	-0.728578	0.439956	0.090389	-2.054085	-0.099365	0.453669	0.000000	-1.258769	0.172749	1.082678	-1.758282	0.126530	-0.160296	0.000000	-0.164717	-0.941328	-0.106624	-0.306821	0.440882	-0.235563	-0.207202	-0.800932	0.003024	0.108893	0.107835	-0.073127	-0.378017	0.128199	-0.816952	0.049024	-1.871169	-0.316247	0.006100	0.000000	0.591764	-0.298203	-0.768310	-1.192614	0.238083	-0.384477	0.000000
-0.619597	1.087670	0.935769	-0.008022	0.009796	-0.011541	0.999853	0.111820	-0.113012	-0.441902	0.795140	-0.307162	-0.086852	-0.001232	-0.119011	-0.331553	0.742828	-0.360918	-0.037704	0.072647	-0.724049	0.420871	0.090751	-2.085874	-0.103954	0.454696	0.000000	-1.243391	0.164941	1.071114	-1.777299	0.128560	-0.166756	0.000000	-0.201171	-0.625684	0.001770	-0.312918	0.289309	-0.154481	-0.222829	-0.575250	-0.020679	0.104959	0.066841	-0.049688	-0.292464	0.268120	-0.818336	0.011635	-1.149899	-0.154442	0.043943	0.000000	0.725037	-0.360926	-0.350919	-0.642028	-0.004035	-0.211369	0.000000
-0.619079	1.086370	0.936080	-0.011046	0.010067	-0.009997	0.999839	0.107166	-0.120232	-0.440406	0.789743	-0.304070	-0.088114	-0.006110	-0.126771	-0.332179	0.744984	-0.360368	-0.038120	0.066883	-0.717853	0.407223	0.090854	-2.100081	-0.105543	0.455426	0.000000	-1.229768	0.158312	1.068642	-1.783963	0.126369	-0.168750	0.000000	-0.205711	-0.122889	0.178844	-0.207363	0.054022	-0.039566	-0.208453	-0.134379	-0.014631	0.140369	0.002855	-0.020763	-0.093592	0.444125	-0.728518	0.006031	-0.566816	-0.055031	0.016880	0.000000	0.774959	-0.445275	-0.024915	-0.166449	-0.147476	-0.048389	0.000000
-0.618807	1.085430	0.935918	-0.008906	0.011272	-0.008973	0.999857	0.103591	-0.117928	-0.434748	0.786846	-0.305001	-0.088435	-0.009570	-0.124386	-0.332138	0.748443	-0.360804	-0.038534	0.068903	-0.706284	0.391730	0.090992	-2.108547	-0.106155	0.455371	0.000000	-1.212393	0.147130	1.070118	-1.783957	0.122661	-0.168692	0.000000	-0.162801	0.284915	0.323579	-0.087988	-0.121855	-0.029714	-0.148062	0.248483	0.018784	0.157836	-0.079548	-0.028364	0.219071	0.729148	-0.794393	0.005637	-0.257099	-0.004591	-0.035110	0.000000	0.960064	-0.691538	0.174713	0.196174	-0.206935	0.063913	0.000000
-0.618793	1.085038	0.935384	-0.003546	0.012794	-0.007974	0.999880	0.100654	-0.108836	-0.427463	0.786224	-0.308944	-0.089302	-0.012032	-0.116832	-0.331427	0.751297	-0.363550	-0.039254	0.075646	-0.688687	0.375447	0.091080	-2.110365	-0.105727	0.454022	0.000000	-1.191365	0.130650	1.075630	-1.776116	0.118091	-0.166194	0.000000	-0.134406	0.493332	0.370244	-0.001056	-0.233572	-0.040698	-0.108097	0.389781	0.055008	0.146770	-0.182025	-0.067026	0.351515	1.542667	-1.210201	0.137106	0.002801	-0.020466	-0.166292	0.000000	1.679558	-1.309987	0.567576	0.751114	-0.355535	0.268775	0.000000
-0.618889	1.085295	0.934600	0.002209	0.014521	-0.006872	0.999869	0.098215	-0.098194	-0.419938	0.786803	-0.314344	-0.090063	-0.013894	-0.108795	-0.329938	0.754314	-0.368085	-0.041215	0.082964	-0.644577	0.343322	0.096476	-2.108435	-0.106974	0.448720	0.000000	-1.145210	0.094730	1.092821	-1.753912	0.108440	-0.157941	0.000000	-0.123065	0.482732	0.312230	0.057985	-0.244775	-0.017558	-0.095406	0.356302	0.048220	0.168626	-0.234322	-0.126009	0.223618	2.300921	-1.367515	0.424514	0.428969	-0.067626	-0.244985	0.000000	2.326179	-1.578528	0.999579	1.292387	-0.594962	0.498997	0.000000
-0.618994	1.086024	0.933820	0.006639	0.015816	-0.005462	0.999838	0.095732	-0.089526	-0.414974	0.788543	-0.318735	-0.090005	-0.015849	-0.102580	-0.329499	0.758042	-0.372923	-0.044295	0.084591	-0.596651	0.320747	0.108060	-2.093206	-0.108432	0.444223	0.000000	-1.098318	0.067509	1.115613	-1.724421	0.094293	-0.146234	0.000000	-0.081329	0.330589	0.170135	0.153598	-0.172364	0.018525	-0.060877	0.223878	0.028687	0.185192	-0.216175	-0.141349	0.062790	2.673444	-1.219679	0.691484	1.052052	0.028241	-0.239809	0.000000	2.484900	-1.419829	1.200265	1.861033	-0.742772	0.616834	0.000000
-0.618894	1.087265	0.933117	0.008998	0.017152	-0.004552	0.999802	0.094962	-0.084971	-0.413133	0.792947	-0.321238	-0.089322	-0.016329	-0.099840	-0.328790	0.761721	-0.376732	-0.046869	0.085476	-0.537640	0.294535	0.124136	-2.066353	-0.105845	0.439127	0.000000	-1.045814	0.037937	1.140831	-1.679471	0.078729	-0.133267	0.000000	0.001434	0.105797	0.013000	0.280088	-0.049640	0.048751	0.006114	0.040454	0.071246	0.139993	-0.147548	-0.064850	-0.029973	2.735761	-1.133986	0.676171	1.485157	0.218165	-0.284135	0.000000	2.312842	-1.377857	1.063254	2.387866	-0.609143	0.577649	0.000000
-0.618358	1.089079	0.932579	0.008989	0.018345	-0.004124	0.999783	0.095789	-0.085294	-0.414454	0.799747	-0.320721	-0.088055	-0.015604	-0.100962	-0.326649	0.763642	-0.378824	-0.046889	0.083392	-0.487220	0.275387	0.135107	-2.033800	-0.099705	0.432857	0.000000	-1.005804	0.012395	1.158143	-1.628906	0.069927	-0.123128	0.000000	0.074672	-0.055335	-0.133591	0.419162	0.042748	0.108030	0.066695	-0.089924	0.135226	0.059888	-0.097657	0.049923	-0.098992	2.495472	-0.914551	0.543002	1.856786	0.350727	-0.340871	0.000000	2.065161	-1.228623	0.797847	2.858925	-0.465757	0.514141	0.000000
-0.617566	1.091240	0.932023	0.007596	0.020193	-0.004151	0.999759	0.097949	-0.087184	-0.418477	0.809714	-0.319528	-0.085001	-0.013661	-0.103436	-0.323381	0.764117	-0.380638	-0.044872	0.081516	-0.437821	0.257953	0.145856	-1.992081	-0.091815	0.425493	0.000000	-0.963208	-0.011208	1.172745	-1.565114	0.060098	-0.112702	0.000000	0.130619	-0.100942	-0.262062	0.592425	0.048285	0.158558	0.112822	-0.106516	0.167591	0.017749	-0.127180	0.116899	-0.069473	2.354098	-0.861551	0.485126	2.288973	0.456803	-0.280505	0.000000	2.165623	-1.039921	0.643411	3.361064	-0.621355	0.540449	0.000000
-0.616677	1.093695	0.931186	0.006425	0.021660	-0.004372	0.999735	0.101014	-0.089332	-0.424936	0.823444	-0.318790	-0.081712	-0.011091	-0.105222	-0.319945	0.764352	-0.383912	-0.042213	0.080613	-0.393056	0.240925	0.154512	-1.942241	-0.081433	0.421637	0.000000	-0.919179	-0.029202	1.183880	-1.494463	0.045073	-0.101510	0.000000	0.174920	-0.126143	-0.436721	0.810157	0.020178	0.159643	0.144238	-0.099918	0.139729	0.027195	-0.187598	0.169813	-0.017196	2.097702	-0.857819	0.159258	2.685803	0.729370	-0.359477	0.000000	2.052301	-0.795908	0.459832	3.676328	-0.790367	0.527968	0.000000
-0.615461	1.096382	0.930034	0.004614	0.023083	-0.004794	0.999711	0.104946	-0.092230	-0.435945	0.842120	-0.318721	-0.078615	-0.007891	-0.107433	-0.317792	0.765205	-0.388142	-0.038080	0.080828	-0.353913	0.223640	0.152226	-1.884649	-0.062641	0.411113	0.000000	-0.881116	-0.043044	1.191139	-1.418061	0.028484	-0.091583	0.000000	0.201177	-0.132944	-0.669805	1.061054	-0.013331	0.166640	0.165259	-0.163364	0.066028	0.063567	-0.239991	0.125994	0.046788	1.756101	-0.747468	-0.135987	2.961284	0.951226	-0.530628	0.000000	1.708764	-0.735293	0.299355	3.879064	-0.725318	0.476532	0.000000
-0.613980	1.099105	0.928692	0.002596	0.023995	-0.005084	0.999696	0.109061	-0.094650	-0.451728	0.865886	-0.319323	-0.075047	-0.004481	-0.111757	-0.317304	0.766894	-0.393511	-0.037173	0.082484	-0.322812	0.211027	0.149073	-1.823790	-0.043384	0.400412	0.000000	-0.850829	-0.058614	1.195854	-1.339301	0.016060	-0.082449	0.000000	0.185729	-0.121140	-0.790185	1.169920	-0.170247	0.177607	0.150082	-0.186128	-0.033581	0.124839	-0.220149	0.050532	0.098434	1.434763	-0.540345	-0.192441	3.184992	0.959171	-0.532138	0.000000	1.487759	-0.657122	0.108790	3.967759	-0.662285	0.475477	0.000000
-0.612449	1.101410	0.927409	0.000678	0.024610	-0.005238	0.999683	0.112375	-0.097075	-0.467553	0.888917	-0.325531	-0.071511	-0.001888	-0.114878	-0.319135	0.770198	-0.396948	-0.036058	0.084765	-0.296522	0.202027	0.144528	-1.757249	-0.024274	0.389828	0.000000	-0.821606	-0.069329	1.195490	-1.259350	0.001992	-0.072564	0.000000	0.157273	-0.057392	-0.915898	1.379415	-0.219734	0.208226	0.126339	-0.170564	-0.121418	0.233194	-0.209540	0.064507	0.136881	1.171867	-0.402388	-0.289410	3.403616	0.971225	-0.509673	0.000000	1.404466	-0.398298	-0.117797	3.925735	-0.779728	0.499822	0.000000
-0.610753	1.103507	0.925727	-0.000687	0.025222	-0.005322	0.999668	0.115352	-0.096946	-0.488364	0.921062	-0.328112	-0.066718	0.000573	-0.118579	-0.322161	0.776222	-0.401893	-0.034593	0.087959	-0.275938	0.194931	0.137496	-1.687645	-0.004535	0.380025	0.000000	-0.794650	-0.074546	1.191142	-1.182271	-0.015129	-0.062456	0.000000	0.144655	0.309028	-1.068876	1.747319	0.036009	0.250269	0.134670	-0.164383	-0.230160	0.367054	-0.213812	0.016174	0.150509	0.966750	-0.260380	-0.345734	3.220013	0.856972	-0.384053	0.000000	1.130074	-0.248234	-0.223589	3.403929	-0.749966	0.390021	0.000000
-0.608871	1.105491	0.924105	-0.002327	0.025971	-0.005605	0.999644	0.118161	-0.084714	-0.510308	0.958810	-0.324091	-0.061500	0.003499	-0.121454	-0.328342	0.784880	-0.405501	-0.035411	0.090786	-0.257852	0.191611	0.130699	-1.628449	0.010005	0.374466	0.000000	-0.776403	-0.079258	1.186547	-1.123193	-0.028006	-0.056963	0.000000	0.095700	0.849063	-0.997552	1.951365	-0.011013	0.323911	0.141195	-0.067634	-0.267330	0.331292	-0.078244	-0.073490	0.117494	0.728852	-0.087167	-0.255762	2.129176	0.474551	-0.175674	0.000000	0.623393	-0.208342	-0.147104	2.054977	-0.419841	0.165928	0.000000
-0.607171	1.107280	0.923383	-0.002355	0.026317	-0.005730	0.999634	0.119180	-0.062983	-0.528266	0.999117	-0.328553	-0.053761	0.006221	-0.121285	-0.332854	0.789474	-0.405023	-0.037532	0.092659	-0.246783	0.191444	0.127266	-1.602478	0.014447	0.372998	0.000000	-0.769714	-0.082879	1.185258	-1.100072	-0.031923	-0.055819	0.000000	0.033236	1.222331	-1.114616	2.510607	-0.400042	0.532202	0.140265	0.053388	-0.293029	0.311278	0.017326	-0.115115	0.095224	0.682945	-0.017943	-0.200270	1.461878	0.232990	-0.070595	0.000000	0.384904	-0.224807	-0.047362	1.255178	-0.196583	0.062466	0.000000
-0.605516	1.108762	0.922439	-0.001649	0.026476	-0.005898	0.999631	0.119490	-0.035821	-0.554892	1.059234	-0.340092	-0.040212	0.009109	-0.119318	-0.340063	0.797332	-0.404808	-0.040016	0.094595	-0.230534	0.190894	0.122688	-1.569974	0.019325	0.371642	0.000000	-0.761006	-0.088251	1.184652	-1.072986	-0.035870	-0.054465	0.000000	0.036371	1.379377	-1.530004	3.329638	-0.477896	0.680008	0.177285	0.124788	-0.427971	0.402190	0.013269	-0.118272	0.072096	0.749011	-0.087465	-0.185475	1.617011	0.304889	-0.027309	0.000000	0.494018	-0.160302	-0.056526	1.321793	-0.261581	0.103030	0.000000
-0.603801	1.110198	0.921538	0.000214	0.025703	-0.006912	0.999646	0.120635	-0.007808	-0.589467	1.132303	-0.347668	-0.026561	0.013312	-0.116293	-0.349973	0.805561	-0.404492	-0.042263	0.095543	-0.216823	0.187946	0.119847	-1.537797	0.026643	0.371906	0.000000	-0.749954	-0.089292	1.182997	-1.047201	-0.042386	-0.051698	0.000000	0.080991	1.243008	-2.006917	3.833473	-0.373285	0.703105	0.250431	0.116713	-0.670150	0.424378	0.074492	-0.106617	-0.011414	0.484859	-0.215878	-0.066261	1.463309	0.456923	0.079745	0.000000	0.577246	0.153129	-0.158614	1.145741	-0.444434	0.175205	0.000000
-0.601409	1.111541	0.920723	0.000665	0.022765	-0.008332	0.999706	0.122730	0.013899	-0.635169	1.212573	-0.355024	-0.012088	0.019127	-0.114650	-0.366869	0.814307	-0.401828	-0.044281	0.094138	-0.211140	0.182258	0.120038	-1.511441	0.037602	0.374832	0.000000	-0.737917	-0.082126	1.178308	-1.027156	-0.053647	-0.047456	0.000000	0.069223	0.843896	-2.254841	3.930366	-0.367878	0.654998	0.262705	0.019029	-0.782601	0.335495	0.165825	-0.049797	-0.105387	0.095439	-0.234568	0.067611	1.128864	0.539369	0.194075	0.000000	0.501662	0.525844	-0.321391	0.816885	-0.623561	0.167203	0.000000
-0.599298	1.112548	0.920486	0.000192	0.019791	-0.009411	0.999760	0.123404	0.025948	-0.679660	1.289517	-0.362384	-0.000361	0.023820	-0.115532	-0.381277	0.818981	-0.397859	-0.044255	0.091328	-0.213005	0.178563	0.122551	-1.492643	0.048217	0.379669	0.000000	-0.729887	-0.068258	1.170141	-1.014525	-0.067328	-0.045009	0.000000	-0.005732	0.455517	-1.921737	3.620595	-0.398833	0.431503	0.180326	-0.039714	-0.478521	0.091964	0.187873	0.026063	-0.105201	-0.204745	-0.039510	0.114953	0.788668	0.416263	0.226001	0.000000	0.187755	0.747819	-0.395542	0.474930	-0.596954	0.054406	0.000000
-0.598366	1.113248	0.920970	-0.000244	0.018396	-0.009966	0.999781	0.122501	0.032120	-0.712039	1.357397	-0.370977	0.005173	0.026340	-0.116238	-0.386010	0.817985	-0.394313	-0.043238	0.089930	-0.219330	0.180678	0.124636	-1.479895	0.054252	0.383872	0.000000	-0.730406	-0.052213	1.162486	-1.008159	-0.077525	-0.045280	0.000000	-0.066812	0.235708	-1.374587	3.170359	-0.426051	0.256851	0.088148	-0.010196	-0.065759	-0.183906	0.168142	0.078655	-0.003021	-0.418337	0.194804	0.092017	0.512341	0.215810	0.178231	0.000000	-0.213294	0.812183	-0.286350	0.199947	-0.382760	-0.016103	0.000000
-0.598366	1.113731	0.922138	0.000155	0.017781	-0.010217	0.999790	0.120731	0.035376	-0.734644	1.416332	-0.379426	0.009913	0.027346	-0.115940	-0.383907	0.811625	-0.391133	-0.041109	0.091207	-0.229739	0.186355	0.126232	-1.472149	0.056850	0.386798	0.000000	-0.738419	-0.035770	1.158687	-1.006527	-0.082639	-0.045654	0.000000	-0.107694	0.067882	-0.938973	2.685472	-0.473554	0.171966	0.016672	0.019102	0.215893	-0.424862	0.169338	0.134877	0.112134	-0.652461	0.301737	0.069178	0.255203	0.110354	0.111151	0.000000	-0.574619	0.831692	-0.066170	-0.037837	-0.128667	0.012429	0.000000
-0.598934	1.113866	0.923737	0.001007	0.017454	-0.009994	0.999797	0.118193	0.034835	-0.749598	1.464815	-0.389919	0.012051	0.027006	-0.115474	-0.377374	0.800991	-0.387540	-0.037843	0.094416	-0.245428	0.192748	0.127403	-1.469687	0.058666	0.388318	0.000000	-0.753391	-0.018945	1.159839	-1.009673	-0.082672	-0.044783	0.000000	-0.122949	-0.145415	-0.591674	2.157733	-0.505283	0.121295	-0.030711	0.028345	0.364347	-0.571033	0.179105	0.138668	0.180028	-0.926827	0.322863	0.071806	-0.012383	0.102361	0.060787	0.000000	-0.886159	0.872896	0.119057	-0.281805	0.065635	0.048155	0.000000
-0.599879	1.113922	0.925582	0.001784	0.017256	-0.009674	0.999803	0.115813	0.029560	-0.758311	1.502641	-0.399637	0.014765	0.026118	-0.114806	-0.369333	0.788784	-0.383969	-0.035562	0.098408	-0.266812	0.199270	0.129104	-1.472645	0.060944	0.389229	0.000000	-0.773865	-0.000855	1.163450	-1.017800	-0.080013	-0.043727	0.000000	-0.113798	-0.344752	-0.297788	1.654494	-0.537732	0.126277	-0.048600	0.051033	0.429942	-0.619119	0.237615	0.033053	0.193239	-1.609711	0.577263	0.185398	-0.381058	0.089044	0.123569	0.000000	-1.528774	1.238153	0.245360	-0.714976	0.191495	0.028755	0.000000
-0.601072	1.113847	0.927357	0.002638	0.017243	-0.009126	0.999806	0.113641	0.021045	-0.761509	1.530995	-0.411428	0.017102	0.025062	-0.113433	-0.360176	0.776226	-0.378035	-0.036521	0.102145	-0.309817	0.215838	0.134819	-1.484929	0.062228	0.393261	0.000000	-0.814542	0.030581	1.169653	-1.038272	-0.075012	-0.043633	0.000000	-0.123728	-0.420150	0.012259	1.069203	-0.588924	0.148772	-0.068141	0.064364	0.418751	-0.570868	0.262114	-0.044517	0.182520	-2.007058	0.891922	0.235292	-0.681981	-0.044444	0.178036	0.000000	-1.906446	1.392180	0.209719	-1.024970	0.200222	-0.065796	0.000000
-0.602145	1.113349	0.929134	0.003205	0.017212	-0.008717	0.999809	0.110864	0.012754	-0.757820	1.545409	-0.423194	0.020716	0.023392	-0.112231	-0.352583	0.765949	-0.373484	-0.037343	0.105709	-0.347094	0.234947	0.138516	-1.499924	0.059167	0.396351	0.000000	-0.850123	0.054833	1.171838	-1.058798	-0.072004	-0.046359	0.000000	-0.162248	-0.421645	0.287984	0.401407	-0.544947	0.156695	-0.100037	0.020277	0.358115	-0.526884	0.226763	-0.019724	0.160502	-1.995638	1.079684	0.190393	-0.913242	-0.242227	0.171426	0.000000	-1.946333	1.225473	0.046024	-1.187384	0.162903	-0.195293	0.000000
-0.602815	1.112269	0.930848	0.003378	0.017199	-0.008315	0.999812	0.107151	0.004179	-0.749990	1.547052	-0.433226	0.023370	0.021061	-0.112622	-0.345852	0.755151	-0.368964	-0.037310	0.108565	-0.389642	0.259025	0.142435	-1.521459	0.052539	0.400118	0.000000	-0.892395	0.079600	1.171494	-1.085767	-0.068496	-0.051444	0.000000	-0.196216	-0.432985	0.540043	-0.336400	-0.461015	0.086952	-0.119349	-0.032467	0.302566	-0.485855	0.216377	0.015579	0.110186	-2.206674	1.203611	0.177924	-1.289716	-0.360890	0.189817	0.000000	-2.232060	1.173582	-0.080037	-1.507103	0.232547	-0.295881	0.000000
-0.603502	1.110869	0.932348	0.002798	0.016704	-0.007847	0.999826	0.103015	-0.004566	-0.736219	1.531953	-0.441635	0.024194	0.018618	-0.113530	-0.340481	0.746515	-0.364829	-0.036720	0.110116	-0.435361	0.283091	0.145633	-1.551512	0.044731	0.403943	0.000000	-0.939405	0.101776	1.168637	-1.119083	-0.062703	-0.058194	0.000000	-0.187193	-0.364387	0.989316	-1.324838	-0.487687	0.029678	-0.102010	0.015827	0.349645	-0.511333	0.195737	0.097080	0.083298	-2.433170	1.229987	0.178664	-1.822668	-0.417445	0.239777	0.000000	-2.516019	1.065505	-0.230610	-1.951721	0.342929	-0.413628	0.000000
-0.605040	1.109750	0.933663	0.002156	0.016547	-0.007610	0.999832	0.099664	-0.010396	-0.710417	1.494058	-0.452734	0.024557	0.016981	-0.111989	-0.331866	0.734697	-0.361135	-0.033427	0.111897	-0.486969	0.308225	0.149581	-1.594365	0.035841	0.409709	0.000000	-0.993036	0.122220	1.162270	-1.163836	-0.054779	-0.067990	0.000000	-0.150438	-0.191094	1.574990	-2.574095	-0.617531	-0.116689	-0.047400	0.104614	0.426506	-0.577511	0.149924	0.156013	0.099226	-2.381055	1.212749	0.194727	-2.243334	-0.464487	0.273868	0.000000	-2.490232	0.957716	-0.334814	-2.312309	0.395534	-0.502500	0.000000
-0.607026	1.108853	0.934916	0.004239	0.016065	-0.008249	0.999828	0.096998	-0.012210	-0.673219	1.428989	-0.466336	0.019526	0.016722	-0.109346	-0.323420	0.723414	-0.358832	-0.030479	0.114085	-0.530603	0.331601	0.153422	-1.641246	0.026151	0.414898	0.000000	-1.039015	0.140084	1.155244	-1.211575	-0.046881	-0.078294	0.000000	-0.129678	-0.081125	2.107434	-3.916851	-0.710569	-0.291250	-0.005630	0.142957	0.479157	-0.578244	0.063989	0.192337	0.075252	-2.053215	1.313373	0.216860	-2.450636	-0.663992	0.253306	0.000000	-2.224316	0.880615	-0.373113	-2.517465	0.436662	-0.536865	0.000000
-0.609523	1.107985	0.935809	0.005251	0.016058	-0.008834	0.999818	0.094476	-0.013641	-0.626120	1.337384	-0.481157	0.012907	0.016755	-0.106270	-0.312700	0.711567	-0.358575	-0.025733	0.114907	-0.569097	0.360760	0.158256	-1.692391	0.009281	0.419841	0.000000	-1.082009	0.157445	1.147345	-1.264534	-0.037312	-0.089464	0.000000	-0.117210	0.012888	2.555068	-5.174938	-0.661016	-0.443587	0.019718	0.159424	0.557379	-0.585783	0.002648	0.222227	0.019846	-1.815584	1.493365	0.189749	-2.654868	-0.963930	0.251660	0.000000	-2.098733	0.816399	-0.402236	-2.734974	0.548192	-0.561718	0.000000
-0.612351	1.107040	0.936484	0.006514	0.016271	-0.010328	0.999793	0.092310	-0.011694	-0.571016	1.221992	-0.492776	0.001783	0.017511	-0.102969	-0.301125	0.699983	-0.358727	-0.021590	0.114879	-0.603227	0.391336	0.161012	-1.747441	-0.012406	0.424965	0.000000	-1.122964	0.172740	1.139155	-1.320974	-0.024953	-0.100763	0.000000	-0.115437	0.200120	2.799411	-6.147304	-0.357755	-0.556736	0.042576	0.088431	0.619587	-0.600450	-0.080392	0.217467	-0.039991	-1.598182	1.450249	0.016640	-2.938336	-1.151543	0.202964	0.000000	-2.038908	0.646068	-0.435901	-3.030622	0.725226	-0.571889	0.000000
-0.615554	1.105818	0.936647	0.006455	0.016510	-0.011558	0.999776	0.089859	-0.005636	-0.514143	1.091492	-0.495467	-0.009362	0.018458	-0.102733	-0.287916	0.687549	-0.361791	-0.017035	0.113308	-0.633025	0.418770	0.158921	-1.809924	-0.036780	0.427960	0.000000	-1.163565	0.183287	1.129909	-1.385759	-0.008303	-0.112340	0.000000	-0.060139	-0.048072	2.495930	-6.352189	0.250512	-0.691170	0.105471	-0.062128	0.579003	-0.558306	-0.260967	0.226994	0.004825	-1.454745	1.104636	-0.156419	-3.099945	-1.151145	0.193985	0.000000	-1.911929	0.344487	-0.536796	-3.198504	0.880848	-0.566130	0.000000
-0.618628	1.104100	0.935608	0.004767	0.016000	-0.014647	0.999753	0.089904	-0.013617	-0.471179	0.967904	-0.482756	-0.025864	0.021730	-0.105454	-0.277965	0.677651	-0.369165	-0.012510	0.115072	-0.661417	0.435521	0.154755	-1.871438	-0.058451	0.432724	0.000000	-1.199441	0.186520	1.117683	-1.448914	0.010280	-0.123408	0.000000	-0.001245	-0.720678	1.907486	-5.701208	2.413999	-1.018260	0.161845	-0.082667	0.524780	-0.477333	-0.335839	0.251813	0.079158	-1.440215	0.665060	-0.297429	-3.019607	-1.027402	0.271125	0.000000	-1.690874	0.140761	-0.774702	-3.106859	0.911427	-0.638587	0.000000
-0.621847	1.102405	0.934585	0.003564	0.016025	-0.017530	0.999712	0.089809	-0.034463	-0.437844	0.863443	-0.398907	-0.050093	0.024932	-0.106040	-0.266925	0.668456	-0.375225	-0.006962	0.116474	-0.690633	0.445372	0.147024	-1.930708	-0.077876	0.438805	0.000000	-1.231200	0.188918	1.098921	-1.510034	0.028154	-0.137883	0.000000	-0.251208	-1.268924	1.486979	-3.469366	3.884196	0.176434	-0.038448	-0.109533	0.770485	-0.578114	-0.147934	0.321688	-0.048802	-1.252098	0.399917	-0.384323	-2.701813	-0.910694	0.278074	0.000000	-1.415408	0.062621	-0.794533	-2.818531	0.841525	-0.609418	0.000000
-0.625402	1.099561	0.935444	0.001004	0.018134	-0.017687	0.999679	0.079856	-0.064374	-0.411700	0.829129	-0.327388	-0.018807	0.020192	-0.109835	-0.247146	0.654526	-0.375083	0.000357	0.113120	-0.711501	0.451518	0.139382	-1.979511	-0.094879	0.443847	0.000000	-1.256058	0.189025	1.085902	-1.561655	0.043941	-0.147785	0.000000	-0.310701	-0.672775	1.050079	-1.084092	0.967517	0.725402	-0.245179	-0.223165	0.934371	-0.652505	-0.152442	0.442280	-0.252715	-0.926299	0.248188	-0.327923	-2.210861	-0.782945	0.212460	0.000000	-1.072824	0.075195	-0.591502	-2.364242	0.703989	-0.397749	0.000000
-0.628656	1.096344	0.935531	-0.002531	0.019774	-0.017780	0.999643	0.077381	-0.061374	-0.395841	0.820080	-0.360206	-0.021077	0.015125	-0.114966	-0.229550	0.642356	-0.381322	0.010729	0.106365	-0.727685	0.455300	0.133907	-2.019143	-0.109194	0.447303	0.000000	-1.274113	0.191926	1.075261	-1.604603	0.056313	-0.153793	0.000000	-0.155565	-0.238784	0.454116	-0.215486	-0.637786	0.089293	-0.215276	-0.425689	0.742261	-0.500983	-0.182258	0.321299	-0.381055	-0.650105	0.157136	-0.250146	-1.772860	-0.726619	0.126752	0.000000	-0.671312	0.153091	-0.539693	-1.974547	0.531537	-0.257278	0.000000
-0.630878	1.093597	0.936263	-0.009178	0.020560	-0.018071	0.999583	0.073633	-0.073925	-0.393535	0.820510	-0.352900	-0.015235	0.011581	-0.126863	-0.217455	0.634487	-0.382373	0.013209	0.097878	-0.737505	0.457803	0.129376	-2.050425	-0.123944	0.448917	0.000000	-1.282910	0.195148	1.064314	-1.640637	0.065203	-0.158076	0.000000	-0.221813	-0.856844	0.023445	-0.053646	0.269485	0.175507	-0.206742	-0.835694	0.493617	-0.322407	-0.014096	0.075358	-0.439105	-0.344016	-0.011384	-0.226804	-1.441646	-0.753973	0.083822	0.000000	-0.217357	0.087935	-0.493881	-1.731482	0.371183	-0.185865	0.000000
-0.632382	1.090841	0.937179	-0.019336	0.020298	-0.017664	0.999451	0.068509	-0.095648	-0.394903	0.817934	-0.349427	-0.014056	0.006855	-0.148394	-0.209806	0.629460	-0.381886	0.013743	0.088801	-0.741446	0.454844	0.124835	-2.076809	-0.139353	0.450656	0.000000	-1.282807	0.195443	1.055506	-1.673863	0.071161	-0.161228	0.000000	-0.211121	-1.064232	-0.057107	-0.220823	0.190538	-0.041423	-0.227541	-1.064077	0.308382	-0.201821	0.041956	0.002840	-0.427438	-0.046991	-0.314907	-0.239694	-1.179105	-0.719263	0.088062	0.000000	0.163513	-0.106380	-0.275275	-1.560786	0.222800	-0.123488	0.000000
-0.633550	1.088248	0.937970	-0.029673	0.019405	-0.017360	0.999221	0.065188	-0.116495	-0.395820	0.811677	-0.345278	-0.016892	0.002479	-0.169426	-0.205120	0.626414	-0.380695	0.013323	0.080780	-0.739384	0.445207	0.119788	-2.097589	-0.152715	0.452439	0.000000	-1.276369	0.190893	1.053303	-1.703069	0.074115	-0.163016	0.000000	-0.151457	-0.886534	-0.064993	-0.289942	0.202107	-0.144700	-0.192413	-0.867156	0.133862	-0.103466	0.069453	-0.012046	-0.295615	0.192653	-0.546397	-0.237619	-0.876319	-0.556598	0.077554	0.000000	0.342363	-0.314435	0.077254	-1.278257	0.104729	-0.043546	0.000000
-0.634008	1.085734	0.938390	-0.036186	0.018270	-0.017269	0.999029	0.062450	-0.131110	-0.397503	0.806336	-0.341342	-0.019844	-0.000841	-0.183080	-0.204451	0.625321	-0.379108	0.013262	0.076976	-0.733740	0.432988	0.115330	-2.111861	-0.161617	0.453758	0.000000	-1.269113	0.182866	1.058596	-1.724993	0.075350	-0.162970	0.000000	-0.122057	-0.475125	-0.060674	-0.213739	0.119510	-0.109908	-0.136723	-0.461179	-0.026987	-0.005494	0.066625	-0.019651	-0.080954	0.292073	-0.518027	-0.173531	-0.493014	-0.309907	0.044538	0.000000	0.276968	-0.379745	0.362602	-0.808364	0.049242	0.061382	0.000000
-0.634163	1.083371	0.938439	-0.037757	0.017759	-0.017377	0.998978	0.060306	-0.135500	-0.398246	0.803128	-0.340498	-0.021288	-0.002990	-0.187873	-0.206200	0.626194	-0.378030	0.012537	0.077542	-0.727701	0.424486	0.112847	-2.117310	-0.165111	0.454221	0.000000	-1.265291	0.175703	1.067807	-1.735403	0.076085	-0.160560	0.000000	-0.116521	-0.066931	-0.024341	-0.128663	0.023552	-0.004524	-0.100270	-0.107479	-0.138558	0.074703	0.055605	-0.034230	0.095283	0.416407	-0.425052	-0.112961	-0.170755	-0.154781	0.006238	0.000000	0.216866	-0.427877	0.605029	-0.450844	0.037295	0.176647	0.000000
-0.634147	1.080864	0.938247	-0.036957	0.016600	-0.017751	0.999021	0.057789	-0.133787	-0.398476	0.801190	-0.340400	-0.020025	-0.004852	-0.187380	-0.209993	0.628309	-0.376884	0.011892	0.080788	-0.717084	0.415986	0.110812	-2.118692	-0.167808	0.454008	0.000000	-1.260438	0.165751	1.082797	-1.743027	0.076842	-0.155904	0.000000	-0.124749	0.178736	-0.018213	-0.060251	-0.029147	0.101802	-0.084094	0.128374	-0.231213	0.145781	0.057761	-0.063976	0.193275	0.650853	-0.392193	-0.064617	0.046444	-0.139157	-0.026230	0.000000	0.309682	-0.566033	0.853732	-0.290209	0.035883	0.268006	0.000000
-0.633963	1.078405	0.937853	-0.033949	0.015863	-0.018047	0.999135	0.055316	-0.128350	-0.398975	0.800717	-0.341663	-0.017216	-0.006354	-0.182738	-0.215448	0.632026	-0.375719	0.009978	0.085273	-0.701667	0.408798	0.110262	-2.115452	-0.170677	0.453172	0.000000	-1.252903	0.153062	1.101956	-1.747012	0.077520	-0.149840	0.000000	-0.119238	0.274170	-0.079054	0.049376	-0.076708	0.158879	-0.073856	0.236259	-0.321885	0.261657	0.018895	-0.092027	0.224958	1.212838	-0.419275	0.067051	0.381368	-0.232642	-0.070972	0.000000	0.711465	-0.989280	1.375589	-0.126556	0.065763	0.392692	0.000000
-0.633635	1.075987	0.937312	-0.031397	0.015172	-0.018320	0.999224	0.053020	-0.122820	-0.401638	0.803165	-0.343469	-0.013670	-0.007806	-0.177929	-0.222869	0.638775	-0.376128	0.008211	0.089786	-0.668570	0.399215	0.113494	-2.103437	-0.177114	0.451169	0.000000	-1.231980	0.126179	1.137821	-1.748089	0.079472	-0.140196	0.000000	-0.111889	0.210908	-0.166146	0.141674	-0.071433	0.158208	-0.078269	0.178065	-0.357715	0.322659	-0.017732	-0.062773	0.118116	1.782854	-0.409410	0.280033	0.738037	-0.363069	-0.102955	0.000000	1.310456	-1.417207	1.776648	0.078741	0.120718	0.416798	0.000000
-0.633490	1.073803	0.936838	-0.029929	0.014490	-0.018645	0.999273	0.050840	-0.119914	-0.405621	0.806384	-0.344521	-0.010888	-0.009484	-0.175615	-0.229757	0.644932	-0.376428	0.007467	0.089998	-0.630353	0.392422	0.121464	-2.085931	-0.185200	0.449054	0.000000	-1.200485	0.096374	1.173022	-1.743862	0.082349	-0.133168	0.000000	-0.196922	0.058781	-0.344868	0.143120	0.051168	0.171746	-0.170016	0.032122	-0.462836	0.311658	-0.016350	-0.028896	-0.358533	1.633723	-0.158747	0.454366	0.818485	-0.388600	-0.073062	0.000000	1.362231	-1.138907	1.451799	0.274456	0.073981	0.308938	0.000000
-0.632891	1.071502	0.936539	-0.029962	0.011322	-0.016912	0.999344	0.045143	-0.120469	-0.415433	0.808890	-0.341422	-0.006800	-0.014607	-0.176644	-0.241382	0.651242	-0.376782	0.007055	0.075445	-0.603221	0.392865	0.131668	-2.070698	-0.192658	0.448246	0.000000	-1.177490	0.080623	1.195893	-1.737111	0.082431	-0.127839	0.000000	-0.204761	-0.168935	-0.512724	0.258186	0.097856	0.187466	-0.186144	-0.180676	-0.548810	0.442025	-0.040425	0.016032	-0.412404	2.437223	-0.229974	0.855313	1.428956	-0.510938	-0.059669	0.000000	2.447194	-1.455914	1.758474	0.886911	-0.000925	0.305734	0.000000
-0.632280	1.068299	0.935912	-0.033281	0.009840	-0.017511	0.999244	0.042650	-0.126671	-0.426130	0.816712	-0.340607	-0.003389	-0.016930	-0.182842	-0.251709	0.662613	-0.378045	0.008108	0.073501	-0.532864	0.383223	0.155676	-2.028773	-0.205637	0.446667	0.000000	-1.102597	0.038137	1.243361	-1.708385	0.082312	-0.120939	0.000000	-0.103209	-0.256098	-0.386740	0.352934	-0.002647	0.225482	-0.095790	-0.281272	-0.304308	0.392024	-0.060545	0.079968	-0.082305	3.080605	-0.564685	0.818635	1.942924	-0.462248	-0.165002	0.000000	3.592840	-1.936379	1.760495	1.463881	-0.009464	0.163126	0.000000
-0.632379	1.065915	0.935410	-0.035627	0.009649	-0.018237	0.999152	0.041015	-0.130713	-0.430903	0.823007	-0.341528	0.002219	-0.018438	-0.187895	-0.253555	0.666923	-0.379204	0.010254	0.072153	-0.479997	0.370278	0.164414	-1.992981	-0.211148	0.441646	0.000000	-1.033777	0.003168	1.266313	-1.678555	0.082053	-0.121313	0.000000	-0.090486	-0.191790	-0.240450	0.341898	-0.049771	0.297049	-0.086892	-0.210753	-0.088487	0.234370	-0.077069	0.120175	-0.139673	2.644486	-0.667943	0.446610	2.038020	-0.261860	-0.256429	0.000000	3.715289	-1.721710	0.965726	1.813886	-0.108484	-0.070092	0.000000
-0.632595	1.063694	0.934713	-0.037767	0.009639	-0.018720	0.999065	0.039031	-0.134343	-0.435748	0.830388	-0.342597	0.008493	-0.020406	-0.191273	-0.255248	0.671988	-0.381128	0.012915	0.067915	-0.427085	0.356505	0.173541	-1.947252	-0.216112	0.436410	0.000000	-0.953986	-0.030731	1.281990	-1.635830	0.077972	-0.123743	0.000000	-0.101699	-0.105831	-0.192185	0.321469	-0.049087	0.231434	-0.090932	-0.109943	-0.110872	0.273339	-0.087649	0.042698	-0.182896	2.555075	-0.792311	0.362329	2.463841	-0.099223	-0.262874	0.000000	4.123610	-1.574286	0.576636	2.304196	-0.354062	-0.117490	0.000000
-0.632830	1.061517	0.934005	-0.038289	0.009651	-0.019097	0.999038	0.036947	-0.134946	-0.438590	0.835866	-0.343491	0.011476	-0.022076	-0.192293	-0.257989	0.677856	-0.382710	0.011962	0.064837	-0.377794	0.338586	0.178907	-1.894427	-0.215117	0.431131	0.000000	-0.868832	-0.059803	1.289378	-1.586388	0.067890	-0.126013	0.000000	-0.129475	-0.046879	-0.145827	0.294946	-0.065723	0.141173	-0.114165	-0.070843	-0.166064	0.366497	-0.121629	-0.075830	-0.157031	2.389515	-0.905602	0.271253	2.957681	0.125957	-0.344713	0.000000	4.380859	-1.434386	0.176233	2.717367	-0.571484	-0.120981	0.000000
-0.632948	1.059177	0.933066	-0.038707	0.009897	-0.019192	0.999017	0.033852	-0.136218	-0.441581	0.842186	-0.345226	0.014140	-0.024973	-0.194106	-0.261891	0.686648	-0.385993	0.009882	0.061633	-0.331504	0.320281	0.184391	-1.828945	-0.211074	0.422621	0.000000	-0.778752	-0.088107	1.289040	-1.527135	0.055113	-0.128582	0.000000	-0.156244	0.004401	-0.154168	0.312495	-0.086914	0.096847	-0.150293	-0.009567	-0.255777	0.489990	-0.170733	-0.104110	-0.143421	2.205297	-0.812992	0.278089	3.736916	0.165334	-0.507775	0.000000	4.622269	-1.359674	-0.267085	3.246599	-0.715774	-0.140740	0.000000
-0.632918	1.057155	0.932083	-0.038230	0.010028	-0.018810	0.999042	0.030697	-0.134770	-0.444757	0.848366	-0.346968	0.015350	-0.028087	-0.192676	-0.268220	0.697456	-0.389539	0.007798	0.059100	-0.289582	0.306066	0.190030	-1.744950	-0.208503	0.410820	0.000000	-0.683942	-0.114190	1.278695	-1.456524	0.039259	-0.131643	0.000000	-0.173667	0.077837	-0.176837	0.300898	-0.073256	0.037054	-0.173230	0.080387	-0.371710	0.585207	-0.150195	-0.096038	-0.142595	1.901815	-0.684732	0.167263	4.488277	0.146952	-0.657376	0.000000	4.626848	-1.223072	-0.735217	3.670117	-0.844128	-0.067896	0.000000
-0.632556	1.054882	0.931089	-0.037213	0.009963	-0.018330	0.999090	0.026905	-0.133104	-0.448654	0.854222	-0.348157	0.015622	-0.031902	-0.190891	-0.276759	0.710056	-0.392001	0.006040	0.055930	-0.255432	0.292892	0.191081	-1.649413	-0.205196	0.396326	0.000000	-0.593678	-0.137029	1.259631	-1.380331	0.021348	-0.131298	0.000000	-0.201489	0.079610	-0.214796	0.304002	-0.027901	-0.001440	-0.198103	0.098425	-0.485678	0.697075	-0.091955	-0.082623	-0.185892	1.372816	-0.751927	-0.113560	5.352309	0.374343	-0.914885	0.000000	4.632124	-1.023746	-1.326942	4.160565	-0.995533	0.133893	0.000000
-0.632010	1.052541	0.930054	-0.035656	0.009783	-0.017447	0.999164	0.022637	-0.131586	-0.453349	0.860526	-0.348084	0.015293	-0.036012	-0.188739	-0.287648	0.725339	-0.393217	0.004493	0.051664	-0.234669	0.275989	0.185488	-1.530858	-0.193530	0.374225	0.000000	-0.498657	-0.155140	1.225617	-1.290101	-0.000562	-0.126287	0.000000	-0.204876	0.080145	-0.238264	0.307035	0.013296	-0.006776	-0.197840	0.140152	-0.578278	0.793356	-0.040628	-0.081684	-0.246837	0.682531	-0.850485	-0.519836	5.954573	0.828296	-1.189550	0.000000	4.607883	-0.806065	-1.983070	4.647806	-1.181537	0.387648	0.000000
-0.631400	1.050398	0.928963	-0.034542	0.009618	-0.016832	0.999215	0.018710	-0.129899	-0.458185	0.866503	-0.347625	0.015351	-0.039815	-0.185285	-0.299891	0.741790	-0.393626	0.002773	0.046056	-0.228130	0.258872	0.170288	-1.411231	-0.172064	0.348744	0.000000	-0.409362	-0.169272	1.180308	-1.194418	-0.025914	-0.115792	0.000000	-0.171884	0.169354	-0.248563	0.275834	0.002518	0.002848	-0.167328	0.246928	-0.647784	0.795653	-0.002570	-0.055830	-0.297006	0.174633	-0.649592	-0.923311	5.968299	1.124120	-1.190311	0.000000	4.345295	-0.604476	-2.514714	4.929569	-1.370621	0.570877	0.000000
-0.630337	1.048674	0.927928	-0.030936	0.009013	-0.016079	0.999352	0.015762	-0.124811	-0.463291	0.871559	-0.347983	0.015407	-0.042705	-0.178861	-0.313559	0.757165	-0.393320	0.002260	0.039784	-0.227684	0.250005	0.148556	-1.292126	-0.148565	0.326612	0.000000	-0.324845	-0.179319	1.125028	-1.092918	-0.055387	-0.103452	0.000000	-0.222368	0.605239	-0.416225	0.214319	0.045796	-0.057400	-0.200819	0.669222	-1.085205	0.906114	0.153142	-0.002153	-0.180897	-0.094932	-0.186805	-1.202253	5.151540	0.961568	-0.883118	0.000000	3.687588	-0.399055	-2.555215	4.668999	-1.454893	0.574364	0.000000
-0.626090	1.046438	0.926666	-0.020036	0.006660	-0.014037	0.999679	0.009815	-0.105689	-0.474834	0.875076	-0.345793	0.013055	-0.047848	-0.158516	-0.343299	0.778035	-0.387501	0.002687	0.038820	-0.231928	0.251400	0.122198	-1.205169	-0.133601	0.313419	0.000000	-0.261859	-0.185234	1.078099	-1.007658	-0.084109	-0.092817	0.000000	-0.271993	0.797160	-0.570268	0.177027	0.055391	-0.100568	-0.246942	0.860715	-1.392570	1.000464	0.226989	0.060104	-0.172384	-0.749218	-0.033811	-1.841152	4.919582	0.991617	-0.619531	0.000000	3.450731	-0.315519	-3.109720	5.361006	-1.740947	0.565640	0.000000
-0.623382	1.043256	0.925430	-0.013353	0.004040	-0.013058	0.999817	0.004882	-0.092925	-0.486102	0.878640	-0.345768	0.011384	-0.052582	-0.144433	-0.369262	0.797184	-0.384241	0.004664	0.032889	-0.257653	0.248653	0.074910	-1.095343	-0.108900	0.301831	0.000000	-0.186816	-0.191940	1.000640	-0.878478	-0.125025	-0.080826	0.000000	-0.221266	0.345408	-0.394840	0.058293	0.027308	-0.105754	-0.228369	0.411354	-0.919315	0.681369	0.164163	0.163188	-0.434259	-1.480464	-0.479190	-2.639800	4.369760	1.250864	-0.565691	0.000000	3.310468	-0.248773	-4.122037	6.215586	-1.959753	0.498440	0.000000
-0.623570	1.040570	0.925325	-0.012969	0.001814	-0.012432	0.999837	0.000965	-0.091873	-0.490627	0.877407	-0.344701	0.008825	-0.056983	-0.142062	-0.380071	0.805289	-0.380934	0.009214	0.021450	-0.291146	0.232232	0.016606	-1.030379	-0.083566	0.290792	0.000000	-0.129440	-0.195185	0.913218	-0.759035	-0.162500	-0.072880	0.000000	-0.198528	-0.512960	0.188172	-0.228266	0.040145	-0.080436	-0.259569	-0.389674	0.245322	-0.050251	0.074629	0.405295	-0.896042	-1.901400	-1.133989	-3.460204	2.484235	1.539512	-0.692365	0.000000	2.835458	0.092036	-5.167651	6.167267	-2.214236	0.478993	0.000000
-0.628585	1.037876	0.926746	-0.023640	0.002630	-0.012146	0.999643	-0.003059	-0.113443	-0.478575	0.869509	-0.344162	0.008166	-0.062965	-0.160020	-0.359449	0.795173	-0.381256	0.020876	-0.002953	-0.333709	0.203293	-0.063499	-0.995973	-0.047320	0.274136	0.000000	-0.073397	-0.188259	0.793934	-0.631787	-0.213594	-0.061667	0.000000	-0.186193	-0.370936	0.609494	-0.426282	-0.061888	-0.049526	-0.244709	-0.224430	0.642911	-0.346406	0.084765	0.383635	-0.917279	-1.851845	-1.197449	-3.891286	1.102039	1.419750	-0.957807	0.000000	2.509472	0.196418	-5.768891	6.047125	-2.561593	0.606610	0.000000
-0.630262	1.035684	0.927519	-0.019699	0.003670	-0.011799	0.999730	-0.006483	-0.106710	-0.466248	0.860356	-0.347176	0.006844	-0.066771	-0.151039	-0.354355	0.791433	-0.377544	0.024560	-0.015241	-0.365220	0.184334	-0.139046	-0.986297	-0.026776	0.252479	0.000000	-0.029061	-0.187328	0.682462	-0.517150	-0.264963	-0.048615	0.000000	-0.125412	0.480848	0.499766	-0.423218	-0.136422	-0.085145	-0.132969	0.578412	0.093316	-0.150762	0.204468	0.120687	-0.558397	-1.576197	-0.763649	-3.869454	0.066733	0.536390	-1.344579	0.000000	1.903653	-0.192977	-5.562350	5.229893	-2.575537	0.560042	0.000000
-0.631386	1.034154	0.928330	-0.013149	0.003386	-0.011816	0.999838	-0.008075	-0.094209	-0.458584	0.852581	-0.349619	0.004761	-0.068284	-0.136883	-0.355716	0.789143	-0.373077	0.025703	-0.025289	-0.396757	0.172747	-0.218277	-0.993304	-0.025864	0.220353	0.000000	0.002749	-0.195978	0.571440	-0.422592	-0.316615	-0.039265	0.000000	-0.133821	0.519177	0.344346	-0.423571	-0.044198	-0.079222	-0.131113	0.597576	-0.030107	-0.206167	0.248124	0.094644	-0.565378	-1.695000	-0.680588	-4.079970	-0.572276	-0.130872	-1.878775	0.000000	1.486500	-0.637065	-5.415568	4.231101	-2.501129	0.426807	0.000000
-0.632011	1.031487	0.929408	-0.008840	0.002715	-0.011468	0.999892	-0.011836	-0.085943	-0.452474	0.843413	-0.348944	0.003675	-0.072016	-0.127136	-0.355559	0.783187	-0.367619	0.028346	-0.037856	-0.433020	0.157111	-0.302245	-1.009188	-0.032011	0.177328	0.000000	0.030399	-0.212811	0.465840	-0.347906	-0.365008	-0.031543	0.000000	-0.154532	0.587753	0.333299	-0.455165	0.001564	-0.033164	-0.142422	0.613794	0.017928	-0.357509	0.256574	0.117189	-0.579769	-1.957519	-0.799350	-4.362746	-0.965574	-0.240894	-2.223492	0.000000	1.320348	-1.076420	-4.964481	3.374808	-2.182940	0.286495	0.000000
-0.632871	1.029916	0.930406	-0.000755	0.002080	-0.011139	0.999936	-0.014257	-0.070699	-0.445252	0.834374	-0.349556	0.003434	-0.073981	-0.112332	-0.354999	0.774843	-0.362814	0.030391	-0.048480	-0.475057	0.140773	-0.392787	-1.031927	-0.035500	0.131414	0.000000	0.055563	-0.239035	0.372860	-0.287599	-0.403933	-0.027805	0.000000	-0.028181	1.058917	0.445747	-0.450903	-0.124966	-0.055339	0.002299	1.013819	-0.008685	-0.396279	0.224742	0.019208	-0.452740	-2.019788	-0.764683	-4.327823	-1.163349	0.015555	-2.196523	0.000000	1.178582	-1.356030	-3.752369	2.419170	-1.484401	0.096932	0.000000
-0.634254	1.030133	0.931302	0.013686	0.001870	-0.011528	0.999838	-0.012963	-0.043586	-0.434644	0.825377	-0.353943	0.001461	-0.071924	-0.086583	-0.355907	0.767335	-0.358629	0.029114	-0.055966	-0.513812	0.126524	-0.475357	-1.055722	-0.031389	0.089468	0.000000	0.077542	-0.267052	0.315745	-0.251139	-0.424384	-0.027666	0.000000	0.022761	1.274465	0.499108	-0.425538	-0.197313	-0.091463	0.061247	1.171740	-0.014838	-0.394699	0.187078	-0.065336	-0.439654	-1.956882	-0.695256	-4.303631	-1.314864	0.345168	-2.125535	0.000000	1.088799	-1.478144	-2.361111	1.457482	-0.737157	-0.058671	0.000000
-0.635293	1.029446	0.932067	0.026626	0.001798	-0.011668	0.999576	-0.013346	-0.019721	-0.425288	0.817353	-0.357449	-0.000224	-0.071531	-0.065462	-0.355593	0.759055	-0.355331	0.027777	-0.066066	-0.553333	0.112963	-0.564932	-1.084521	-0.021693	0.046392	0.000000	0.099115	-0.298160	0.278416	-0.229300	-0.433419	-0.030152	0.000000	-0.014226	1.267912	0.559666	-0.478384	-0.152901	-0.105874	0.014748	1.143506	0.087976	-0.497140	0.182569	-0.082560	-0.484346	-2.015607	-0.562806	-4.883055	-1.577461	0.532223	-2.353382	0.000000	1.089395	-1.619020	-1.502067	0.745475	-0.183875	-0.114678	0.000000
-0.636722	1.029263	0.933156	0.040562	0.002100	-0.011599	0.999108	-0.013532	0.007130	-0.412257	0.806242	-0.360059	-0.002774	-0.071334	-0.040843	-0.352388	0.747450	-0.351326	0.025811	-0.075340	-0.594436	0.104011	-0.670680	-1.118820	-0.010100	-0.004668	0.000000	0.121118	-0.331813	0.255662	-0.221320	-0.431739	-0.032253	0.000000	-0.006133	1.375347	0.645097	-0.512081	-0.151374	-0.108480	0.006844	1.289064	0.132839	-0.536382	0.199850	-0.080239	-0.478955	-2.066702	-0.300635	-5.125266	-1.687163	0.531239	-2.520090	0.000000	1.127460	-1.573024	-0.858756	0.211154	0.242834	-0.050004	0.000000
-0.637938	1.029185	0.934120	0.055935	0.002745	-0.011486	0.998365	-0.013592	0.035293	-0.399484	0.796869	-0.363504	-0.004564	-0.071257	-0.013899	-0.350279	0.737599	-0.347337	0.024568	-0.085224	-0.636001	0.100938	-0.769942	-1.152008	-0.000444	-0.054411	0.000000	0.144213	-0.361081	0.244066	-0.220854	-0.423706	-0.032152	0.000000	-0.005467	1.389544	0.583815	-0.423816	-0.148647	-0.063698	-0.006164	1.325490	0.056810	-0.446889	0.203937	-0.027663	-0.522864	-2.344269	-0.190958	-4.671004	-1.845267	0.497665	-2.287638	0.000000	1.179483	-1.393488	-0.513842	-0.094549	0.470429	0.073989	0.000000
-0.638994	1.028990	0.934948	0.071272	0.003080	-0.011328	0.997388	-0.013751	0.062712	-0.388905	0.789289	-0.366004	-0.005321	-0.071580	0.012177	-0.350115	0.729574	-0.343169	0.024705	-0.096254	-0.688207	0.096373	-0.857520	-1.192631	0.009806	-0.096173	0.000000	0.168297	-0.387553	0.235109	-0.225102	-0.412922	-0.029293	0.000000	-0.034660	1.517567	0.636028	-0.474942	-0.118878	-0.052954	-0.054898	1.478270	0.021649	-0.434083	0.241899	0.004440	-0.557322	-2.424353	-0.340781	-4.145103	-2.021799	0.654357	-1.909240	0.000000	1.134843	-1.203027	-0.483074	-0.321991	0.541478	0.236128	0.000000
-0.640613	1.028822	0.936041	0.089094	0.003713	-0.010606	0.995960	-0.014978	0.095996	-0.374043	0.777872	-0.368259	-0.006682	-0.073453	0.045231	-0.349413	0.720236	-0.337661	0.024745	-0.107517	-0.732975	0.087306	-0.935747	-1.232880	0.025731	-0.130781	0.000000	0.189607	-0.409202	0.224743	-0.233734	-0.402047	-0.022707	0.000000	-0.064963	1.723031	0.736660	-0.573680	-0.112379	-0.061192	-0.107498	1.713831	-0.016493	-0.433257	0.295650	0.036827	-0.532630	-2.218583	-0.598488	-3.449376	-2.061835	0.876684	-1.481040	0.000000	0.914757	-0.933406	-0.799360	-0.500016	0.404090	0.370079	0.000000
-0.642392	1.028663	0.937112	0.108041	0.004068	-0.009754	0.994090	-0.016350	0.131633	-0.359438	0.766342	-0.370500	-0.007769	-0.075880	0.080730	-0.350775	0.712244	-0.331343	0.026178	-0.117560	-0.776950	0.072434	-0.995495	-1.275105	0.044874	-0.155415	0.000000	0.204888	-0.424889	0.203134	-0.245103	-0.396759	-0.014490	0.000000	-0.048294	1.819369	0.785898	-0.618988	-0.128701	-0.082417	-0.118252	1.816752	-0.062218	-0.394842	0.318411	0.116731	-0.468786	-2.108866	-0.935390	-2.635266	-2.258635	1.110251	-0.965361	0.000000	0.722075	-0.654722	-1.413568	-0.644740	0.161056	0.425297	0.000000
-0.644939	1.029244	0.938272	0.127675	0.004314	-0.008810	0.991768	-0.016910	0.168771	-0.342607	0.753112	-0.373407	-0.009979	-0.078183	0.117902	-0.351902	0.704442	-0.324924	0.029414	-0.126268	-0.817330	0.049891	-1.041157	-1.323225	0.070141	-0.169395	0.000000	0.218490	-0.435391	0.168200	-0.259523	-0.395605	-0.005695	0.000000	0.013427	2.016525	0.856417	-0.696899	-0.188294	-0.164805	-0.094066	2.042033	-0.156438	-0.332715	0.343206	0.126086	-0.350347	-1.792718	-1.161346	-2.374302	-2.496421	1.292060	-1.015820	0.000000	0.623438	-0.320034	-1.981517	-0.760081	-0.076152	0.439720	0.000000
-0.647319	1.030426	0.939306	0.150375	0.004065	-0.008139	0.988587	-0.015812	0.212294	-0.325182	0.738466	-0.378031	-0.014361	-0.079643	0.162411	-0.357032	0.698935	-0.317614	0.031221	-0.131573	-0.848659	0.025980	-1.090467	-1.374961	0.096556	-0.196048	0.000000	0.229825	-0.437690	0.123873	-0.275506	-0.399805	0.003099	0.000000	0.051751	2.143893	0.806735	-0.696284	-0.224873	-0.227548	-0.078366	2.155599	-0.301031	-0.263253	0.331585	0.005545	-0.251782	-1.669589	-1.038115	-2.466479	-2.613962	0.953650	-1.968933	0.000000	0.500872	0.088371	-2.304803	-0.726978	-0.295771	0.397032	0.000000
-0.649534	1.031764	0.940126	0.172314	0.003256	-0.007301	0.985010	-0.014840	0.254526	-0.310338	0.725261	-0.382402	-0.019080	-0.081318	0.204125	-0.363943	0.693912	-0.311661	0.029636	-0.136340	-0.884113	0.008366	-1.139816	-1.427784	0.108287	-0.248153	0.000000	0.238525	-0.431856	0.076008	-0.288602	-0.407436	0.010186	0.000000	0.088252	2.021635	0.713120	-0.592962	-0.275751	-0.234297	-0.055503	2.021349	-0.342713	-0.192322	0.230359	-0.067350	-0.308639	-1.689683	-1.174644	-1.563066	-2.801168	0.488284	-1.903045	0.000000	0.374157	0.458603	-2.278766	-0.522351	-0.414449	0.310736	0.000000
-0.651686	1.033737	0.940392	0.192645	0.002505	-0.006811	0.981242	-0.012282	0.293159	-0.296657	0.714748	-0.389061	-0.023733	-0.081863	0.243265	-0.370741	0.691243	-0.308400	0.028527	-0.143919	-0.916246	-0.021006	-1.152990	-1.487008	0.116088	-0.272169	0.000000	0.244791	-0.419346	0.032723	-0.296400	-0.416383	0.015528	0.000000	0.138087	1.894807	0.678827	-0.532185	-0.342508	-0.272059	-0.023304	1.906631	-0.361180	-0.092794	0.133116	-0.097205	-0.400434	-1.414342	-1.639248	-0.536600	-2.923226	0.501273	-0.465830	0.000000	0.260187	0.801507	-2.053267	-0.289744	-0.511920	0.300078	0.000000
-0.653429	1.035794	0.940351	0.211559	0.001819	-0.006411	0.977343	-0.009316	0.330319	-0.283185	0.703973	-0.396102	-0.029963	-0.082250	0.280391	-0.378390	0.690201	-0.306336	0.025748	-0.152357	-0.940687	-0.057204	-1.161280	-1.544713	0.128338	-0.266786	0.000000	0.248932	-0.399796	-0.006123	-0.300192	-0.427912	0.022189	0.000000	0.131610	1.699874	0.613795	-0.438924	-0.333518	-0.227235	-0.033014	1.720952	-0.335228	-0.053057	0.057948	-0.102703	-0.406878	-1.032898	-1.812167	-0.771987	-2.755120	0.609309	0.189201	0.000000	0.212477	0.987661	-1.633251	-0.050881	-0.500654	0.283575	0.000000
-0.655146	1.037788	0.940179	0.228434	0.001367	-0.005812	0.973541	-0.007018	0.361154	-0.272105	0.697191	-0.402402	-0.032823	-0.083184	0.312103	-0.384150	0.689120	-0.306082	0.024419	-0.160194	-0.957562	-0.093493	-1.183869	-1.597213	0.140460	-0.264601	0.000000	0.253290	-0.379840	-0.032607	-0.298435	-0.436409	0.026871	0.000000	0.113976	1.656699	0.548943	-0.371051	-0.286578	-0.177805	-0.069015	1.693958	-0.378924	-0.027907	0.083956	-0.064346	-0.354692	-0.837240	-1.899837	-1.329941	-2.703404	0.560463	-0.025272	0.000000	0.185381	1.110679	-1.120618	0.213797	-0.366288	0.229662	0.000000
-0.656499	1.039758	0.940102	0.246984	0.000560	-0.005124	0.969006	-0.004757	0.396587	-0.261227	0.689131	-0.407565	-0.037075	-0.085010	0.348149	-0.393547	0.689084	-0.302978	0.023174	-0.166545	-0.974176	-0.133197	-1.214478	-1.652849	0.150756	-0.267797	0.000000	0.256347	-0.355369	-0.050948	-0.291640	-0.442564	0.031376	0.000000	0.121255	1.737744	0.589477	-0.417097	-0.218841	-0.193788	-0.093627	1.781133	-0.446904	0.022249	0.158174	-0.061056	-0.311076	-0.734396	-1.840627	-1.532063	-2.589998	0.425752	-0.227764	0.000000	0.043633	1.232716	-0.762631	0.424295	-0.301430	0.170797	0.000000
-0.658149	1.042047	0.940160	0.264979	0.000097	-0.004360	0.964244	-0.002168	0.430664	-0.248526	0.680507	-0.411156	-0.040574	-0.086929	0.383349	-0.402026	0.690010	-0.299755	0.021977	-0.172637	-0.986938	-0.167118	-1.245152	-1.700813	0.157490	-0.273712	0.000000	0.255036	-0.330531	-0.063112	-0.281464	-0.448466	0.033703	0.000000	0.139886	1.665235	0.604137	-0.384556	-0.154588	-0.150287	-0.090628	1.725793	-0.418965	0.041564	0.185695	-0.038823	-0.259732	-0.571088	-1.641633	-1.712346	-2.329278	0.307800	-0.382906	0.000000	-0.075406	1.329069	-0.485282	0.615704	-0.268723	0.055625	0.000000
-0.659690	1.044274	0.940331	0.282473	-0.000395	-0.003791	0.959268	0.000838	0.463196	-0.237061	0.673749	-0.413749	-0.043087	-0.088636	0.417181	-0.410306	0.690747	-0.295550	0.021621	-0.176934	-0.997020	-0.198863	-1.282972	-1.746020	0.163068	-0.283113	0.000000	0.253331	-0.302206	-0.070359	-0.267012	-0.453313	0.033601	0.000000	0.159774	1.537558	0.541239	-0.311629	-0.103812	-0.119901	-0.068593	1.578239	-0.398954	0.039478	0.228615	-0.023098	-0.213432	-0.369851	-1.490820	-2.047083	-2.136093	0.349633	-0.550714	0.000000	-0.091107	1.506878	-0.237847	0.776840	-0.240537	-0.024622	0.000000
-0.661053	1.046497	0.940657	0.297914	-0.000991	-0.003414	0.954586	0.004223	0.492166	-0.226876	0.668042	-0.415308	-0.045370	-0.089672	0.446478	-0.417984	0.691589	-0.290611	0.021053	-0.181174	-1.001732	-0.226751	-1.327035	-1.786257	0.171475	-0.295740	0.000000	0.251391	-0.270256	-0.072626	-0.250390	-0.458088	0.032718	0.000000	0.160392	1.292108	0.443215	-0.247073	-0.045817	-0.109522	-0.042046	1.297291	-0.359054	0.042707	0.253039	-0.033347	-0.275147	-0.097498	-1.255648	-2.245659	-1.846784	0.488654	-0.632693	0.000000	-0.118263	1.688527	-0.032878	0.826509	-0.270454	-0.014074	0.000000
-0.661991	1.048661	0.941062	0.310098	-0.001642	-0.003010	0.950698	0.007254	0.514880	-0.219333	0.663866	-0.415581	-0.047467	-0.090317	0.469072	-0.424668	0.692455	-0.285429	0.020287	-0.187940	-1.000920	-0.249089	-1.372798	-1.819891	0.182614	-0.308421	0.000000	0.248601	-0.234665	-0.071674	-0.233952	-0.464131	0.033038	0.000000	0.125088	0.990856	0.350296	-0.200668	0.006237	-0.122314	-0.037494	0.971214	-0.292106	0.048952	0.229095	-0.030468	-0.388818	0.123627	-0.969905	-2.119488	-1.454666	0.569107	-0.602476	0.000000	-0.162344	1.718049	0.099687	0.740503	-0.315186	0.033767	0.000000
-0.662806	1.050707	0.941441	0.319305	-0.002059	-0.002319	0.947647	0.009227	0.531801	-0.212865	0.660015	-0.415059	-0.050263	-0.091172	0.485327	-0.429669	0.693547	-0.281447	0.019834	-0.196727	-0.996787	-0.265547	-1.411814	-1.844443	0.194240	-0.319840	0.000000	0.244898	-0.201534	-0.068639	-0.220770	-0.470695	0.034069	0.000000	0.060136	0.644457	0.270547	-0.165054	0.057115	-0.117831	-0.068608	0.681021	-0.190243	0.037712	0.147818	-0.010737	-0.513378	0.183499	-0.704591	-1.867393	-1.137370	0.538243	-0.583455	0.000000	-0.231630	1.659963	0.113076	0.584917	-0.357249	0.076978	0.000000
-0.663561	1.052675	0.941793	0.324636	-0.002337	-0.001180	0.945835	0.009659	0.540659	-0.208511	0.657264	-0.413297	-0.052181	-0.093062	0.496313	-0.432278	0.693964	-0.279516	0.019858	-0.208475	-0.993580	-0.277272	-1.447494	-1.865386	0.204144	-0.331759	0.000000	0.239336	-0.168267	-0.067151	-0.210555	-0.478421	0.036117	0.000000	-0.011200	0.284490	0.159484	-0.116688	0.095783	-0.095182	-0.092692	0.359313	-0.094045	0.020447	0.042435	0.011614	-0.552373	0.179201	-0.459120	-1.564845	-0.910637	0.427885	-0.545580	0.000000	-0.286295	1.581115	0.056871	0.415396	-0.339936	0.123179	0.000000
-0.664357	1.054524	0.942026	0.326618	-0.002717	-0.000003	0.945153	0.008779	0.543180	-0.206485	0.655347	-0.411227	-0.054070	-0.094880	0.499699	-0.433430	0.694365	-0.279749	0.020299	-0.218822	-0.989619	-0.283912	-1.474408	-1.880869	0.211355	-0.341663	0.000000	0.233446	-0.138289	-0.066364	-0.204154	-0.484292	0.038996	0.000000	-0.026327	-0.007652	0.048165	-0.061408	0.103997	-0.073622	-0.043026	0.025574	-0.021913	0.021498	-0.000075	0.026722	-0.393419	0.161178	-0.218504	-1.003718	-0.543126	0.280275	-0.380205	0.000000	-0.229341	1.175676	0.041394	0.220574	-0.199212	0.126272	0.000000
-0.664724	1.055732	0.942257	0.325644	-0.003135	0.000875	0.945487	0.008606	0.540353	-0.206584	0.654808	-0.409137	-0.055126	-0.094783	0.497336	-0.433154	0.694823	-0.279519	0.020927	-0.224212	-0.987133	-0.286012	-1.487643	-1.887111	0.215355	-0.346967	0.000000	0.230162	-0.121240	-0.065495	-0.201732	-0.486389	0.041168	0.000000	-0.013632	-0.248420	-0.029392	-0.015816	0.084686	-0.040129	0.019566	-0.220691	0.056095	0.022855	-0.022539	0.022047	-0.190115	0.157695	-0.035039	-0.552949	-0.231501	0.178528	-0.211027	0.000000	-0.169130	0.862547	0.058998	0.101865	-0.082272	0.115132	0.000000
-0.664929	1.056558	0.942343	0.322159	-0.003326	0.001251	0.946679	0.008233	0.533243	-0.207661	0.654715	-0.407840	-0.055675	-0.094097	0.490872	-0.431187	0.695279	-0.280651	0.021181	-0.226427	-0.983311	-0.285313	-1.496526	-1.890129	0.218496	-0.350104	0.000000	0.226681	-0.103787	-0.064004	-0.200079	-0.487583	0.043601	0.000000	-0.016524	-0.475368	-0.060277	0.005440	0.042871	0.004034	0.056462	-0.433397	0.156174	0.028865	-0.102701	0.001063	-0.042032	0.231591	0.130762	-0.291628	-0.068024	0.114814	-0.085996	0.000000	-0.186767	0.864009	0.125339	0.077543	-0.034650	0.102492	0.000000
-0.665057	1.057292	0.942321	0.316035	-0.003205	0.001443	0.948741	0.007945	0.521338	-0.208995	0.655025	-0.407422	-0.054964	-0.092524	0.480000	-0.426907	0.695978	-0.283627	0.020969	-0.225893	-0.977869	-0.280782	-1.499308	-1.889832	0.219948	-0.350407	0.000000	0.222691	-0.086679	-0.060482	-0.198630	-0.487775	0.045267	0.000000	-0.012626	-0.689596	-0.091609	0.033252	0.009424	0.068817	0.104487	-0.673601	0.252780	0.030261	-0.173777	0.000197	0.084089	0.300992	0.370386	0.004229	0.117010	0.026042	0.064483	0.000000	-0.217592	0.812860	0.250086	0.068878	0.014018	0.058228	0.000000
-0.665205	1.057841	0.942216	0.307656	-0.003079	0.001337	0.951492	0.007728	0.505660	-0.211325	0.656045	-0.407463	-0.052923	-0.089918	0.463928	-0.421075	0.696490	-0.287602	0.021189	-0.223063	-0.971271	-0.270498	-1.496357	-1.885448	0.219538	-0.347524	0.000000	0.217977	-0.071273	-0.054001	-0.197324	-0.487023	0.045930	0.000000	-0.006635	-0.928119	-0.145606	0.070390	-0.004327	0.106710	0.159366	-0.965104	0.344591	0.026880	-0.233741	-0.013609	0.183214	0.391011	0.649162	0.310567	0.307575	-0.055299	0.250120	0.000000	-0.263808	0.700889	0.444532	0.049908	0.076976	0.016221	0.000000
-0.665069	1.058509	0.942003	0.296078	-0.002753	0.001127	0.955159	0.007680	0.484213	-0.214820	0.657841	-0.407595	-0.050696	-0.086150	0.441396	-0.413124	0.697053	-0.292977	0.020425	-0.218565	-0.962229	-0.254815	-1.486885	-1.877529	0.217736	-0.340402	0.000000	0.212139	-0.058644	-0.042700	-0.196634	-0.484696	0.045916	0.000000	-0.000509	-1.213470	-0.181631	0.109023	-0.006939	0.117173	0.204331	-1.256884	0.450833	0.038452	-0.307424	-0.064638	0.258554	0.548753	0.898987	0.662282	0.487357	-0.093582	0.455239	0.000000	-0.327773	0.542751	0.696331	0.012759	0.169621	-0.018283	0.000000
-0.664793	1.059272	0.941745	0.281772	-0.001985	0.000914	0.959479	0.007708	0.457121	-0.218590	0.660406	-0.407741	-0.048236	-0.081745	0.413652	-0.403042	0.698028	-0.299899	0.018603	-0.212721	-0.949321	-0.234538	-1.469866	-1.865954	0.215795	-0.329315	0.000000	0.204866	-0.049563	-0.026147	-0.196814	-0.480238	0.045199	0.000000	-0.016524	-1.409832	-0.205978	0.135545	-0.000002	0.112750	0.206636	-1.463762	0.516266	0.043727	-0.347842	-0.094831	0.337953	0.705764	1.147665	0.988212	0.671422	-0.090841	0.624248	0.000000	-0.407306	0.350734	0.988149	-0.047014	0.293512	-0.038371	0.000000
-0.664501	1.059769	0.941487	0.265964	-0.001142	0.000802	0.963982	0.007019	0.427820	-0.223059	0.663263	-0.407595	-0.046186	-0.077884	0.382846	-0.392473	0.698802	-0.306890	0.016632	-0.205046	-0.933998	-0.208909	-1.447357	-1.850672	0.214102	-0.315432	0.000000	0.195847	-0.044614	-0.003174	-0.198514	-0.472956	0.044381	0.000000	-0.055265	-1.488172	-0.256504	0.155838	0.021184	0.128794	0.160827	-1.541931	0.499693	0.042920	-0.339016	-0.088794	0.459912	0.776930	1.401978	1.255921	0.836039	-0.101099	0.747228	0.000000	-0.492925	0.131904	1.323308	-0.139791	0.447652	-0.039340	0.000000
-0.663835	1.059801	0.941183	0.249644	-0.000269	0.000869	0.968337	0.005497	0.397594	-0.228851	0.666639	-0.406893	-0.043084	-0.075311	0.351975	-0.383054	0.699745	-0.313460	0.015051	-0.194324	-0.918244	-0.178459	-1.419629	-1.832512	0.211751	-0.299426	0.000000	0.185149	-0.044287	0.026785	-0.202406	-0.462332	0.043626	0.000000	-0.079124	-1.569347	-0.318056	0.192851	0.048304	0.168534	0.120426	-1.591802	0.473227	0.059922	-0.331068	-0.080474	0.557344	0.784279	1.627252	1.520079	0.964984	-0.145976	0.846814	0.000000	-0.563122	-0.106974	1.633098	-0.246637	0.593950	-0.044335	0.000000
-0.663159	1.059761	0.940816	0.231734	0.000594	0.000925	0.972779	0.003854	0.365046	-0.235781	0.670977	-0.405663	-0.039444	-0.073067	0.319174	-0.373544	0.701199	-0.320133	0.013413	-0.182753	-0.902627	-0.143819	-1.386553	-1.812073	0.208263	-0.281560	0.000000	0.173322	-0.048893	0.062150	-0.208380	-0.449198	0.042608	0.000000	-0.048389	-1.791359	-0.320876	0.286449	0.058711	0.199845	0.156196	-1.812509	0.585569	0.080228	-0.385854	-0.103347	0.561774	0.808322	1.802342	1.803890	1.049417	-0.201875	0.965185	0.000000	-0.574169	-0.341414	1.931258	-0.292675	0.738347	-0.056109	0.000000
-0.662281	1.059854	0.940485	0.211445	0.002684	0.000483	0.977386	0.003562	0.325940	-0.241686	0.678097	-0.404545	-0.035090	-0.069064	0.279475	-0.359632	0.702954	-0.328894	0.010918	-0.171854	-0.885911	-0.106365	-1.347473	-1.790536	0.203676	-0.260818	0.000000	0.162182	-0.057943	0.104035	-0.214113	-0.432798	0.041381	0.000000	-0.046779	-1.895855	-0.384563	0.298491	0.091814	0.173049	0.145864	-1.905698	0.565244	0.067015	-0.348102	-0.089725	0.714786	0.856155	1.895822	2.033293	1.098305	-0.217365	1.047782	0.000000	-0.551375	-0.554774	2.059494	-0.294687	0.797372	-0.093386	0.000000
-0.661416	1.059294	0.940213	0.190915	0.003099	0.000112	0.981602	0.001983	0.289212	-0.251164	0.682916	-0.401990	-0.032522	-0.067233	0.242946	-0.350934	0.703880	-0.334057	0.009824	-0.154161	-0.868381	-0.067986	-1.305222	-1.768141	0.199568	-0.239649	0.000000	0.151267	-0.071084	0.144529	-0.220167	-0.417303	0.038873	0.000000	-0.021109	-1.958277	-0.500613	0.379319	0.091323	0.181173	0.142280	-1.948849	0.515953	0.039446	-0.302672	-0.024279	1.023645	1.138247	2.173294	2.621201	1.336953	-0.185720	1.264296	0.000000	-0.622966	-0.886807	2.324658	-0.361494	0.820531	-0.177511	0.000000
-0.660500	1.059397	0.939697	0.169355	0.004249	-0.000845	0.985546	0.002718	0.247608	-0.261710	0.693270	-0.400892	-0.027843	-0.063372	0.201521	-0.338993	0.704532	-0.341001	0.009946	-0.130908	-0.840381	-0.019434	-1.242625	-1.737058	0.196247	-0.210247	0.000000	0.137264	-0.093416	0.197021	-0.228572	-0.399977	0.034281	0.000000	-0.010968	-2.048898	-0.475765	0.411457	0.104945	0.177839	0.125372	-2.015607	0.570255	0.041988	-0.336951	0.010181	0.985408	1.152754	1.893170	2.573898	1.243174	-0.084015	1.204971	0.000000	-0.569059	-0.946708	1.930407	-0.341791	0.628044	-0.199220	0.000000
-0.659643	1.059425	0.939274	0.147587	0.005386	-0.000888	0.989034	0.001544	0.207256	-0.270194	0.699375	-0.397793	-0.025409	-0.062218	0.162321	-0.328124	0.705559	-0.347535	0.010231	-0.114745	-0.822271	0.007741	-1.202266	-1.718414	0.196208	-0.191450	0.000000	0.128504	-0.108953	0.221746	-0.233839	-0.392181	0.030904	0.000000	-0.041836	-2.102704	-0.463793	0.395392	0.146731	0.127439	0.065483	-2.057604	0.585078	0.035624	-0.359031	0.025153	0.778336	1.152486	1.422687	2.531633	1.003534	0.103406	1.241877	0.000000	-0.511090	-0.941148	1.346345	-0.311555	0.424205	-0.200949	0.000000
-0.658790	1.059878	0.938696	0.124851	0.006760	-0.000989	0.992152	0.001044	0.163500	-0.280262	0.709086	-0.395023	-0.022746	-0.060753	0.119217	-0.315590	0.705957	-0.355362	0.010953	-0.099774	-0.794282	0.037474	-1.141360	-1.696916	0.200383	-0.160572	0.000000	0.116820	-0.131062	0.250875	-0.241034	-0.383008	0.026243	0.000000	-0.005813	-2.147568	-0.503077	0.548907	0.096473	0.126382	0.077862	-2.124914	0.651243	0.016180	-0.422619	0.039281	0.759549	1.691304	1.507423	3.705630	1.063657	0.374388	1.932786	0.000000	-0.671147	-1.304606	1.678144	-0.410866	0.476329	-0.271877	0.000000
-0.658284	1.060584	0.937876	0.102741	0.008367	-0.001247	0.994672	0.001312	0.121353	-0.290317	0.721331	-0.393934	-0.020354	-0.059103	0.077325	-0.302074	0.706207	-0.364440	0.011802	-0.084363	-0.754618	0.068038	-1.054041	-1.675868	0.211183	-0.114138	0.000000	0.101658	-0.161137	0.288871	-0.250274	-0.373128	0.020029	0.000000	-0.001727	-2.014950	-0.475115	0.484006	0.108761	0.100963	0.059586	-2.030021	0.599831	0.020666	-0.395971	0.013808	0.777022	1.322491	1.165926	3.166860	0.711125	0.328070	1.584382	0.000000	-0.530269	-1.103684	1.397898	-0.326554	0.376210	-0.237453	0.000000
-0.657447	1.061239	0.937306	0.081436	0.009371	-0.001204	0.996634	0.000975	0.082902	-0.299266	0.728446	-0.390672	-0.018707	-0.058370	0.038016	-0.291597	0.706783	-0.371201	0.011505	-0.068693	-0.741382	0.084111	-1.014686	-1.668471	0.213506	-0.097196	0.000000	0.095609	-0.175209	0.306791	-0.254097	-0.367960	0.016745	0.000000	0.001500	-2.048034	-0.504076	0.491901	0.162384	0.130408	0.045143	-2.095822	0.605837	-0.008422	-0.384177	0.002718	0.744679	0.706418	0.816907	2.006395	0.308669	0.186507	0.697374	0.000000	-0.280139	-0.736609	0.954422	-0.174525	0.288632	-0.183683	0.000000
-0.656823	1.062163	0.936646	0.058529	0.010801	-0.001434	0.998226	0.001372	0.039432	-0.310480	0.741007	-0.387438	-0.015137	-0.057298	-0.006508	-0.277841	0.705870	-0.379807	0.011911	-0.054576	-0.726362	0.100714	-0.973785	-1.663521	0.218644	-0.086243	0.000000	0.090453	-0.190601	0.327048	-0.257255	-0.361583	0.012681	0.000000	0.020032	-2.191653	-0.611915	0.656964	0.169540	0.187571	0.038213	-2.228002	0.661089	-0.065351	-0.389362	0.038791	0.631391	0.892584	1.106938	2.798718	0.125700	0.352678	0.519793	0.000000	-0.310726	-0.914583	1.317786	-0.190420	0.364695	-0.221226	0.000000
-0.656228	1.063132	0.936083	0.035864	0.011765	-0.001602	0.999286	0.001776	-0.004764	-0.323743	0.754724	-0.383891	-0.011204	-0.056841	-0.051104	-0.265154	0.704169	-0.386775	0.013056	-0.043438	-0.705679	0.128388	-0.902737	-1.663443	0.227613	-0.076405	0.000000	0.083180	-0.211792	0.359503	-0.261713	-0.353372	0.007896	0.000000	-0.002264	-2.080518	-0.607432	0.514981	0.237189	0.149734	-0.012827	-2.098648	0.560550	-0.073585	-0.279146	0.068895	0.547959	0.763215	1.162860	2.999531	-0.088978	0.339698	0.391749	0.000000	-0.297596	-0.811505	1.278652	-0.179502	0.278537	-0.170489	0.000000
-0.655425	1.063290	0.935899	0.013718	0.012050	-0.001556	0.999832	0.001281	-0.043789	-0.334778	0.761606	-0.377951	-0.009148	-0.057811	-0.090454	-0.255419	0.702926	-0.390973	0.014667	-0.032657	-0.695833	0.147229	-0.853804	-1.667080	0.232232	-0.070573	0.000000	0.078549	-0.223061	0.378194	-0.264435	-0.350441	0.005862	0.000000	0.065358	-2.031854	-0.660469	0.520825	0.263650	0.119833	0.019389	-2.042614	0.565209	-0.192225	-0.229523	0.117474	0.487651	0.721490	1.186226	3.649677	-0.581026	0.532394	0.686313	0.000000	-0.323104	-0.639463	1.147123	-0.170624	0.059762	-0.094033	0.000000
-0.655042	1.064761	0.935545	-0.007530	0.012085	-0.002350	0.999896	0.004391	-0.086038	-0.350162	0.775557	-0.373345	-0.006411	-0.056066	-0.132809	-0.242545	0.696480	-0.395956	0.017755	-0.023932	-0.676819	0.175837	-0.756750	-1.686684	0.248909	-0.048952	0.000000	0.070256	-0.237371	0.405388	-0.268538	-0.350982	0.004134	0.000000	0.154780	-2.003875	-0.698669	0.532770	0.276795	0.090098	0.082232	-2.013627	0.562947	-0.270440	-0.207403	0.147182	0.500901	0.668485	1.007025	3.454387	-0.745833	0.666489	0.848940	0.000000	-0.284963	-0.465759	0.972851	-0.148438	-0.022772	-0.034609	0.000000
-0.654476	1.065780	0.935414	-0.028035	0.011738	-0.003222	0.999533	0.007472	-0.123944	-0.362724	0.782917	-0.366879	-0.005544	-0.054521	-0.170999	-0.232901	0.692109	-0.399269	0.020554	-0.012621	-0.669094	0.187510	-0.715628	-1.696913	0.258891	-0.036616	0.000000	0.067151	-0.241692	0.417108	-0.270372	-0.351352	0.004478	0.000000	0.163940	-1.886458	-0.621726	0.382173	0.274795	0.025849	0.071147	-1.876971	0.517558	-0.268464	-0.130737	0.152174	0.547445	0.420475	0.792724	2.437984	-0.645351	0.679914	0.818756	0.000000	-0.171724	-0.217609	0.768306	-0.114759	0.001849	0.061270	0.000000
-0.654357	1.066769	0.935290	-0.047805	0.011422	-0.004287	0.998782	0.010948	-0.161496	-0.375031	0.790844	-0.362353	-0.005377	-0.053220	-0.207888	-0.221843	0.685742	-0.401186	0.023842	-0.002034	-0.660000	0.207546	-0.659230	-1.712498	0.276105	-0.016202	0.000000	0.063387	-0.246075	0.436120	-0.273129	-0.350908	0.006585	0.000000	0.173389	-1.755159	-0.569218	0.311120	0.223508	0.030342	0.065747	-1.728353	0.502280	-0.295095	-0.096723	0.182778	0.574625	0.286369	0.956696	2.350389	-0.690311	0.716379	0.902039	0.000000	-0.151489	-0.162105	0.829636	-0.112613	0.027071	0.099878	0.000000
-0.654249	1.067772	0.935243	-0.065938	0.010816	-0.005184	0.997752	0.014408	-0.194150	-0.385493	0.795362	-0.357939	-0.004330	-0.051892	-0.240133	-0.212810	0.680305	-0.403138	0.027865	0.010364	-0.657639	0.225777	-0.621612	-1.724526	0.287546	-0.000534	0.000000	0.061091	-0.248176	0.450294	-0.274877	-0.350269	0.008473	0.000000	0.210932	-1.637228	-0.562661	0.256003	0.215407	0.077768	0.092027	-1.612156	0.469486	-0.349088	-0.071324	0.230232	0.616096	0.014323	1.201212	2.191335	-0.759038	0.691524	1.100141	0.000000	-0.131950	-0.095778	0.855640	-0.094063	0.029933	0.110315	0.000000
-0.654226	1.068925	0.935250	-0.083227	0.009928	-0.006549	0.996460	0.019385	-0.226985	-0.397537	0.801085	-0.353737	-0.002266	-0.049539	-0.272374	-0.203063	0.671778	-0.404039	0.033052	0.022610	-0.659427	0.255595	-0.571577	-1.742860	0.303766	0.027804	0.000000	0.058109	-0.249906	0.470345	-0.276891	-0.349710	0.010998	0.000000	0.239296	-1.496632	-0.551994	0.202881	0.211246	0.047403	0.109579	-1.466160	0.406842	-0.371085	-0.012375	0.243995	0.654450	-0.257745	1.755664	1.844023	-0.748202	0.423023	0.959530	0.000000	-0.116101	-0.060628	0.911666	-0.077188	0.040309	0.104543	0.000000
-0.654112	1.069814	0.935468	-0.098005	0.008823	-0.007719	0.995117	0.023980	-0.254016	-0.407573	0.803477	-0.349489	-0.002434	-0.047508	-0.298779	-0.196536	0.665461	-0.403633	0.037625	0.036542	-0.667949	0.296004	-0.547852	-1.754454	0.304467	0.037847	0.000000	0.056447	-0.250601	0.486760	-0.277964	-0.348657	0.012654	0.000000	0.278145	-1.293955	-0.550343	0.092685	0.235433	-0.038393	0.150338	-1.266783	0.263179	-0.362419	0.079250	0.243768	0.664270	-0.712141	3.037914	0.844710	-0.682685	-0.441763	-0.089209	0.000000	-0.121059	-0.021964	1.017593	-0.057573	0.061227	0.088576	0.000000
-0.653649	1.070794	0.935876	-0.110983	0.006960	-0.009449	0.993753	0.030511	-0.278744	-0.419551	0.804792	-0.344319	-0.003802	-0.043525	-0.323045	-0.192536	0.657282	-0.400869	0.042802	0.049181	-0.687913	0.377111	-0.537789	-1.770167	0.286096	0.024235	0.000000	0.053267	-0.250785	0.511049	-0.279194	-0.347261	0.014541	0.000000	0.331634	-1.110018	-0.566283	0.027299	0.242287	-0.090140	0.212512	-1.086395	0.125343	-0.347342	0.126569	0.241632	0.638616	-0.960401	3.351559	0.372803	-0.870731	-0.760551	-0.741977	0.000000	-0.161789	0.002429	1.096173	-0.056626	0.077367	0.071647	0.000000
-0.653177	1.071829	0.936246	-0.121609	0.005020	-0.011172	0.992503	0.037245	-0.298416	-0.430224	0.804569	-0.339797	-0.006040	-0.039008	-0.342235	-0.191522	0.651568	-0.398570	0.047290	0.062086	-0.706365	0.430066	-0.532939	-1.789283	0.274045	0.008168	0.000000	0.049975	-0.250504	0.530607	-0.280229	-0.345562	0.015520	0.000000	0.334770	-0.902113	-0.494783	-0.021124	0.209271	-0.118375	0.229844	-0.885019	0.054354	-0.294216	0.118039	0.215608	0.589672	-0.984508	2.520809	0.306885	-1.137343	-0.499830	-0.827996	0.000000	-0.200354	0.026475	1.032485	-0.065234	0.103819	0.039555	0.000000
-0.652890	1.072911	0.936638	-0.130337	0.003303	-0.012851	0.991381	0.043902	-0.314828	-0.439342	0.803947	-0.335948	-0.008537	-0.034331	-0.358446	-0.190362	0.645513	-0.396147	0.051427	0.072768	-0.727293	0.477944	-0.525513	-1.815661	0.266103	-0.008884	0.000000	0.045253	-0.249726	0.552349	-0.281804	-0.343109	0.016123	0.000000	0.312628	-0.731330	-0.398683	-0.055997	0.172212	-0.116859	0.222955	-0.717798	0.055183	-0.291982	0.117466	0.171207	0.479962	-1.085478	2.316736	0.456637	-1.499036	-0.297345	-0.862530	0.000000	-0.275251	0.060635	1.110834	-0.093138	0.130364	0.023176	0.000000
-0.652807	1.073854	0.937029	-0.137052	0.001840	-0.014322	0.990459	0.049750	-0.327670	-0.446171	0.802329	-0.332909	-0.010714	-0.030090	-0.370947	-0.189315	0.639889	-0.393871	0.054138	0.081285	-0.749784	0.522736	-0.514674	-1.849244	0.262151	-0.026333	0.000000	0.038965	-0.248078	0.575041	-0.283955	-0.340348	0.016447	0.000000	0.282699	-0.579874	-0.295918	-0.087596	0.124551	-0.093623	0.210099	-0.578968	0.080663	-0.306642	0.109321	0.132132	0.403687	-1.259759	2.474405	0.726408	-2.217188	0.003809	-1.009254	0.000000	-0.407409	0.148361	1.276256	-0.134151	0.113440	0.022996	0.000000
-0.652916	1.074569	0.937378	-0.142362	0.000674	-0.015861	0.989687	0.055210	-0.338023	-0.451179	0.800443	-0.330966	-0.012282	-0.025927	-0.381605	-0.187136	0.633247	-0.391774	0.056712	0.088915	-0.777683	0.576920	-0.496457	-1.904349	0.266255	-0.049255	0.000000	0.028956	-0.243791	0.603399	-0.287170	-0.338571	0.017043	0.000000	0.240432	-0.423645	-0.222833	-0.103408	0.075176	-0.052357	0.188426	-0.444049	0.066762	-0.291958	0.078873	0.117105	0.352648	-1.183185	2.250607	0.867480	-2.466810	0.260726	-0.976930	0.000000	-0.434358	0.213617	1.152167	-0.141606	0.044025	0.033796	0.000000
-0.653285	1.075143	0.937629	-0.145839	-0.000683	-0.016961	0.989163	0.059367	-0.344615	-0.455085	0.798193	-0.329902	-0.012808	-0.022553	-0.388709	-0.186644	0.628210	-0.390717	0.058823	0.095391	-0.797111	0.612760	-0.479975	-1.947917	0.272580	-0.065410	0.000000	0.021591	-0.239534	0.621127	-0.289619	-0.338587	0.017799	0.000000	0.203295	-0.265133	-0.156929	-0.113462	0.028591	-0.012383	0.172303	-0.276756	0.036390	-0.251213	0.071056	0.087203	0.340274	-1.091051	2.244593	1.032164	-2.738535	0.446951	-1.079896	0.000000	-0.434292	0.292096	1.007687	-0.153235	-0.036963	0.069821	0.000000
-0.653578	1.075377	0.937879	-0.147796	-0.001568	-0.018071	0.988852	0.063342	-0.348628	-0.457456	0.795905	-0.329823	-0.012777	-0.019035	-0.392675	-0.185680	0.623199	-0.388932	0.060200	0.102526	-0.821325	0.666704	-0.455170	-2.013890	0.284133	-0.092450	0.000000	0.011584	-0.232108	0.643706	-0.293299	-0.340050	0.019836	0.000000	0.186336	-0.102094	-0.091840	-0.109355	-0.032496	-0.012029	0.176084	-0.110741	0.001288	-0.194353	0.070354	0.044956	0.364483	-1.001915	2.380157	1.108355	-2.850494	0.476612	-1.203946	0.000000	-0.399812	0.328887	0.946145	-0.159101	-0.084949	0.107779	0.000000
-0.653830	1.075668	0.937971	-0.148080	-0.002236	-0.019176	0.988787	0.066821	-0.348699	-0.458758	0.793819	-0.331202	-0.013290	-0.015509	-0.393139	-0.186593	0.620436	-0.387902	0.060621	0.109970	-0.837188	0.707966	-0.435641	-2.061937	0.291645	-0.113568	0.000000	0.005599	-0.226378	0.658973	-0.295983	-0.341985	0.022110	0.000000	0.147019	0.047865	-0.046052	-0.105000	-0.085605	-0.025670	0.156989	0.017240	-0.064091	-0.114465	0.032538	0.013841	0.372129	-0.819021	2.251199	1.076853	-2.429289	0.273129	-1.154235	0.000000	-0.288146	0.292377	0.781453	-0.137509	-0.096908	0.125611	0.000000
-0.654037	1.075835	0.937947	-0.147304	-0.003338	-0.020355	0.988876	0.069223	-0.346714	-0.459298	0.791705	-0.333247	-0.013804	-0.012756	-0.391985	-0.188244	0.618620	-0.387630	0.060754	0.117411	-0.854086	0.756752	-0.412096	-2.111062	0.295058	-0.138620	0.000000	0.000059	-0.220412	0.674964	-0.298799	-0.343926	0.024860	0.000000	0.089675	0.140346	0.002100	-0.090514	-0.103762	-0.000041	0.111264	0.118037	-0.075003	-0.067715	0.003149	-0.000654	0.393063	-0.782797	2.552181	1.248410	-2.391028	0.107552	-1.290473	0.000000	-0.254230	0.289952	0.805677	-0.131041	-0.090976	0.140833	0.000000
-0.654186	1.075969	0.937898	-0.145425	-0.003835	-0.020892	0.989141	0.070408	-0.343085	-0.458674	0.790198	-0.335352	-0.013291	-0.011059	-0.388417	-0.189593	0.617727	-0.387776	0.060595	0.125693	-0.868500	0.810054	-0.385704	-2.157578	0.295947	-0.165187	0.000000	-0.004571	-0.214780	0.691200	-0.301225	-0.345624	0.027744	0.000000	0.021078	0.228644	0.055826	-0.078620	-0.116843	0.024908	0.052496	0.230619	-0.084437	-0.014549	-0.018401	-0.014789	0.415476	-0.593258	2.686353	1.365580	-2.173996	0.023204	-1.285262	0.000000	-0.196569	0.264167	0.800747	-0.102148	-0.073925	0.147753	0.000000
-0.654401	1.075972	0.937805	-0.142670	-0.004250	-0.020838	0.989542	0.070066	-0.337568	-0.457065	0.788560	-0.337921	-0.012808	-0.010656	-0.382761	-0.191621	0.618038	-0.388366	0.060162	0.134030	-0.877817	0.864206	-0.357473	-2.198021	0.295986	-0.190030	0.000000	-0.007804	-0.209846	0.706994	-0.302885	-0.346883	0.030770	0.000000	-0.045240	0.308330	0.088362	-0.083494	-0.118986	0.017958	-0.005018	0.332801	-0.138426	0.066955	-0.021037	-0.038578	0.408105	-0.294769	2.640763	1.448072	-1.776367	0.010621	-1.105498	0.000000	-0.110293	0.210967	0.779790	-0.044059	-0.037020	0.152912	0.000000
-0.654479	1.075912	0.937687	-0.139305	-0.004644	-0.020338	0.990030	0.068598	-0.330752	-0.455140	0.786858	-0.340112	-0.012573	-0.011259	-0.375105	-0.195130	0.620406	-0.388618	0.059052	0.142017	-0.880291	0.915684	-0.327781	-2.228632	0.296372	-0.209407	0.000000	-0.008982	-0.206342	0.722392	-0.302987	-0.347105	0.033860	0.000000	-0.068440	0.319768	0.089040	-0.061545	-0.109980	0.011898	-0.026051	0.358867	-0.179121	0.141478	-0.021708	-0.071926	0.355998	0.057282	2.410601	1.462932	-1.283705	0.071260	-0.794893	0.000000	-0.009858	0.135422	0.728829	0.040942	-0.005540	0.145485	0.000000
-0.654562	1.075995	0.937502	-0.136191	-0.004857	-0.019837	0.990472	0.067328	-0.324777	-0.453504	0.786098	-0.342320	-0.012332	-0.011698	-0.368406	-0.198786	0.623697	-0.389235	0.057285	0.148270	-0.875525	0.960630	-0.298956	-2.249370	0.298837	-0.221826	0.000000	-0.008198	-0.204429	0.736147	-0.301248	-0.347105	0.036589	0.000000	-0.067350	0.315310	0.075763	-0.031511	-0.105432	0.010917	-0.021075	0.352383	-0.212065	0.197613	-0.014430	-0.115585	0.270660	0.434941	2.043597	1.345386	-0.812507	0.197142	-0.474051	0.000000	0.081087	0.060120	0.629243	0.126610	-0.012001	0.125332	0.000000
-0.654510	1.076107	0.937403	-0.132734	-0.005071	-0.019266	0.990952	0.065904	-0.318140	-0.452109	0.785598	-0.344329	-0.012136	-0.012102	-0.361010	-0.203613	0.628310	-0.389195	0.054428	0.152843	-0.862893	0.997428	-0.273966	-2.261133	0.304258	-0.228369	0.000000	-0.005739	-0.203937	0.747562	-0.297923	-0.347585	0.038873	0.000000	-0.068184	0.355443	0.053889	-0.023662	-0.073753	0.008899	-0.016201	0.393317	-0.287499	0.271076	0.022224	-0.153974	0.192478	0.813411	1.642752	1.105503	-0.419480	0.339796	-0.235256	0.000000	0.153297	-0.009302	0.507781	0.192819	-0.036043	0.103791	0.000000
-0.654264	1.076174	0.937394	-0.128864	-0.005430	-0.018759	0.991470	0.064601	-0.310560	-0.451348	0.785152	-0.345270	-0.011976	-0.012346	-0.352673	-0.210286	0.634540	-0.388346	0.051126	0.155969	-0.842989	1.026340	-0.254736	-2.266149	0.312429	-0.231236	0.000000	-0.002067	-0.204801	0.756459	-0.293535	-0.348546	0.040741	0.000000	-0.064746	0.394339	0.022414	-0.019339	-0.033632	0.006877	-0.011317	0.452405	-0.374005	0.344023	0.067141	-0.178888	0.108729	1.135211	1.263042	0.819157	-0.137591	0.464059	-0.087842	0.000000	0.198115	-0.069044	0.376777	0.228623	-0.061412	0.083061	0.000000
-0.653921	1.076348	0.937455	-0.124686	-0.005957	-0.018165	0.992012	0.063314	-0.302366	-0.451213	0.784824	-0.345674	-0.011861	-0.012555	-0.342914	-0.218573	0.642071	-0.386510	0.047273	0.157192	-0.817484	1.047950	-0.241200	-2.266636	0.322820	-0.231883	0.000000	0.002186	-0.206698	0.762633	-0.288778	-0.350041	0.042196	0.000000	-0.063754	0.410396	-0.008717	-0.005551	-0.012787	0.001484	-0.011952	0.487780	-0.427956	0.388584	0.077432	-0.182345	-0.005509	1.380242	0.915888	0.533579	0.034463	0.553758	-0.011841	0.000000	0.216995	-0.115538	0.225845	0.236842	-0.091329	0.061392	0.000000
-0.653552	1.076498	0.937421	-0.120521	-0.006585	-0.017580	0.992533	0.062051	-0.294144	-0.451697	0.784930	-0.345781	-0.011916	-0.012824	-0.333162	-0.227404	0.650084	-0.385249	0.043832	0.155749	-0.787779	1.062975	-0.233393	-2.264770	0.334579	-0.231710	0.000000	0.006613	-0.209423	0.765492	-0.284061	-0.352199	0.043197	0.000000	-0.066199	0.447176	-0.034662	0.039341	-0.015783	-0.004150	-0.012314	0.507489	-0.477632	0.458485	0.028494	-0.161671	-0.124037	1.958962	0.750458	0.388281	0.087291	0.743158	-0.004916	0.000000	0.273254	-0.190016	0.060917	0.282133	-0.155762	0.056077	0.000000
-0.653227	1.076613	0.937153	-0.115616	-0.007179	-0.017003	0.993123	0.060666	-0.284479	-0.452599	0.786398	-0.346305	-0.012027	-0.013048	-0.322614	-0.237678	0.660411	-0.385370	0.040806	0.152231	-0.739126	1.077968	-0.225668	-2.263145	0.352546	-0.232080	0.000000	0.013116	-0.214299	0.765069	-0.277492	-0.356272	0.044439	0.000000	-0.072020	0.502728	-0.038074	0.086612	-0.037336	-0.000689	-0.013617	0.544515	-0.481459	0.476870	-0.010215	-0.143769	-0.237408	2.686749	0.618121	0.483120	-0.083506	0.919455	-0.075765	0.000000	0.317193	-0.253066	-0.169560	0.326583	-0.243483	0.069145	0.000000
-0.652968	1.076738	0.936812	-0.110163	-0.007665	-0.016424	0.993748	0.059170	-0.274035	-0.453220	0.788394	-0.347275	-0.011944	-0.013369	-0.311382	-0.246663	0.669158	-0.385657	0.038082	0.146253	-0.680309	1.087700	-0.214068	-2.268111	0.371357	-0.234740	0.000000	0.019301	-0.219545	0.758710	-0.270998	-0.361939	0.045963	0.000000	-0.086698	0.585185	-0.022827	0.111021	-0.057463	0.012315	-0.021416	0.606144	-0.451133	0.428078	-0.025933	-0.143011	-0.348325	2.997520	0.279048	0.560158	-0.440764	0.779337	-0.267616	0.000000	0.276263	-0.228964	-0.541054	0.288200	-0.324522	0.070511	0.000000
-0.652768	1.076802	0.936372	-0.103391	-0.008162	-0.015732	0.994483	0.057199	-0.261072	-0.453512	0.790839	-0.348604	-0.011535	-0.013904	-0.298368	-0.255724	0.677534	-0.386407	0.035085	0.138298	-0.619225	1.089130	-0.203262	-2.280775	0.383720	-0.242784	0.000000	0.024166	-0.223458	0.743427	-0.265964	-0.369252	0.047259	0.000000	-0.106603	0.683084	0.008809	0.130183	-0.086488	0.024238	-0.033579	0.688043	-0.436471	0.413665	-0.040516	-0.148933	-0.435256	3.186311	-0.045833	0.588864	-0.799692	0.391476	-0.546449	0.000000	0.250481	-0.172845	-0.904636	0.230654	-0.366088	0.065032	0.000000
-0.652748	1.076739	0.935879	-0.095732	-0.008485	-0.015039	0.995257	0.054906	-0.246711	-0.452867	0.793601	-0.350734	-0.010974	-0.014712	-0.283860	-0.264121	0.685705	-0.387278	0.032124	0.128842	-0.552857	1.085867	-0.190513	-2.300098	0.387016	-0.256598	0.000000	0.029320	-0.226459	0.722525	-0.261772	-0.376582	0.048564	0.000000	-0.121999	0.774581	0.056463	0.144199	-0.121514	0.030024	-0.045240	0.755510	-0.407530	0.398883	-0.051910	-0.143052	-0.493095	3.093776	-0.223404	0.361733	-0.910330	-0.139187	-0.757887	0.000000	0.265521	-0.114581	-1.076803	0.179007	-0.336385	0.043575	0.000000
-0.652942	1.076658	0.935337	-0.086863	-0.008670	-0.014264	0.996081	0.052319	-0.230088	-0.451254	0.796607	-0.353465	-0.010334	-0.015714	-0.268148	-0.272025	0.693489	-0.388484	0.029363	0.118574	-0.495474	1.080194	-0.188793	-2.317189	0.378152	-0.273100	0.000000	0.034787	-0.228041	0.700355	-0.258804	-0.382708	0.049002	0.000000	-0.130315	0.878613	0.096080	0.161757	-0.144891	0.051153	-0.052136	0.857092	-0.404605	0.400144	-0.049603	-0.142456	-0.527902	2.679227	-0.302321	-0.204564	-0.744516	-0.715775	-0.828426	0.000000	0.298940	-0.054444	-1.048940	0.132904	-0.256665	0.013609	0.000000
-0.653150	1.076626	0.934773	-0.076663	-0.008710	-0.013438	0.996929	0.049693	-0.211567	-0.449024	0.800072	-0.356530	-0.008928	-0.016797	-0.249576	-0.280306	0.701711	-0.389262	0.026426	0.107726	-0.445688	1.073774	-0.198696	-2.329879	0.358385	-0.289735	0.000000	0.041278	-0.228637	0.680567	-0.256456	-0.386849	0.049108	0.000000	-0.147739	1.031771	0.099074	0.170344	-0.169498	0.058742	-0.066079	1.034547	-0.524776	0.508197	-0.031552	-0.174837	-0.558913	2.063734	-0.019121	-0.680460	-0.269961	-1.547752	-0.693358	0.000000	0.306774	-0.011982	-0.850119	0.095431	-0.172830	-0.008703	0.000000
-0.653020	1.076504	0.934112	-0.064398	-0.009080	-0.012328	0.997807	0.046409	-0.188818	-0.447291	0.803420	-0.360244	-0.007984	-0.018357	-0.226766	-0.293016	0.713817	-0.389746	0.022370	0.096218	-0.412925	1.079429	-0.216011	-2.327987	0.316242	-0.300834	0.000000	0.047058	-0.228520	0.666350	-0.254987	-0.389621	0.048654	0.000000	-0.157265	1.161293	0.095739	0.152805	-0.184461	-0.018195	-0.077575	1.166570	-0.637870	0.594130	-0.023093	-0.203583	-0.603892	1.547155	0.141120	-1.202111	0.254440	-3.084870	-0.272695	0.000000	0.328758	0.021683	-0.650503	0.084949	-0.059585	-0.041020	0.000000
-0.652864	1.076467	0.933427	-0.051389	-0.009461	-0.011202	0.998571	0.043402	-0.165115	-0.445195	0.806184	-0.363908	-0.009656	-0.019900	-0.202913	-0.305820	0.725476	-0.390186	0.018283	0.083571	-0.383802	1.079419	-0.246780	-2.319701	0.234990	-0.300643	0.000000	0.054428	-0.227769	0.654547	-0.253058	-0.389232	0.047467	0.000000	-0.160019	1.228858	0.148752	0.134054	-0.189383	-0.114021	-0.091218	1.226783	-0.608696	0.578672	-0.028452	-0.212830	-0.640359	1.161124	-0.169095	-1.893592	0.390345	-4.371688	0.241052	0.000000	0.369015	0.067590	-0.537403	0.122401	0.049771	-0.072888	0.000000
-0.652845	1.076366	0.932683	-0.037489	-0.009367	-0.009934	0.999204	0.040008	-0.139663	-0.441341	0.808783	-0.367820	-0.012545	-0.022006	-0.177695	-0.317364	0.736964	-0.390884	0.013857	0.070603	-0.366480	1.072665	-0.291755	-2.312373	0.141375	-0.291192	0.000000	0.061819	-0.225817	0.644854	-0.250091	-0.387630	0.045739	0.000000	-0.160736	1.244101	0.195511	0.119753	-0.193041	-0.149876	-0.102483	1.234262	-0.549180	0.534186	-0.030510	-0.206338	-0.704392	0.488488	-0.452712	-2.885054	0.338709	-5.296477	0.627402	0.000000	0.349661	0.159227	-0.545710	0.161182	0.065839	-0.103809	0.000000
-0.652972	1.076374	0.932011	-0.023886	-0.009288	-0.008690	0.999634	0.036973	-0.115351	-0.437374	0.810974	-0.371630	-0.015651	-0.024000	-0.153543	-0.327788	0.746843	-0.391406	0.010029	0.055395	-0.364262	1.061310	-0.362182	-2.306153	0.023131	-0.275547	0.000000	0.068415	-0.221400	0.632718	-0.246610	-0.386599	0.043315	0.000000	-0.157122	1.216586	0.184763	0.118425	-0.173816	-0.137783	-0.109192	1.209217	-0.524828	0.494131	-0.010417	-0.181831	-0.775556	-0.347664	-0.796622	-3.867920	0.306237	-5.888482	0.740225	0.000000	0.319047	0.256488	-0.638326	0.196014	0.037925	-0.125146	0.000000
-0.652885	1.076344	0.931393	-0.010421	-0.009148	-0.007331	0.999877	0.033723	-0.091000	-0.433950	0.813520	-0.374772	-0.018056	-0.026374	-0.129326	-0.338357	0.756729	-0.391300	0.006583	0.039581	-0.380386	1.040800	-0.446472	-2.300124	-0.094165	-0.261583	0.000000	0.074581	-0.215557	0.619321	-0.242250	-0.386113	0.040733	0.000000	-0.140475	1.186480	0.164152	0.131902	-0.146320	-0.094856	-0.102477	1.192065	-0.504933	0.459510	0.024160	-0.152013	-0.820275	-1.064733	-1.305920	-4.471108	0.333387	-5.353939	0.572389	0.000000	0.276268	0.313468	-0.682649	0.200064	0.010609	-0.109630	0.000000
-0.652777	1.076371	0.930839	0.002669	-0.008924	-0.006313	0.999937	0.031354	-0.067892	-0.430808	0.816250	-0.377483	-0.019445	-0.028099	-0.105860	-0.347985	0.765224	-0.390440	0.003949	0.022584	-0.406851	1.009074	-0.541027	-2.292817	-0.191026	-0.252652	0.000000	0.079465	-0.208862	0.605412	-0.238608	-0.386174	0.038930	0.000000	-0.117766	1.130521	0.150498	0.145915	-0.129907	-0.060376	-0.086515	1.134000	-0.469686	0.428730	0.044821	-0.125460	-0.881453	-1.769634	-1.886195	-5.041520	0.433213	-4.570611	0.265779	0.000000	0.252637	0.350690	-0.737913	0.197837	-0.016616	-0.094835	0.000000
-0.652499	1.076262	0.930264	0.014926	-0.008503	-0.005393	0.999838	0.029013	-0.045779	-0.427930	0.819356	-0.379969	-0.020471	-0.029834	-0.083966	-0.357144	0.773878	-0.389508	0.001565	0.004323	-0.451172	0.965352	-0.648132	-2.282795	-0.276989	-0.250952	0.000000	0.084686	-0.201529	0.589805	-0.234337	-0.386778	0.036939	0.000000	-0.132082	1.012973	0.116196	0.159274	-0.106993	-0.036984	-0.109943	1.026691	-0.426655	0.399815	0.049940	-0.095390	-0.942355	-2.864987	-2.795236	-5.957900	0.819522	-4.088007	-0.099351	0.000000	0.271106	0.386282	-0.919352	0.225064	-0.047204	-0.122190	0.000000
-0.652054	1.075542	0.929759	0.025211	-0.008049	-0.004509	0.999640	0.026071	-0.027373	-0.426160	0.822621	-0.381763	-0.020925	-0.032496	-0.064793	-0.365051	0.781216	-0.388442	0.000133	-0.015110	-0.521451	0.897264	-0.779343	-2.260036	-0.354547	-0.256626	0.000000	0.090309	-0.193410	0.568638	-0.229605	-0.388063	0.034042	0.000000	-0.139572	0.999120	0.108316	0.157760	-0.082292	-0.022708	-0.124542	1.013374	-0.406419	0.360771	0.075616	-0.063928	-0.964236	-3.790853	-3.655818	-6.447953	1.703227	-3.370538	-0.278529	0.000000	0.258937	0.401442	-1.035702	0.218056	-0.047584	-0.140432	0.000000
-0.651687	1.074867	0.929335	0.037053	-0.007557	-0.003727	0.999278	0.023430	-0.005814	-0.423598	0.825667	-0.383260	-0.021380	-0.034816	-0.043431	-0.373401	0.788309	-0.386483	-0.000992	-0.034247	-0.602806	0.819120	-0.906050	-2.214666	-0.411811	-0.262093	0.000000	0.095044	-0.185472	0.548377	-0.225615	-0.388681	0.031322	0.000000	-0.078431	1.236417	0.166500	0.135584	-0.100591	-0.007450	-0.067566	1.247183	-0.442189	0.334612	0.137407	-0.052785	-0.891713	-3.860266	-3.895919	-5.760030	2.515215	-2.300377	-0.020727	0.000000	0.208713	0.392225	-0.887944	0.171182	0.026923	-0.122910	0.000000
-0.651503	1.074923	0.929057	0.052456	-0.007249	-0.003488	0.998591	0.022934	0.022084	-0.419500	0.828044	-0.385786	-0.021223	-0.035199	-0.014905	-0.382739	0.794601	-0.382946	-0.001978	-0.050779	-0.675862	0.741427	-1.009744	-2.159428	-0.446562	-0.257455	0.000000	0.098658	-0.177721	0.533121	-0.222758	-0.386986	0.029126	0.000000	0.012366	1.444106	0.219033	0.056025	-0.118174	-0.012362	0.012058	1.486070	-0.489233	0.284347	0.253869	-0.063839	-0.798939	-4.122888	-4.064067	-5.093980	2.937031	-1.774886	0.411643	0.000000	0.146729	0.390686	-0.738984	0.158139	0.166013	-0.148657	0.000000
-0.650998	1.074822	0.929215	0.068470	-0.007247	-0.003967	0.997619	0.023924	0.051950	-0.414836	0.827908	-0.387987	-0.021874	-0.034333	0.016012	-0.392970	0.799683	-0.376328	-0.003546	-0.066204	-0.767721	0.656557	-1.109810	-2.097185	-0.482806	-0.245627	0.000000	0.100913	-0.169844	0.518817	-0.219289	-0.382041	0.025376	0.000000	0.023826	1.454294	0.217296	-0.051071	-0.077727	-0.020307	0.013356	1.496707	-0.496536	0.182556	0.361653	-0.060454	-0.787988	-4.209490	-4.229462	-4.710081	2.676040	-1.533557	0.633208	0.000000	0.087605	0.368543	-0.805931	0.185960	0.225447	-0.195825	0.000000
-0.650633	1.073776	0.929673	0.083610	-0.007813	-0.004470	0.996458	0.023887	0.080256	-0.410808	0.826002	-0.388895	-0.022035	-0.034665	0.044963	-0.402600	0.801903	-0.368480	-0.004396	-0.082298	-0.844241	0.572249	-1.198147	-2.052386	-0.507904	-0.232126	0.000000	0.102162	-0.162980	0.500883	-0.215319	-0.377968	0.021293	0.000000	0.002563	1.546403	0.233473	-0.191370	-0.063726	-0.015273	-0.016724	1.543768	-0.521539	0.056562	0.438317	-0.044104	-0.770996	-3.478606	-4.279034	-3.968361	2.456820	-1.058227	0.962777	0.000000	0.058431	0.341190	-1.017129	0.177141	0.254569	-0.185431	0.000000
-0.650741	1.072704	0.930442	0.100796	-0.009366	-0.005039	0.994850	0.024027	0.113806	-0.405498	0.820253	-0.390536	-0.022485	-0.035002	0.077762	-0.413832	0.801945	-0.358795	-0.005310	-0.097044	-0.906866	0.485396	-1.268544	-1.998912	-0.525135	-0.207116	0.000000	0.103250	-0.156197	0.478132	-0.212203	-0.371858	0.017959	0.000000	0.019214	1.633039	0.188354	-0.387463	0.016014	-0.042936	-0.009394	1.600730	-0.624839	-0.097409	0.606589	-0.020265	-0.725793	-2.788058	-4.237826	-3.094628	2.847755	-0.546394	1.364095	0.000000	0.068944	0.378780	-1.393521	0.114052	0.261721	-0.092404	0.000000
-0.650334	1.071907	0.931885	0.117095	-0.012557	-0.005657	0.993025	0.024655	0.145577	-0.403274	0.810503	-0.388255	-0.023752	-0.035041	0.108992	-0.427594	0.798007	-0.344216	-0.005207	-0.111330	-0.955763	0.402736	-1.321932	-1.938476	-0.529760	-0.177563	0.000000	0.104920	-0.147828	0.445143	-0.210757	-0.367499	0.017597	0.000000	0.008703	1.556286	0.183276	-0.472020	0.082088	-0.068351	-0.036078	1.537904	-0.579669	-0.228222	0.662370	0.019457	-0.700820	-2.080961	-3.878114	-2.426431	2.950937	0.047302	1.259885	0.000000	0.123147	0.405313	-1.819584	0.086087	0.124110	-0.001964	0.000000
-0.650522	1.071096	0.933201	0.133179	-0.014771	-0.005891	0.990964	0.024375	0.176058	-0.398166	0.801372	-0.387253	-0.025219	-0.036446	0.139279	-0.437019	0.792816	-0.332301	-0.004532	-0.125077	-0.990104	0.330271	-1.365601	-1.880875	-0.523243	-0.156721	0.000000	0.108176	-0.139984	0.405349	-0.208760	-0.366893	0.017880	0.000000	-0.040620	1.543037	0.355402	-0.475362	0.037338	-0.056159	-0.102541	1.503790	-0.350250	-0.322515	0.542055	0.067692	-0.645198	-1.581877	-3.389392	-1.904884	2.885008	0.361858	0.800596	0.000000	0.237807	0.362355	-1.965752	0.154025	0.006436	-0.003854	0.000000
-0.651311	1.070252	0.934566	0.149591	-0.015920	-0.005636	0.988604	0.023030	0.207299	-0.389058	0.791489	-0.386761	-0.025999	-0.039142	0.169144	-0.441604	0.785106	-0.322534	-0.002499	-0.137138	-1.019039	0.267160	-1.398128	-1.823076	-0.515285	-0.145539	0.000000	0.114432	-0.133334	0.366513	-0.204596	-0.367241	0.017443	0.000000	-0.081952	1.584997	0.564981	-0.523838	-0.012807	-0.038857	-0.170231	1.562596	-0.136333	-0.403138	0.430271	0.112680	-0.580981	-1.414901	-2.976500	-1.423907	2.928662	0.248492	0.220948	0.000000	0.369157	0.307489	-1.964039	0.248099	-0.059667	-0.053637	0.000000
-0.653091	1.069573	0.935847	0.166391	-0.016234	-0.004996	0.985914	0.021097	0.239458	-0.375567	0.780419	-0.387765	-0.026773	-0.043255	0.201782	-0.442472	0.776691	-0.315090	-0.000024	-0.148316	-1.046700	0.211211	-1.422558	-1.763728	-0.513303	-0.147883	0.000000	0.122942	-0.127685	0.326787	-0.198836	-0.369280	0.015735	0.000000	-0.105973	1.611181	0.753961	-0.548618	-0.084196	-0.043887	-0.218811	1.602284	0.041226	-0.432324	0.284890	0.094372	-0.530704	-1.240587	-2.644799	-0.892609	2.843788	-0.011337	-0.086662	0.000000	0.470287	0.240411	-1.822566	0.301139	-0.093055	-0.099485	0.000000
-0.655327	1.068891	0.936850	0.183205	-0.015491	-0.004082	0.982944	0.018791	0.271746	-0.358900	0.769544	-0.390129	-0.027754	-0.047895	0.233235	-0.439955	0.767813	-0.311138	0.001275	-0.158366	-1.068662	0.161368	-1.433832	-1.709324	-0.515739	-0.149005	0.000000	0.133244	-0.123718	0.293610	-0.192551	-0.370964	0.013463	0.000000	-0.057320	1.622151	0.865789	-0.526336	-0.149383	-0.052912	-0.190362	1.607143	0.151685	-0.424150	0.177768	0.103902	-0.373960	-0.885293	-2.377278	-0.521576	2.741927	-0.101461	-0.146254	0.000000	0.573926	0.231474	-1.693789	0.323325	-0.160712	-0.100626	0.000000
-0.657378	1.068750	0.937608	0.199925	-0.014214	-0.003782	0.979701	0.018804	0.304344	-0.340936	0.759365	-0.393740	-0.028890	-0.050869	0.266068	-0.436404	0.759725	-0.307979	0.004132	-0.163274	-1.082112	0.116120	-1.443421	-1.654051	-0.517362	-0.153733	0.000000	0.145899	-0.118426	0.259036	-0.185903	-0.375709	0.011710	0.000000	0.046309	1.708341	0.788405	-0.461537	-0.146546	-0.071825	-0.113970	1.699725	0.037906	-0.376692	0.255858	0.136756	-0.178624	-0.617382	-2.037188	-0.478002	2.618781	-0.080578	-0.350082	0.000000	0.643511	0.260322	-1.396171	0.315712	-0.134096	-0.082074	0.000000
-0.658091	1.068686	0.938361	0.218271	-0.013798	-0.004094	0.975782	0.020644	0.340079	-0.327364	0.751082	-0.395991	-0.030627	-0.052453	0.301224	-0.438438	0.752746	-0.300904	0.006746	-0.165511	-1.093357	0.079881	-1.452952	-1.604573	-0.518962	-0.163008	0.000000	0.158984	-0.113305	0.237763	-0.179922	-0.376327	0.010180	0.000000	0.058088	1.720484	0.655635	-0.387819	-0.110703	-0.099935	-0.129436	1.738158	-0.106292	-0.311683	0.281880	0.108063	-0.222208	-0.709310	-1.737807	-0.396255	2.435786	-0.110088	-0.358423	0.000000	0.642875	0.252427	-0.923496	0.300193	0.017645	-0.089217	0.000000
-0.658978	1.068896	0.938801	0.235133	-0.013309	-0.003587	0.971866	0.021128	0.373163	-0.314710	0.743852	-0.398169	-0.032887	-0.056047	0.335594	-0.440656	0.747258	-0.296704	0.008454	-0.172163	-1.110484	0.046608	-1.459271	-1.556620	-0.521765	-0.168070	0.000000	0.171614	-0.108329	0.222096	-0.173895	-0.375003	0.008141	0.000000	0.025585	1.557537	0.651215	-0.336231	-0.085749	-0.107023	-0.173770	1.602922	-0.051908	-0.262594	0.185665	0.083084	-0.323411	-0.833213	-1.547956	-0.282085	2.495903	-0.006381	-0.091631	0.000000	0.626925	0.280276	-0.796467	0.330144	0.039035	-0.094086	0.000000
-0.659825	1.068803	0.939246	0.249962	-0.012010	-0.003151	0.968176	0.021667	0.402381	-0.301315	0.737633	-0.399421	-0.034908	-0.059404	0.365341	-0.440515	0.742242	-0.293477	0.010069	-0.178448	-1.126686	0.017962	-1.464236	-1.504737	-0.519217	-0.166674	0.000000	0.184061	-0.102094	0.205904	-0.166717	-0.374766	0.006417	0.000000	0.074753	1.400819	0.672385	-0.303718	-0.052117	-0.104020	-0.118973	1.426340	0.037883	-0.258334	0.175736	0.076397	-0.266215	-0.642610	-1.332909	-0.275883	2.791515	0.359018	0.050835	0.000000	0.609892	0.345647	-0.774007	0.372680	-0.002866	-0.052953	0.000000
-0.660690	1.069009	0.939791	0.263595	-0.010735	-0.003327	0.964568	0.024118	0.429196	-0.287815	0.731704	-0.400253	-0.037048	-0.060806	0.392648	-0.439141	0.736924	-0.289674	0.011510	-0.182811	-1.136189	-0.006709	-1.470306	-1.444959	-0.507405	-0.166036	0.000000	0.196010	-0.094503	0.191135	-0.158988	-0.375117	0.006023	0.000000	0.125213	1.265799	0.633825	-0.270487	-0.011502	-0.082272	-0.063736	1.294866	0.070179	-0.264624	0.200730	0.062229	-0.194106	-0.466359	-1.266641	-0.314760	3.242904	0.676294	-0.024435	0.000000	0.566167	0.375081	-0.732588	0.398990	-0.017681	-0.015948	0.000000
-0.661743	1.069177	0.940457	0.275674	-0.009765	-0.003635	0.961195	0.026676	0.453013	-0.275962	0.726814	-0.399881	-0.038199	-0.061954	0.417136	-0.437707	0.731657	-0.285448	0.012558	-0.186212	-1.145340	-0.032703	-1.476826	-1.375021	-0.492165	-0.167651	0.000000	0.206708	-0.087091	0.176601	-0.150757	-0.375473	0.005779	0.000000	0.121441	1.108129	0.521165	-0.212459	0.017922	-0.041291	-0.053840	1.128945	0.048885	-0.253677	0.208913	0.069007	-0.203103	-0.459397	-1.310754	-0.265831	3.619295	0.726087	-0.109249	0.000000	0.480615	0.371854	-0.722575	0.396375	-0.013315	0.005097	0.000000
-0.662752	1.069330	0.941004	0.285887	-0.009321	-0.003986	0.958210	0.028976	0.473521	-0.266968	0.723205	-0.399536	-0.038700	-0.062959	0.437806	-0.437185	0.726777	-0.281318	0.014270	-0.190936	-1.154564	-0.059139	-1.480939	-1.300187	-0.478361	-0.170406	0.000000	0.215234	-0.079629	0.162232	-0.143133	-0.375650	0.006227	0.000000	0.112758	0.966355	0.408547	-0.163074	0.021297	-0.011345	-0.045634	0.974116	0.016706	-0.240442	0.198743	0.082040	-0.233183	-0.493121	-1.412343	-0.117147	4.058716	0.667310	-0.124326	0.000000	0.369119	0.361528	-0.768231	0.369666	-0.015347	0.032207	0.000000
-0.663736	1.069316	0.941520	0.294988	-0.009154	-0.004469	0.955447	0.031186	0.491667	-0.259620	0.720291	-0.399029	-0.038653	-0.063779	0.456100	-0.437039	0.722039	-0.277498	0.015840	-0.195539	-1.165065	-0.089197	-1.481512	-1.212672	-0.465473	-0.172624	0.000000	0.221473	-0.072630	0.145872	-0.135970	-0.376087	0.007067	0.000000	0.103094	0.830960	0.327155	-0.113559	0.024655	0.009862	-0.038429	0.836411	0.005135	-0.207947	0.171480	0.074310	-0.226642	-0.499645	-1.519228	0.144431	4.212668	0.505137	-0.159031	0.000000	0.239757	0.332324	-0.856839	0.320377	-0.065830	0.040631	0.000000
-0.664541	1.069339	0.941874	0.302445	-0.008964	-0.004860	0.953112	0.033099	0.506759	-0.253882	0.718663	-0.398550	-0.038305	-0.064496	0.471262	-0.436980	0.718459	-0.274459	0.017243	-0.200001	-1.174550	-0.119908	-1.475162	-1.131680	-0.458156	-0.176768	0.000000	0.224825	-0.066336	0.127959	-0.130318	-0.378283	0.007852	0.000000	0.081555	0.667806	0.260273	-0.065987	0.022829	0.028033	-0.031476	0.647716	0.020272	-0.164899	0.117457	0.055035	-0.278794	-0.437245	-1.384380	0.418445	3.950506	0.229587	-0.313585	0.000000	0.117278	0.301091	-0.833390	0.248726	-0.096607	0.050390	0.000000
-0.665393	1.069302	0.942135	0.308134	-0.008775	-0.005137	0.951289	0.034448	0.518379	-0.249209	0.717651	-0.398116	-0.037532	-0.065038	0.482009	-0.436228	0.715443	-0.272800	0.018041	-0.206691	-1.182555	-0.144572	-1.464774	-1.054652	-0.456290	-0.185167	0.000000	0.226164	-0.060586	0.112536	-0.126021	-0.379951	0.009083	0.000000	0.068892	0.516649	0.226210	-0.043839	0.013719	0.027327	-0.018869	0.479706	0.045658	-0.129783	0.066986	0.037765	-0.336019	-0.282392	-1.097066	0.812465	3.721941	0.122672	-0.331016	0.000000	0.021566	0.289334	-0.757407	0.168169	-0.115751	0.089660	0.000000
-0.666111	1.069294	0.942285	0.312670	-0.008445	-0.005411	0.949809	0.035855	0.527425	-0.244834	0.716909	-0.398001	-0.037212	-0.065251	0.490450	-0.435154	0.713268	-0.271779	0.018753	-0.213442	-1.185846	-0.163791	-1.442664	-0.982803	-0.453249	-0.190008	0.000000	0.225687	-0.054762	0.097663	-0.123591	-0.382913	0.011438	0.000000	0.063656	0.426309	0.213891	-0.034061	-0.000665	0.000062	-0.015142	0.399829	0.048016	-0.087652	0.039650	0.037290	-0.313662	-0.085217	-0.884525	1.372811	3.686359	0.251277	-0.122893	0.000000	-0.064093	0.283091	-0.737273	0.063243	-0.182073	0.148851	0.000000
-0.666810	1.069151	0.942360	0.316643	-0.008042	-0.005647	0.948494	0.036994	0.535432	-0.240654	0.716289	-0.398143	-0.037529	-0.065644	0.498002	-0.434308	0.711937	-0.271214	0.019533	-0.219237	-1.185964	-0.179953	-1.409862	-0.907197	-0.446238	-0.190083	0.000000	0.223600	-0.049262	0.083045	-0.123492	-0.387234	0.015037	0.000000	0.051721	0.351043	0.180314	-0.009440	-0.003588	-0.003467	-0.018224	0.338949	0.032140	-0.040509	0.028007	0.039491	-0.249807	0.025755	-0.606078	1.643053	3.293449	0.362061	0.100726	0.000000	-0.094243	0.226704	-0.472896	-0.020145	-0.125852	0.163277	0.000000
-0.667367	1.068978	0.942378	0.319642	-0.007617	-0.005871	0.947490	0.037924	0.541467	-0.237621	0.716532	-0.398145	-0.037351	-0.065980	0.504008	-0.433868	0.711648	-0.270659	0.020333	-0.223434	-1.184816	-0.188034	-1.376941	-0.851065	-0.438766	-0.185979	0.000000	0.221918	-0.045694	0.078747	-0.124397	-0.387947	0.017969	0.000000	0.040325	0.245816	0.144340	0.030155	-0.003086	0.035360	-0.010134	0.240105	0.043461	0.004610	0.007555	0.034197	-0.175096	0.037384	-0.325851	1.740578	2.829248	0.382356	0.281110	0.000000	-0.100002	0.177161	-0.093093	-0.065780	0.024836	0.156023	0.000000
-0.667871	1.068873	0.942349	0.321146	-0.007128	-0.005963	0.946984	0.038607	0.545264	-0.234880	0.717495	-0.398266	-0.036115	-0.066049	0.507606	-0.432569	0.712121	-0.270912	0.020901	-0.226241	-1.184468	-0.192987	-1.340238	-0.794028	-0.430944	-0.178839	0.000000	0.219600	-0.042176	0.079321	-0.126123	-0.386241	0.021278	0.000000	0.034215	0.159109	0.138919	0.060916	-0.007663	0.072089	-0.000151	0.171347	0.074084	0.046153	-0.018045	0.014223	-0.091965	-0.039455	-0.196338	1.771724	2.872631	0.355103	0.391563	0.000000	-0.120550	0.174969	0.110544	-0.095032	0.126688	0.173741	0.000000
-0.668409	1.068760	0.942271	0.322285	-0.006437	-0.006092	0.946601	0.039292	0.547831	-0.232064	0.718968	-0.398451	-0.034467	-0.065986	0.510862	-0.430905	0.713494	-0.271381	0.020902	-0.227113	-1.186394	-0.195887	-1.306072	-0.736160	-0.424562	-0.170317	0.000000	0.217096	-0.038695	0.083169	-0.128198	-0.382880	0.024919	0.000000	0.037596	0.079179	0.134374	0.079642	-0.008838	0.080963	0.024831	0.076282	0.101958	0.078174	-0.043125	-0.010810	0.005281	-0.062415	-0.015097	1.335999	2.242210	0.267345	0.345588	0.000000	-0.098754	0.141647	0.174400	-0.083953	0.138403	0.148946	0.000000
-0.668851	1.068773	0.942124	0.323085	-0.005182	-0.006275	0.946335	0.040111	0.548431	-0.229505	0.720681	-0.398619	-0.032876	-0.065056	0.510658	-0.428491	0.715248	-0.272637	0.020468	-0.226030	-1.186965	-0.193591	-1.286798	-0.704339	-0.420250	-0.165015	0.000000	0.215650	-0.036510	0.086297	-0.129481	-0.380705	0.027235	0.000000	0.046782	-0.028001	0.121819	0.082345	-0.005062	0.046952	0.060528	-0.064184	0.136466	0.095774	-0.072750	-0.019429	0.068784	-0.083593	0.209719	0.977296	1.636785	0.212919	0.310691	0.000000	-0.079826	0.119873	0.204022	-0.071305	0.127862	0.129905	0.000000
-0.669121	1.068964	0.941936	0.322452	-0.004356	-0.006505	0.946553	0.041164	0.546711	-0.227192	0.722262	-0.398654	-0.032589	-0.063565	0.508295	-0.425446	0.717325	-0.274291	0.020125	-0.224361	-1.189738	-0.187498	-1.266981	-0.670688	-0.416045	-0.157889	0.000000	0.213903	-0.033900	0.091329	-0.131050	-0.377765	0.030115	0.000000	0.055815	-0.165921	0.120224	0.081544	-0.006359	0.035241	0.083756	-0.162354	0.187150	0.110199	-0.105792	-0.018149	0.101097	-0.246453	0.365690	0.766239	1.670705	0.052851	0.261077	0.000000	-0.097511	0.126037	0.283339	-0.081825	0.155387	0.147122	0.000000
-0.669439	1.069261	0.941747	0.319487	-0.002682	-0.006777	0.947563	0.042344	0.541795	-0.224696	0.723942	-0.398874	-0.031466	-0.061706	0.504163	-0.421005	0.719656	-0.276869	0.019742	-0.221986	-1.196823	-0.178963	-1.256149	-0.637511	-0.418136	-0.154572	0.000000	0.211749	-0.031468	0.097631	-0.132754	-0.374489	0.033120	0.000000	0.054298	-0.292207	0.052713	0.077134	-0.023274	0.044837	0.104926	-0.273079	0.190298	0.088675	-0.115177	-0.027269	0.154545	-0.427085	0.510296	0.430617	1.650555	-0.174098	0.134185	0.000000	-0.099579	0.105013	0.355399	-0.082911	0.174150	0.143347	0.000000
-0.669762	1.069369	0.941485	0.315711	-0.002349	-0.007346	0.948824	0.043336	0.535023	-0.225083	0.725348	-0.399585	-0.030796	-0.059368	0.497372	-0.417834	0.720872	-0.278898	0.019034	-0.218180	-1.206821	-0.167087	-1.249756	-0.604666	-0.423009	-0.152522	0.000000	0.209919	-0.029700	0.105545	-0.134367	-0.370799	0.035849	0.000000	0.011664	-0.442152	0.032127	0.096168	-0.005524	0.030018	0.102694	-0.469744	0.240609	0.114542	-0.154975	-0.078663	0.156267	-0.464547	0.665115	0.419861	1.687244	-0.210706	0.100753	0.000000	-0.105892	0.059363	0.402555	-0.073244	0.189275	0.111650	0.000000
-0.669891	1.069658	0.941301	0.310462	-0.000444	-0.006971	0.950560	0.042810	0.524109	-0.223411	0.727789	-0.399095	-0.030266	-0.057598	0.485374	-0.411381	0.724238	-0.283068	0.016596	-0.215735	-1.215405	-0.152359	-1.239354	-0.570021	-0.426565	-0.150542	0.000000	0.207514	-0.029094	0.113733	-0.135684	-0.366918	0.037586	0.000000	-0.011081	-0.588059	0.048517	0.101969	0.012456	0.037021	0.100662	-0.596595	0.315699	0.135383	-0.213766	-0.117078	0.111906	-0.451413	0.789034	0.572199	1.724520	-0.195681	0.131915	0.000000	-0.131680	-0.005349	0.403689	-0.064578	0.187455	0.065967	0.000000
-0.670295	1.069939	0.941091	0.304030	0.000637	-0.007122	0.952636	0.042892	0.511501	-0.223142	0.729426	-0.399087	-0.029315	-0.055342	0.473508	-0.405206	0.726287	-0.287449	0.014351	-0.213703	-1.224877	-0.135525	-1.226868	-0.535685	-0.430837	-0.147245	0.000000	0.204652	-0.029914	0.121693	-0.136950	-0.363301	0.038488	0.000000	-0.003180	-0.695177	0.011932	0.083606	0.006222	0.042423	0.117254	-0.675601	0.347740	0.085381	-0.233196	-0.105772	0.107056	-0.489762	0.902115	0.598449	1.702897	-0.218943	0.166593	0.000000	-0.156099	-0.065231	0.358501	-0.066914	0.156399	0.029692	0.000000
-0.670717	1.070245	0.940917	0.296281	0.001926	-0.007197	0.955072	0.042683	0.496301	-0.222934	0.731133	-0.398846	-0.028569	-0.052908	0.458350	-0.397471	0.727653	-0.292395	0.012365	-0.211453	-1.234995	-0.116274	-1.215417	-0.501905	-0.435322	-0.143878	0.000000	0.201270	-0.031703	0.128073	-0.138360	-0.360662	0.038774	0.000000	-0.012366	-0.775635	0.027316	0.071058	0.005934	0.022176	0.115333	-0.764139	0.406378	0.052324	-0.254282	-0.082989	0.146895	-0.514358	0.989179	0.668988	1.693465	-0.202873	0.189914	0.000000	-0.179488	-0.110974	0.252473	-0.070764	0.088531	-0.000830	0.000000
-0.671108	1.070390	0.940734	0.288357	0.003406	-0.007294	0.957489	0.042398	0.480475	-0.222050	0.732269	-0.398849	-0.028428	-0.050728	0.442942	-0.388951	0.728380	-0.297620	0.011031	-0.207828	-1.245452	-0.095958	-1.200109	-0.467947	-0.438952	-0.139649	0.000000	0.197473	-0.034353	0.131792	-0.139781	-0.359760	0.038455	0.000000	-0.008560	-0.817352	0.022663	0.048751	0.010777	0.024910	0.115154	-0.789225	0.408902	0.032936	-0.212034	-0.055109	0.295931	-0.491711	1.039149	0.698808	1.681056	-0.224433	0.194364	0.000000	-0.190948	-0.141574	0.126352	-0.067920	-0.001101	-0.020671	0.000000
-0.671235	1.069949	0.940720	0.279729	0.004771	-0.007880	0.960035	0.042341	0.463607	-0.222027	0.733083	-0.398415	-0.027572	-0.048302	0.426781	-0.381115	0.728971	-0.300877	0.010161	-0.199616	-1.254664	-0.074708	-1.187464	-0.434663	-0.444300	-0.136104	0.000000	0.193632	-0.037366	0.133127	-0.141077	-0.360706	0.037947	0.000000	-0.040222	-0.813794	-0.047198	0.025821	0.015105	0.020556	0.081097	-0.794446	0.334326	0.004594	-0.187990	-0.049997	0.287685	-0.364262	1.160514	0.349459	1.700774	-0.337414	-0.037154	0.000000	-0.200681	-0.179950	-0.008894	-0.068523	-0.096273	-0.045189	0.000000
-0.671517	1.070485	0.940563	0.271845	0.005113	-0.007392	0.962299	0.040789	0.447923	-0.223938	0.733301	-0.398245	-0.027605	-0.047484	0.411165	-0.375578	0.728564	-0.305139	0.009032	-0.196320	-1.260022	-0.049538	-1.186130	-0.399916	-0.452448	-0.141135	0.000000	0.189446	-0.041551	0.131436	-0.142521	-0.363611	0.036647	0.000000	-0.090663	-0.830128	-0.118751	0.021154	0.027437	-0.003424	0.030215	-0.822525	0.268336	-0.000265	-0.211290	-0.064447	0.111441	-0.426427	1.346851	0.241494	1.765189	-0.388128	-0.155963	0.000000	-0.220258	-0.253872	-0.097948	-0.072767	-0.158352	-0.096944	0.000000
-0.671588	1.070679	0.940456	0.262959	0.005566	-0.006886	0.964767	0.038714	0.430402	-0.226777	0.733930	-0.397317	-0.027709	-0.047093	0.393880	-0.370381	0.728960	-0.309328	0.007583	-0.195158	-1.271721	-0.020834	-1.177804	-0.364056	-0.459825	-0.142342	0.000000	0.184821	-0.047521	0.129209	-0.143988	-0.367041	0.034069	0.000000	-0.102139	-0.882141	-0.147262	0.033075	0.045929	-0.000034	0.018590	-0.874677	0.261975	0.008191	-0.202686	-0.057164	0.106720	-0.736129	1.493534	0.694588	1.776090	-0.278609	0.138184	0.000000	-0.228803	-0.318912	-0.116817	-0.067998	-0.186237	-0.143868	0.000000
-0.671572	1.070803	0.940413	0.253925	0.006009	-0.006451	0.967184	0.036703	0.412638	-0.229828	0.734624	-0.396408	-0.027607	-0.046741	0.376178	-0.365099	0.728891	-0.313247	0.006745	-0.192051	-1.289467	0.010204	-1.158347	-0.328872	-0.463592	-0.135607	0.000000	0.180293	-0.054307	0.126763	-0.145241	-0.371060	0.030892	0.000000	-0.081414	-0.891437	-0.141414	0.025004	0.047184	-0.009568	0.032641	-0.882255	0.271986	-0.010911	-0.176106	-0.035696	0.185227	-0.952628	1.562214	1.173085	1.693729	-0.096258	0.491933	0.000000	-0.216093	-0.355697	-0.107300	-0.055112	-0.200779	-0.170342	0.000000
-0.671456	1.071022	0.940413	0.244814	0.006475	-0.006270	0.969528	0.035458	0.394745	-0.232434	0.734930	-0.395430	-0.028092	-0.045787	0.358589	-0.359502	0.728524	-0.316373	0.006155	-0.187749	-1.309826	0.041654	-1.130881	-0.296306	-0.463675	-0.122665	0.000000	0.176178	-0.061749	0.124917	-0.146192	-0.375072	0.027256	0.000000	-0.070100	-0.865325	-0.130710	0.008985	0.051940	-0.006257	0.035175	-0.875799	0.269917	-0.032769	-0.152958	-0.016823	0.232530	-0.968441	1.607998	1.378256	1.576654	0.030041	0.682246	0.000000	-0.195245	-0.384309	-0.062562	-0.044650	-0.186871	-0.185466	0.000000
-0.671338	1.071252	0.940427	0.236073	0.006819	-0.005892	0.971694	0.033899	0.378025	-0.235057	0.734984	-0.394330	-0.027857	-0.045334	0.341146	-0.354302	0.727581	-0.319365	0.006072	-0.182750	-1.328205	0.074524	-1.103216	-0.265806	-0.462391	-0.108318	0.000000	0.172484	-0.069680	0.124261	-0.147027	-0.378535	0.023474	0.000000	-0.077107	-0.813863	-0.159629	-0.006650	0.053202	0.007388	0.017865	-0.830066	0.217401	-0.046839	-0.122350	-0.001680	0.293375	-0.828707	1.710564	1.191497	1.510671	0.014034	0.664859	0.000000	-0.168486	-0.399047	0.007431	-0.040258	-0.153741	-0.180472	0.000000
-0.671097	1.071324	0.940470	0.227682	0.006678	-0.005650	0.973696	0.032373	0.362190	-0.238819	0.734664	-0.393302	-0.027797	-0.045073	0.325387	-0.350806	0.726650	-0.321267	0.006088	-0.176014	-1.342974	0.110077	-1.083221	-0.235880	-0.463114	-0.096071	0.000000	0.169438	-0.077711	0.125214	-0.147803	-0.381221	0.020037	0.000000	-0.079281	-0.793379	-0.208317	-0.007412	0.065389	0.002555	0.009074	-0.805204	0.161637	-0.054777	-0.099245	-0.000711	0.345727	-0.653225	1.828126	0.767776	1.451833	-0.096656	0.557992	0.000000	-0.134933	-0.403747	0.070791	-0.039769	-0.122799	-0.164244	0.000000
-0.670731	1.071528	0.940507	0.219419	0.006356	-0.005246	0.975596	0.030728	0.346290	-0.243389	0.734687	-0.391715	-0.027755	-0.044971	0.308937	-0.347837	0.725390	-0.323335	0.006044	-0.168921	-1.354334	0.147649	-1.072505	-0.207733	-0.466257	-0.085998	0.000000	0.167086	-0.085830	0.127093	-0.148618	-0.383447	0.016904	0.000000	-0.090160	-0.805419	-0.237852	-0.000943	0.079221	-0.002002	-0.006273	-0.810026	0.143398	-0.066084	-0.110536	-0.007550	0.352834	-0.518170	1.923684	0.421396	1.359974	-0.158076	0.477115	0.000000	-0.097833	-0.405128	0.101161	-0.035976	-0.109494	-0.151404	0.000000
-0.670464	1.071804	0.940559	0.211025	0.005857	-0.004673	0.977452	0.028767	0.329974	-0.248333	0.734626	-0.390133	-0.027877	-0.045324	0.292986	-0.345070	0.724007	-0.325688	0.005786	-0.161901	-1.363701	0.187024	-1.066365	-0.181481	-0.469437	-0.076986	0.000000	0.165525	-0.093916	0.129261	-0.149242	-0.385601	0.013981	0.000000	-0.099481	-0.815874	-0.253061	-0.000748	0.085469	-0.008766	-0.017329	-0.821519	0.135460	-0.078417	-0.122061	-0.011468	0.346815	-0.445431	2.009883	0.261462	1.259476	-0.133063	0.429936	0.000000	-0.062096	-0.405250	0.102177	-0.024360	-0.111558	-0.145527	0.000000
-0.670146	1.072174	0.940615	0.202768	0.005295	-0.003993	0.979204	0.026749	0.313655	-0.253512	0.734657	-0.388296	-0.028106	-0.045664	0.276077	-0.342419	0.722253	-0.328217	0.005585	-0.155049	-1.372151	0.228044	-1.062047	-0.157354	-0.471580	-0.068800	0.000000	0.164602	-0.102040	0.131180	-0.149593	-0.387909	0.011083	0.000000	-0.088859	-0.861505	-0.245567	0.013122	0.067934	0.005230	-0.005149	-0.892465	0.174279	-0.089225	-0.148202	0.005100	0.386793	-0.274923	2.064045	-0.129399	1.111913	-0.199654	0.344989	0.000000	-0.021312	-0.409163	0.078240	-0.001214	-0.126113	-0.148659	0.000000
-0.670204	1.071994	0.940485	0.193233	0.004961	-0.003881	0.981133	0.025213	0.295513	-0.258156	0.735151	-0.387416	-0.027667	-0.045530	0.257287	-0.338099	0.720438	-0.331616	0.005990	-0.146429	-1.374698	0.269586	-1.071541	-0.137004	-0.477423	-0.063187	0.000000	0.164672	-0.110282	0.132391	-0.149290	-0.390646	0.008034	0.000000	-0.062960	-0.905871	-0.237935	0.020561	0.058032	0.011377	0.015002	-0.906179	0.215911	-0.110222	-0.156319	0.007151	0.375904	-0.069404	2.124142	-0.571111	0.973232	-0.237339	0.226232	0.000000	0.015437	-0.404471	0.032032	0.017920	-0.150776	-0.147611	0.000000
-0.670314	1.072798	0.940629	0.183994	0.004288	-0.003433	0.982912	0.024231	0.277420	-0.263029	0.735480	-0.385975	-0.027650	-0.045064	0.239830	-0.333782	0.717844	-0.334470	0.005871	-0.140012	-1.374928	0.313010	-1.084891	-0.118424	-0.481073	-0.059751	0.000000	0.165220	-0.118218	0.132461	-0.148876	-0.393940	0.005178	0.000000	-0.058060	-0.896576	-0.265109	0.007416	0.087763	-0.006941	0.016417	-0.908925	0.190665	-0.141290	-0.138942	-0.010302	0.323071	-0.075561	2.220873	-0.516710	0.908472	-0.040090	0.169632	0.000000	0.032713	-0.391868	-0.000078	0.019725	-0.162787	-0.138964	0.000000
-0.670069	1.073286	0.940706	0.174715	0.003454	-0.002954	0.984609	0.022890	0.259650	-0.268760	0.735447	-0.383905	-0.027945	-0.044873	0.220930	-0.330472	0.714786	-0.337174	0.005578	-0.133506	-1.377720	0.358421	-1.092210	-0.100665	-0.479026	-0.056401	0.000000	0.165981	-0.125957	0.132387	-0.148501	-0.397157	0.002476	0.000000	-0.058535	-0.915159	-0.309401	-0.001195	0.095596	-0.012745	0.015495	-0.952104	0.150833	-0.151569	-0.134625	-0.013620	0.323299	-0.176969	2.293740	-0.300980	0.850189	0.178944	0.180298	0.000000	0.044453	-0.379221	-0.001063	0.016627	-0.155515	-0.131118	0.000000
-0.669707	1.073890	0.940738	0.164988	0.002335	-0.002556	0.986289	0.021889	0.240813	-0.275405	0.735432	-0.382151	-0.028160	-0.044444	0.201745	-0.327749	0.711781	-0.339855	0.005326	-0.127080	-1.382006	0.404759	-1.096931	-0.084417	-0.473915	-0.052539	0.000000	0.166998	-0.133387	0.132418	-0.148211	-0.400161	-0.000066	0.000000	-0.047509	-0.898289	-0.335560	0.003222	0.098446	-0.021348	0.015914	-0.911912	0.108223	-0.137767	-0.113767	-0.011560	0.344614	-0.226024	2.341174	-0.205448	0.778495	0.306679	0.203257	0.000000	0.055479	-0.360858	0.028081	0.007823	-0.134571	-0.118891	0.000000
-0.669253	1.074459	0.940795	0.156014	0.001146	-0.002129	0.987752	0.020990	0.223719	-0.282182	0.735576	-0.379967	-0.028799	-0.044236	0.184454	-0.326143	0.709276	-0.341724	0.005115	-0.119722	-1.386761	0.452068	-1.100428	-0.069525	-0.466759	-0.048271	0.000000	0.168200	-0.140391	0.133511	-0.148188	-0.402540	-0.002280	0.000000	-0.050115	-0.856054	-0.333875	0.007489	0.087178	-0.031218	0.000525	-0.855016	0.085666	-0.124741	-0.118480	-0.004685	0.371413	-0.227198	2.371515	-0.160953	0.706294	0.394695	0.213431	0.000000	0.072116	-0.345524	0.097056	-0.004000	-0.094360	-0.102268	0.000000
-0.668865	1.074869	0.940716	0.147073	0.000013	-0.001672	0.989124	0.019885	0.206571	-0.288760	0.735732	-0.378664	-0.029409	-0.044423	0.167545	-0.324322	0.706792	-0.344594	0.005139	-0.112224	-1.391094	0.499620	-1.103369	-0.056165	-0.458128	-0.044002	0.000000	0.169883	-0.147208	0.136301	-0.148371	-0.403935	-0.004157	0.000000	-0.055120	-0.815344	-0.342839	0.013436	0.093616	-0.032259	-0.015253	-0.793060	0.061698	-0.120194	-0.111074	0.008705	0.381856	-0.185874	2.390672	-0.161222	0.640251	0.448304	0.205401	0.000000	0.085226	-0.339022	0.170564	-0.015476	-0.052268	-0.082845	0.000000
-0.668209	1.075150	0.940804	0.138940	-0.001227	-0.001215	0.990299	0.018785	0.191105	-0.295896	0.736114	-0.376223	-0.030089	-0.044846	0.152731	-0.323675	0.704468	-0.346167	0.005463	-0.104448	-1.394196	0.547695	-1.106876	-0.043915	-0.448827	-0.040055	0.000000	0.171609	-0.153952	0.140333	-0.148807	-0.404631	-0.005594	0.000000	-0.076706	-0.866532	-0.415816	0.058903	0.144164	-0.007204	-0.036838	-0.843089	0.043848	-0.139806	-0.103071	0.054095	0.362509	-0.103977	2.397101	-0.212082	0.561994	0.489804	0.185948	0.000000	0.087468	-0.341833	0.214129	-0.017298	-0.019595	-0.067878	0.000000
-0.667654	1.075454	0.940738	0.129294	-0.002755	-0.000422	0.991602	0.016816	0.171910	-0.305393	0.738088	-0.372897	-0.029697	-0.045897	0.133821	-0.322568	0.701199	-0.348717	0.007303	-0.097724	-1.395253	0.595504	-1.111852	-0.033685	-0.438535	-0.036564	0.000000	0.173381	-0.160882	0.144866	-0.149063	-0.404719	-0.006872	0.000000	-0.057400	-0.810009	-0.417648	0.107455	0.125089	0.020533	-0.019672	-0.808958	0.045451	-0.131211	-0.105657	0.072905	0.347942	0.008446	2.423848	-0.305519	0.501525	0.511140	0.162757	0.000000	0.078227	-0.363531	0.220184	-0.009916	-0.005492	-0.062740	0.000000
-0.667338	1.075878	0.940649	0.122230	-0.003915	-0.000220	0.992494	0.016489	0.158705	-0.312602	0.740412	-0.371219	-0.029268	-0.045633	0.120373	-0.321857	0.699219	-0.350394	0.008380	-0.090530	-1.393858	0.644649	-1.119097	-0.023854	-0.428382	-0.033545	0.000000	0.174738	-0.168493	0.149141	-0.149204	-0.404850	-0.008103	0.000000	-0.016778	-0.629151	-0.376520	0.116433	0.107141	0.024994	0.011616	-0.639264	0.006847	-0.101331	-0.064916	0.047237	0.360044	0.132629	2.489001	-0.418055	0.493826	0.481644	0.137511	0.000000	0.029088	-0.412988	0.153695	-0.020774	-0.040920	-0.063865	0.000000
-0.666667	1.076088	0.940651	0.116055	-0.005195	-0.000068	0.993229	0.016145	0.146744	-0.320454	0.742745	-0.368612	-0.028697	-0.045432	0.108251	-0.322294	0.697146	-0.351314	0.009192	-0.083322	-1.389948	0.695064	-1.128574	-0.013932	-0.419270	-0.031064	0.000000	0.174545	-0.177401	0.151014	-0.149894	-0.406356	-0.009427	0.000000	-0.012096	-0.637677	-0.436894	0.148833	0.136209	0.050290	0.017963	-0.641157	-0.021721	-0.111766	-0.066656	0.050088	0.353836	0.261861	2.534899	-0.546429	0.480295	0.429601	0.115083	0.000000	-0.067362	-0.490854	-0.017169	-0.059326	-0.135408	-0.076957	0.000000
-0.666396	1.076586	0.940516	0.108744	-0.006964	0.000078	0.994046	0.016005	0.133197	-0.330078	0.746365	-0.365771	-0.027256	-0.044915	0.094727	-0.322726	0.694749	-0.353060	0.010383	-0.076376	-1.383384	0.746045	-1.140954	-0.004643	-0.411198	-0.028941	0.000000	0.172044	-0.188128	0.148454	-0.151577	-0.410267	-0.011181	0.000000	0.002553	-0.666854	-0.467902	0.208147	0.121465	0.079350	0.031932	-0.654540	-0.002262	-0.108458	-0.092875	0.060784	0.336705	0.363109	2.553345	-0.649160	0.348098	0.405904	0.097806	0.000000	-0.163409	-0.590555	-0.215750	-0.103509	-0.238236	-0.108804	0.000000
-0.666251	1.076998	0.940355	0.101544	-0.008362	-0.000001	0.994796	0.016247	0.120070	-0.339170	0.751071	-0.363753	-0.025523	-0.044155	0.082069	-0.322385	0.692808	-0.355029	0.011623	-0.069854	-1.375424	0.797198	-1.154541	-0.000008	-0.403033	-0.027151	0.000000	0.168009	-0.201023	0.142384	-0.154034	-0.415886	-0.013779	0.000000	0.014891	-0.620509	-0.500225	0.274855	0.105076	0.109380	0.035388	-0.578467	-0.027815	-0.090060	-0.073904	0.080562	0.326369	0.549480	3.445667	-0.958490	0.104674	0.689424	0.097966	0.000000	-0.277617	-0.948539	-0.438111	-0.191522	-0.431712	-0.163180	0.000000
-0.665838	1.077296	0.940170	0.095238	-0.010031	-0.000155	0.995404	0.016601	0.108377	-0.350087	0.757360	-0.361568	-0.022881	-0.043499	0.071588	-0.323839	0.691146	-0.356016	0.013606	-0.063322	-1.361405	0.883871	-1.179294	-0.000456	-0.383621	-0.025023	0.000000	0.160939	-0.226069	0.130929	-0.159238	-0.427535	-0.017709	0.000000	0.019562	-0.530996	-0.430653	0.224084	0.100993	0.106928	0.029160	-0.461738	-0.037683	-0.073117	-0.044022	0.094762	0.331808	0.574395	3.171550	-0.924560	0.000195	0.653940	0.032888	0.000000	-0.263168	-0.976593	-0.391892	-0.198063	-0.407856	-0.161588	0.000000
-0.665680	1.077541	0.940079	0.089741	-0.011062	-0.000333	0.995904	0.017030	0.098830	-0.356396	0.760034	-0.359713	-0.021246	-0.042988	0.063599	-0.323892	0.689883	-0.356790	0.015414	-0.056581	-1.352448	0.924060	-1.191523	-0.000000	-0.376876	-0.025836	0.000000	0.157482	-0.240087	0.126708	-0.161956	-0.432200	-0.020242	0.000000	0.027168	-0.503904	-0.418621	0.210324	0.098168	0.110206	0.034617	-0.433955	-0.054433	-0.067915	-0.020646	0.119614	0.336688	0.613701	2.792262	-0.775191	0.011390	0.488602	-0.128512	0.000000	-0.284575	-1.051439	-0.335563	-0.247164	-0.367184	-0.186701	0.000000
-0.665212	1.077824	0.939954	0.084306	-0.012769	-0.000560	0.996358	0.017688	0.088221	-0.366832	0.765772	-0.357641	-0.018473	-0.042115	0.054230	-0.326016	0.688430	-0.356842	0.018390	-0.049854	-1.336857	0.995562	-1.210302	-0.000000	-0.364076	-0.030163	0.000000	0.149556	-0.268127	0.117507	-0.169124	-0.442223	-0.025177	0.000000	0.037550	-0.458947	-0.468013	0.206327	0.120005	0.111599	0.047581	-0.410520	-0.125327	-0.068347	0.015304	0.112298	0.319849	0.546089	2.713588	-0.630519	0.000011	0.522687	-0.193208	0.000000	-0.307043	-1.102611	-0.312733	-0.289274	-0.365956	-0.191541	0.000000
-0.664621	1.078184	0.939959	0.080016	-0.014518	-0.000748	0.996688	0.018532	0.080472	-0.375116	0.768287	-0.354913	-0.016782	-0.041085	0.047179	-0.328905	0.687149	-0.356178	0.019906	-0.043787	-1.330604	1.032603	-1.216744	-0.000000	-0.355968	-0.033564	0.000000	0.145200	-0.284191	0.114199	-0.173527	-0.446838	-0.027904	0.000000	0.043538	-0.389693	-0.412513	0.164853	0.104659	0.059308	0.056235	-0.377319	-0.137316	-0.038993	0.017542	0.045994	0.304776	0.405571	2.576774	-0.366527	0.000000	0.607426	-0.255052	0.000000	-0.305575	-1.192858	-0.198342	-0.316102	-0.306381	-0.209780	0.000000
-0.664115	1.078421	0.939866	0.076128	-0.015927	-0.001021	0.996970	0.019429	0.072633	-0.383332	0.772367	-0.353455	-0.016101	-0.039865	0.039137	-0.331509	0.686870	-0.356140	0.020230	-0.037663	-1.320634	1.098633	-1.224963	-0.000000	-0.339779	-0.040365	0.000000	0.137333	-0.315841	0.109573	-0.181768	-0.454478	-0.033568	0.000000	0.056739	-0.350620	-0.348702	0.132360	0.081154	0.014370	0.069454	-0.358768	-0.108981	-0.036107	0.006143	0.003544	0.279669	0.347966	2.447233	-0.238127	0.000000	0.654095	-0.281196	0.000000	-0.302256	-1.197998	-0.166945	-0.310556	-0.284298	-0.205036	0.000000
-0.663636	1.078773	0.939896	0.072756	-0.017192	-0.001411	0.997201	0.020801	0.066447	-0.389064	0.773582	-0.351667	-0.016208	-0.038307	0.032828	-0.333264	0.685705	-0.355932	0.020048	-0.032601	-1.316686	1.130493	-1.226269	-0.000000	-0.329805	-0.044812	0.000000	0.133110	-0.332111	0.107521	-0.185950	-0.458210	-0.036105	0.000000	0.065910	-0.321655	-0.313151	0.098681	0.080889	0.000180	0.076930	-0.350780	-0.080373	-0.071990	-0.001454	0.012175	0.243984	0.168914	1.881737	0.076658	0.000000	0.689740	-0.295770	0.000000	-0.293033	-0.995516	-0.157130	-0.260112	-0.229946	-0.156926	0.000000
-0.663209	1.079057	0.939823	0.069335	-0.018499	-0.001783	0.997420	0.022065	0.059767	-0.395858	0.776314	-0.350219	-0.016094	-0.036788	0.025106	-0.334724	0.683990	-0.356198	0.020717	-0.027904	-1.313877	1.173902	-1.221896	0.000000	-0.312190	-0.052196	0.000000	0.125612	-0.355662	0.103288	-0.192173	-0.463676	-0.039845	0.000000	0.067606	-0.317597	-0.310709	0.117482	0.068885	0.007768	0.079387	-0.363177	-0.056280	-0.095218	-0.010466	0.041129	0.216859	0.180843	2.146986	0.280824	0.000000	0.966734	-0.428604	0.000000	-0.385171	-1.175874	-0.201071	-0.311306	-0.279324	-0.157670	0.000000
-0.662689	1.079428	0.939783	0.066287	-0.019549	-0.002191	0.997607	0.023506	0.053743	-0.401493	0.778281	-0.348911	-0.015897	-0.035131	0.018301	-0.335516	0.681896	-0.356351	0.021693	-0.023926	-1.309452	1.216372	-1.215036	-0.000000	-0.291135	-0.061956	0.000000	0.117703	-0.379146	0.099478	-0.198402	-0.469383	-0.042412	0.000000	0.074534	-0.295798	-0.271183	0.095560	0.060961	0.016235	0.086704	-0.335355	-0.032494	-0.104249	-0.005758	0.044642	0.203377	0.275347	1.844114	0.326428	-0.000000	0.975572	-0.498313	0.000000	-0.370275	-1.034617	-0.151355	-0.279778	-0.252181	-0.088036	0.000000
-0.662194	1.079813	0.939754	0.063323	-0.020486	-0.002658	0.997779	0.025047	0.047935	-0.406705	0.780136	-0.347781	-0.015444	-0.033320	0.011692	-0.336023	0.679820	-0.356429	0.022503	-0.019769	-1.302863	1.247667	-1.208839	-0.000000	-0.273167	-0.072129	0.000000	0.110801	-0.397046	0.097234	-0.203364	-0.473763	-0.043366	0.000000	0.078660	-0.282205	-0.252427	0.096831	0.050699	0.030080	0.093516	-0.320092	-0.020444	-0.097661	-0.011712	0.026177	0.208290	0.394341	1.437905	0.292313	0.000000	0.883202	-0.548655	0.000000	-0.334328	-0.820710	-0.092180	-0.229161	-0.209569	-0.015626	0.000000
-0.661734	1.080223	0.939695	0.060484	-0.021289	-0.003164	0.997937	0.026652	0.042455	-0.411590	0.782154	-0.346883	-0.014694	-0.031391	0.005497	-0.336333	0.677990	-0.356819	0.022740	-0.015595	-1.293678	1.273888	-1.203343	0.000000	-0.255807	-0.083902	0.000000	0.104330	-0.411975	0.095791	-0.207568	-0.477766	-0.043037	0.000000	0.066903	-0.287491	-0.262068	0.121704	0.062619	0.055445	0.081568	-0.322800	-0.012227	-0.095987	-0.032765	0.017628	0.204622	0.472358	1.260036	0.403318	-0.000000	1.006664	-0.741312	0.000000	-0.341930	-0.704825	-0.080003	-0.193598	-0.211444	0.042165	0.000000
-0.661123	1.080825	0.939590	0.057447	-0.022029	-0.003293	0.998100	0.027723	0.036435	-0.417188	0.785004	-0.345276	-0.013226	-0.030057	-0.001220	-0.336513	0.675981	-0.357739	0.023208	-0.011584	-1.283969	1.298068	-1.192707	-0.000000	-0.232900	-0.101781	0.000000	0.097124	-0.425239	0.094034	-0.211108	-0.482221	-0.041680	0.000000	0.049837	-0.297747	-0.256253	0.144777	0.062402	0.061579	0.061982	-0.328940	0.005121	-0.081804	-0.068675	0.016017	0.205547	0.588068	1.131839	0.558731	-0.000000	1.224274	-1.036175	0.000000	-0.365985	-0.603288	-0.110764	-0.146528	-0.258375	0.096355	0.000000
-0.660546	1.081417	0.939339	0.054403	-0.022402	-0.003367	0.998262	0.028645	0.030545	-0.421840	0.787945	-0.344387	-0.012230	-0.028911	-0.007660	-0.336129	0.674718	-0.359566	0.023380	-0.007373	-1.270156	1.319162	-1.180994	-0.000000	-0.206836	-0.125349	0.000000	0.089691	-0.436106	0.091360	-0.213429	-0.488101	-0.039183	0.000000	0.060438	-0.331252	-0.279678	0.208595	0.035934	0.060912	0.072014	-0.361966	0.019895	-0.057527	-0.112388	0.003935	0.221826	1.447242	1.213852	1.221499	0.000000	2.555062	-2.198904	0.000000	-0.631830	-0.569829	-0.526255	-0.014664	-0.873961	0.299683	0.000000
-0.659939	1.082029	0.938948	0.050734	-0.022810	-0.003680	0.998445	0.030140	0.023185	-0.428375	0.793348	-0.343839	-0.010790	-0.027177	-0.015699	-0.335717	0.673680	-0.362235	0.023365	-0.002711	-1.226079	1.346622	-1.143847	-0.000000	-0.130698	-0.189737	0.000000	0.071850	-0.448033	0.072983	-0.211695	-0.517179	-0.029693	0.000000	0.072910	-0.352790	-0.297460	0.258549	0.019792	0.064030	0.085670	-0.393016	0.029902	-0.032774	-0.147089	-0.002955	0.260077	2.505067	0.949907	2.073237	-0.000000	3.642842	-3.282405	0.000000	-0.906827	-0.277304	-1.203380	0.273858	-1.784736	0.295072	0.000000
-0.659246	1.082555	0.938441	0.047128	-0.022843	-0.004030	0.998620	0.031562	0.016434	-0.433738	0.798287	-0.343596	-0.009669	-0.025485	-0.023381	-0.334933	0.673407	-0.365450	0.023262	0.003030	-1.169953	1.357158	-1.098065	-0.000000	-0.061122	-0.256646	0.000000	0.053417	-0.447198	0.043225	-0.202475	-0.559490	-0.027380	0.000000	0.092326	-0.376626	-0.312690	0.298248	0.014685	0.072379	0.106347	-0.419367	0.023934	0.016105	-0.167860	-0.022106	0.284361	3.254029	0.292850	2.774581	0.000000	3.456728	-3.235375	0.000000	-1.072266	0.159463	-1.797394	0.555724	-2.653284	-0.383205	0.000000
-0.658474	1.083316	0.937832	0.042681	-0.022933	-0.004638	0.998815	0.033833	0.008120	-0.440883	0.805278	-0.343251	-0.007895	-0.022923	-0.032474	-0.334759	0.674324	-0.368949	0.022481	0.008664	-1.095918	1.358336	-1.032863	0.000000	0.007571	-0.319152	0.000000	0.028960	-0.441654	0.001088	-0.189466	-0.623310	-0.045021	0.000000	0.114940	-0.428605	-0.350805	0.339165	0.022691	0.088653	0.129674	-0.465747	-0.004353	0.071406	-0.161321	-0.054503	0.297536	3.945062	-0.366473	3.241956	0.000000	2.808885	-2.341457	0.000000	-1.120489	0.392085	-1.693278	0.544462	-3.190228	-1.302818	0.000000
-0.657688	1.084080	0.937242	0.037839	-0.022947	-0.005266	0.999007	0.036159	-0.000710	-0.447771	0.811854	-0.342688	-0.006123	-0.020298	-0.042011	-0.335107	0.676263	-0.371902	0.021082	0.014932	-1.012151	1.342499	-0.968386	0.000000	0.051233	-0.350304	0.000000	0.008598	-0.431515	-0.024506	-0.180697	-0.687099	-0.079493	0.000000	0.111895	-0.443761	-0.331253	0.321560	0.011516	0.076392	0.122940	-0.465526	-0.016098	0.111333	-0.152795	-0.062913	0.336592	5.285619	-1.442966	4.152841	-0.000000	2.031914	-1.358212	0.000000	-1.039635	0.783486	-0.490235	0.355712	-3.089729	-1.957368	0.000000
-0.657031	1.084758	0.936547	0.032890	-0.022855	-0.005865	0.999180	0.038309	-0.009630	-0.454133	0.818141	-0.342790	-0.004839	-0.018005	-0.051095	-0.335403	0.678777	-0.375061	0.019964	0.022127	-0.884494	1.300618	-0.866750	-0.000000	0.088848	-0.373481	0.000000	-0.012626	-0.410315	-0.018522	-0.175237	-0.746900	-0.123315	0.000000	0.090282	-0.436718	-0.295129	0.322250	-0.008770	0.063592	0.093402	-0.446673	-0.003843	0.146584	-0.168709	-0.040838	0.350119	10.714364	-4.316509	9.003065	-0.000000	1.891009	0.652798	0.000000	-1.408658	1.371972	1.346082	0.181841	-2.900584	-2.651938	0.000000
-0.656417	1.085282	0.935778	0.028104	-0.022383	-0.006233	0.999335	0.039771	-0.018179	-0.459576	0.824744	-0.343039	-0.003579	-0.016562	-0.059878	-0.335260	0.682126	-0.378651	0.019449	0.028937	-0.583576	1.169839	-0.608264	-0.000000	0.126873	-0.324192	0.000000	-0.047748	-0.376636	0.029337	-0.173423	-0.803123	-0.185570	0.000000	0.072509	-0.417980	-0.281375	0.355415	-0.022679	0.071133	0.070851	-0.429147	-0.007254	0.194678	-0.187566	-0.016981	0.276006	16.240150	-8.155969	14.081677	-0.000000	1.378951	4.862786	0.000000	-1.851880	1.698548	2.386730	0.012453	-2.383697	-2.699910	0.000000
-0.655551	1.085770	0.934884	0.023580	-0.021704	-0.006617	0.999465	0.041210	-0.026349	-0.465388	0.832357	-0.343698	-0.001994	-0.015171	-0.068261	-0.335694	0.686564	-0.382564	0.019285	0.033168	-0.234887	0.974379	-0.303483	-0.000000	0.144006	-0.178969	0.000000	-0.086701	-0.342373	0.076947	-0.174739	-0.842247	-0.231312	0.000000	0.089660	-0.400970	-0.286241	0.396542	-0.039650	0.081168	0.087259	-0.413371	-0.006888	0.221565	-0.193141	-0.002695	0.201288	13.449812	-8.236757	11.467470	0.000000	0.147992	6.092343	0.000000	-1.846790	1.602268	2.054458	-0.193276	-1.615757	-1.620120	0.000000
-0.654891	1.086118	0.933925	0.019124	-0.020903	-0.007445	0.999571	0.043357	-0.034218	-0.471025	0.840606	-0.344625	-0.000333	-0.013071	-0.076413	-0.335536	0.690989	-0.386376	0.019341	0.036988	-0.045583	0.840369	-0.149565	0.000000	0.132793	-0.080498	0.000000	-0.121620	-0.312545	0.111516	-0.181154	-0.867753	-0.250375	0.000000	0.132865	-0.380412	-0.321864	0.452454	-0.049630	0.093842	0.130657	-0.380559	-0.025427	0.240934	-0.175294	-0.000266	0.229134	6.478690	-5.303673	4.503731	0.000000	-0.628617	2.851610	0.000000	-1.742050	1.493442	1.549924	-0.553907	-0.946292	-0.294964	0.000000
-0.653859	1.086543	0.932874	0.014964	-0.020162	-0.008705	0.999647	0.046524	-0.041566	-0.478263	0.850455	-0.345683	0.001760	-0.009945	-0.083483	-0.336711	0.696202	-0.389575	0.019275	0.042333	0.024260	0.762232	-0.123333	0.000000	0.118861	-0.064905	0.000000	-0.156383	-0.282635	0.138944	-0.196895	-0.880099	-0.243110	0.000000	0.169107	-0.370605	-0.358730	0.500025	-0.039659	0.119608	0.165493	-0.353733	-0.048856	0.258280	-0.135808	0.003364	0.285044	3.170502	-3.853591	0.933587	-0.027050	-0.712915	0.555708	0.000000	-1.927628	1.569338	1.644752	-0.948168	-0.537460	0.514523	0.000000
-0.652952	1.086907	0.931971	0.010701	-0.019345	-0.010215	0.999704	0.050121	-0.049042	-0.485375	0.860607	-0.346211	0.004452	-0.006451	-0.090562	-0.337490	0.701320	-0.391809	0.019475	0.048390	0.081237	0.686225	-0.112221	-0.001082	0.104276	-0.058270	0.000000	-0.198725	-0.249772	0.177306	-0.219081	-0.889251	-0.229794	0.000000	0.192886	-0.389100	-0.351439	0.496602	-0.030122	0.143421	0.184649	-0.365403	-0.014853	0.216290	-0.117491	0.029912	0.320487	2.586256	-3.569587	0.117818	-0.216010	-0.836951	0.210414	0.000000	-2.175556	1.608739	2.123884	-1.216850	-0.284524	0.765953	0.000000
-0.651765	1.087466	0.931047	0.006329	-0.018370	-0.011814	0.999741	0.054240	-0.057130	-0.492320	0.870319	-0.346888	0.007497	-0.002559	-0.098099	-0.337305	0.704853	-0.394275	0.020471	0.055152	0.127710	0.619449	-0.118621	-0.008640	0.085383	-0.056488	0.000000	-0.243405	-0.218285	0.223900	-0.245569	-0.891480	-0.212472	0.000000	0.195896	-0.416827	-0.326727	0.492008	-0.031400	0.137131	0.183895	-0.402916	0.043555	0.177920	-0.128472	0.060115	0.383903	2.391891	-3.552933	-0.717443	-0.672564	-1.258315	0.144902	0.000000	-2.625586	1.794616	2.933553	-1.624700	0.081480	1.073362	0.000000
-0.650788	1.087865	0.930251	0.001363	-0.017054	-0.013361	0.999765	0.057957	-0.065715	-0.498444	0.880287	-0.347467	0.009937	0.000904	-0.106679	-0.335748	0.708437	-0.396948	0.021880	0.063746	0.176912	0.544108	-0.140919	-0.027985	0.053944	-0.052474	0.000000	-0.303749	-0.177987	0.294648	-0.284069	-0.885992	-0.186860	0.000000	0.185597	-0.435012	-0.273594	0.422347	-0.004458	0.108153	0.175247	-0.435498	0.111639	0.096665	-0.103504	0.057076	0.447321	2.351950	-3.768481	-1.113770	-1.140759	-1.705132	0.317874	0.000000	-3.314925	2.256103	3.569896	-2.127731	0.222284	1.362453	0.000000
-0.649714	1.088433	0.929915	-0.003400	-0.015916	-0.014747	0.999759	0.061664	-0.074530	-0.503264	0.887213	-0.347066	0.011823	0.004451	-0.115519	-0.332839	0.708720	-0.398415	0.022754	0.073045	0.221788	0.468709	-0.163171	-0.054271	0.017178	-0.043773	0.000000	-0.376002	-0.128041	0.366696	-0.330679	-0.882589	-0.157974	0.000000	0.153394	-0.488718	-0.203444	0.267042	0.055658	0.073192	0.141841	-0.501277	0.187435	-0.041473	-0.071715	0.028725	0.462413	2.079887	-3.566055	-0.964405	-1.275189	-1.818722	0.470674	0.000000	-3.570292	2.609409	3.252933	-2.476731	0.019334	1.495457	0.000000
-0.648979	1.088790	0.929864	-0.009284	-0.014961	-0.015612	0.999723	0.064093	-0.085264	-0.506581	0.890969	-0.345241	0.012865	0.006578	-0.126730	-0.328250	0.706778	-0.399816	0.023029	0.082243	0.260108	0.401465	-0.179495	-0.078992	-0.018805	-0.033647	0.000000	-0.446560	-0.073611	0.424765	-0.383138	-0.885219	-0.127042	0.000000	0.102094	-0.560318	-0.097252	0.125992	0.089041	0.041422	0.078673	-0.565932	0.297265	-0.151066	-0.064841	0.042626	0.490701	1.807153	-3.218493	-0.666147	-1.097019	-1.724030	0.421477	0.000000	-3.359465	2.795773	2.707917	-2.818293	-0.218308	1.696303	0.000000
-0.648801	1.089194	0.930106	-0.015555	-0.013798	-0.016108	0.999654	0.065747	-0.096943	-0.507154	0.892253	-0.343504	0.013480	0.007598	-0.138156	-0.320949	0.702677	-0.401009	0.024459	0.092673	0.294074	0.339970	-0.189817	-0.098152	-0.051783	-0.026914	0.000000	-0.510381	-0.016210	0.475012	-0.443410	-0.891321	-0.090122	0.000000	0.035991	-0.631609	0.015070	-0.013416	0.111283	0.018500	0.001708	-0.609975	0.403520	-0.248638	-0.051828	0.091416	0.538780	1.597211	-2.962496	-0.390496	-0.830794	-1.565041	0.218444	0.000000	-3.039957	2.810379	2.667940	-3.268267	-0.237598	2.057698	0.000000
-0.648847	1.089178	0.930600	-0.022688	-0.012690	-0.015938	0.999535	0.065533	-0.110528	-0.505979	0.890432	-0.340790	0.013605	0.006646	-0.151129	-0.312110	0.696833	-0.401889	0.026686	0.103794	0.323996	0.282966	-0.195115	-0.112224	-0.081407	-0.024909	0.000000	-0.568159	0.038804	0.531483	-0.513869	-0.894723	-0.044734	0.000000	0.004134	-0.720054	0.083733	-0.141868	0.164814	-0.010747	-0.036177	-0.690720	0.465497	-0.311920	-0.027611	0.107372	0.577710	1.357420	-2.646213	-0.202653	-0.580912	-1.342823	-0.025361	0.000000	-2.745548	2.490351	3.013660	-3.613605	0.012513	2.345283	0.000000
-0.649106	1.090025	0.931400	-0.030912	-0.011605	-0.015513	0.999335	0.065913	-0.125745	-0.503805	0.886578	-0.336912	0.013050	0.006151	-0.165785	-0.302329	0.690201	-0.402113	0.028754	0.115782	0.348371	0.234121	-0.197923	-0.121388	-0.105496	-0.027929	0.000000	-0.620203	0.083404	0.595559	-0.587954	-0.890821	0.003689	0.000000	-0.007677	-0.892119	0.103980	-0.242633	0.196679	-0.054754	-0.058663	-0.855840	0.518659	-0.359309	-0.016055	0.095392	0.569805	1.097021	-2.306958	-0.062099	-0.354875	-1.037574	-0.291328	0.000000	-2.623671	2.043473	3.209557	-3.778276	0.329570	2.425012	0.000000
-0.649844	1.089957	0.932276	-0.041783	-0.010962	-0.014999	0.998954	0.065225	-0.146213	-0.501819	0.880727	-0.332922	0.011414	0.004300	-0.185362	-0.291363	0.682460	-0.402532	0.030501	0.126586	0.367877	0.190687	-0.197599	-0.126419	-0.122910	-0.036562	0.000000	-0.673105	0.120543	0.659865	-0.665000	-0.881540	0.052267	0.000000	-0.036840	-1.022197	0.106172	-0.334749	0.196674	-0.074970	-0.096730	-0.983246	0.546224	-0.420654	-0.016522	0.097104	0.542156	0.959928	-2.258437	0.208700	-0.192451	-0.792672	-0.554740	0.000000	-2.837381	1.781753	3.491338	-4.260059	0.613916	2.508006	0.000000
-0.650882	1.089903	0.933205	-0.052684	-0.010813	-0.014354	0.998450	0.064439	-0.166633	-0.499558	0.873188	-0.329045	0.010051	0.002282	-0.205115	-0.280480	0.673374	-0.402774	0.032638	0.137468	0.386768	0.143784	-0.189575	-0.129086	-0.137203	-0.050118	0.000000	-0.733698	0.154674	0.735212	-0.758357	-0.866264	0.104010	0.000000	-0.027938	-1.070176	0.079104	-0.382406	0.190245	-0.082963	-0.095976	-1.039106	0.512552	-0.435515	-0.020978	0.094349	0.522734	0.844313	-2.162372	0.517228	-0.062110	-0.568626	-0.700240	0.000000	-2.991333	1.689006	3.711529	-4.734936	0.826897	2.517400	0.000000
-0.652049	1.089868	0.933976	-0.064418	-0.011147	-0.013728	0.997766	0.064108	-0.189020	-0.498655	0.865430	-0.325313	0.008096	0.000461	-0.226927	-0.270861	0.665040	-0.403371	0.034275	0.147495	0.401650	0.104192	-0.176910	-0.128903	-0.145655	-0.064572	0.000000	-0.792759	0.188103	0.808326	-0.854397	-0.848464	0.152963	0.000000	-0.023895	-1.103923	0.045766	-0.395374	0.173239	-0.107094	-0.103441	-1.052212	0.449726	-0.380677	-0.021164	0.076734	0.500159	0.652581	-1.841210	0.670842	0.034236	-0.374612	-0.724328	0.000000	-2.964762	1.595393	3.665520	-4.998244	1.004499	2.376629	0.000000
-0.653230	1.089469	0.934730	-0.075851	-0.011639	-0.013104	0.996965	0.063483	-0.210790	-0.497727	0.857373	-0.322115	0.005767	-0.001856	-0.247203	-0.262491	0.658147	-0.403621	0.035708	0.157474	0.412872	0.070135	-0.162742	-0.127717	-0.152188	-0.079091	0.000000	-0.852288	0.218489	0.881833	-0.958287	-0.826084	0.199075	0.000000	-0.016215	-1.141724	-0.000183	-0.414741	0.206000	-0.127929	-0.107172	-1.074612	0.370344	-0.309017	0.020653	0.043230	0.493034	0.437281	-1.505296	0.673877	0.102796	-0.285736	-0.712582	0.000000	-2.908258	1.470154	3.425576	-5.230354	1.158138	2.100760	0.000000
-0.654101	1.089372	0.935651	-0.088489	-0.012506	-0.012404	0.995921	0.063459	-0.234689	-0.498663	0.848841	-0.317073	0.002979	-0.003826	-0.269911	-0.256048	0.652679	-0.402545	0.036004	0.167217	0.419141	0.043981	-0.149955	-0.124791	-0.157084	-0.093075	0.000000	-0.909089	0.246910	0.945349	-1.063611	-0.802138	0.236993	0.000000	0.013782	-1.154182	-0.054055	-0.429302	0.249374	-0.151578	-0.086411	-1.095450	0.287992	-0.260109	0.060712	0.019870	0.525755	0.195002	-1.161923	0.695401	0.185277	-0.165584	-0.694114	0.000000	-2.782059	1.470167	2.960457	-5.292745	1.181290	1.655473	0.000000
-0.655090	1.089227	0.936581	-0.100128	-0.013683	-0.011875	0.994810	0.064035	-0.256957	-0.499889	0.840201	-0.312140	-0.000296	-0.005312	-0.291021	-0.250971	0.647743	-0.401192	0.036502	0.178505	0.420672	0.023658	-0.134926	-0.120305	-0.158811	-0.106856	0.000000	-0.963571	0.277296	1.000251	-1.169996	-0.778832	0.265294	0.000000	0.053233	-1.092390	-0.063025	-0.436182	0.238629	-0.187289	-0.052134	-1.039264	0.223608	-0.217272	0.084157	0.022818	0.530503	-0.019123	-0.852848	0.776443	0.257756	-0.040639	-0.636863	0.000000	-2.720776	1.432445	2.746663	-5.203018	1.314208	1.207998	0.000000
-0.656211	1.089425	0.937461	-0.111247	-0.014963	-0.011513	0.993613	0.065589	-0.278385	-0.501184	0.831393	-0.307527	-0.004513	-0.005911	-0.311482	-0.247103	0.643988	-0.399178	0.036917	0.188437	0.418376	0.009867	-0.118897	-0.114481	-0.158710	-0.118550	0.000000	-1.017920	0.304207	1.055216	-1.271732	-0.749570	0.285313	0.000000	0.081451	-1.063781	-0.076541	-0.428770	0.239699	-0.209043	-0.024672	-1.021948	0.180362	-0.167416	0.093915	-0.001628	0.468645	-0.199715	-0.558948	0.786076	0.295985	0.011506	-0.507417	0.000000	-2.561158	1.398526	2.823844	-4.959383	1.481240	0.889259	0.000000
-0.657342	1.089416	0.938285	-0.122261	-0.016315	-0.011306	0.992299	0.067293	-0.299508	-0.502951	0.823050	-0.302552	-0.008657	-0.006299	-0.331899	-0.243757	0.641046	-0.397436	0.036437	0.197250	0.412683	0.001300	-0.103483	-0.108466	-0.158351	-0.127153	0.000000	-1.066017	0.333237	1.113205	-1.368372	-0.719583	0.300864	0.000000	0.091506	-1.001027	-0.099802	-0.400615	0.243807	-0.159892	-0.007679	-0.967642	0.116321	-0.110108	0.112572	-0.024030	0.425556	-0.355184	-0.349391	0.736052	0.267507	0.004889	-0.351055	0.000000	-2.219859	1.121464	2.830082	-4.683685	1.499154	0.597974	0.000000
-0.658416	1.089322	0.939088	-0.132070	-0.017792	-0.011312	0.991016	0.069249	-0.318426	-0.505176	0.815369	-0.297775	-0.010909	-0.006219	-0.350187	-0.242450	0.639584	-0.394675	0.035956	0.205459	0.404169	-0.004109	-0.089455	-0.103781	-0.158514	-0.132592	0.000000	-1.106714	0.349066	1.168419	-1.459079	-0.689604	0.309232	0.000000	0.136049	-0.965605	-0.177141	-0.404128	0.253814	-0.109858	0.042545	-0.946669	-0.017877	-0.050189	0.148894	-0.085205	0.347715	-0.502217	-0.206495	0.669747	0.143601	-0.040267	-0.188987	0.000000	-2.253842	0.395719	2.751979	-4.661602	1.829861	0.334541	0.000000
-0.659505	1.089459	0.939779	-0.141806	-0.020238	-0.011587	0.989620	0.072735	-0.338133	-0.510037	0.806885	-0.292400	-0.013052	-0.004598	-0.369766	-0.244472	0.639039	-0.391480	0.033029	0.211159	0.392594	-0.006959	-0.076693	-0.102722	-0.159961	-0.134712	0.000000	-1.156171	0.349066	1.223284	-1.554836	-0.646388	0.314246	0.000000	0.125329	-0.844503	-0.102098	-0.349912	0.140206	-0.087963	0.041020	-0.853342	0.039475	-0.036564	0.076810	-0.088991	0.246381	-0.576028	-0.095734	0.621632	0.068360	-0.125241	-0.045397	0.000000	-2.092638	0.000001	2.803153	-5.125469	2.210155	-0.169746	0.000000
-0.661409	1.089422	0.940101	-0.149362	-0.020984	-0.011658	0.988491	0.074262	-0.352206	-0.509260	0.801372	-0.292167	-0.014427	-0.004578	-0.384321	-0.240871	0.638121	-0.391603	0.032396	0.215314	0.381127	-0.007938	-0.064590	-0.101047	-0.163524	-0.134408	0.000000	-1.190420	0.349066	1.280545	-1.664098	-0.601198	0.302442	0.000000	0.020306	-0.586332	0.098732	-0.268589	0.006630	-0.030532	-0.043419	-0.608091	0.199864	-0.052905	0.004128	-0.000413	0.215447	-0.521098	-0.026522	0.533938	0.084312	-0.201143	0.071143	0.000000	-1.201493	0.000000	2.843121	-5.015004	1.965041	-0.762242	0.000000
-0.662966	1.088901	0.940512	-0.154378	-0.021204	-0.011288	0.987720	0.073547	-0.361586	-0.506087	0.796142	-0.292135	-0.014273	-0.006334	-0.394090	-0.236477	0.636923	-0.391315	0.033012	0.219777	0.371750	-0.008020	-0.055335	-0.099350	-0.168007	-0.131866	0.000000	-1.204230	0.349066	1.337009	-1.755436	-0.567787	0.283756	0.000000	-0.044395	-0.367983	0.133179	-0.264430	0.030358	0.002656	-0.082275	-0.395230	0.131692	-0.024781	0.043443	-0.002866	0.214762	-0.461096	0.002413	0.386509	0.057289	-0.239431	0.167092	0.000000	-0.463271	0.000000	2.757442	-4.042017	1.356851	-0.850932	0.000000
-0.663944	1.088339	0.940992	-0.157288	-0.021837	-0.010842	0.987252	0.072486	-0.366925	-0.503932	0.790795	-0.290953	-0.014321	-0.007869	-0.400130	-0.235604	0.637130	-0.389865	0.032282	0.223905	0.362684	-0.007842	-0.049129	-0.098755	-0.173101	-0.127724	0.000000	-1.208951	0.349066	1.390843	-1.825779	-0.546924	0.268405	0.000000	-0.036817	-0.191905	0.088528	-0.235671	0.054833	-0.020604	-0.052326	-0.222621	0.001805	0.027642	0.079501	-0.048263	0.173012	-0.438020	0.008603	0.245903	-0.007474	-0.241220	0.208164	0.000000	-0.104794	0.000000	2.357000	-2.899709	0.806285	-0.701437	0.000000
-0.664746	1.088069	0.941389	-0.158563	-0.022491	-0.010595	0.987036	0.072074	-0.369262	-0.502546	0.786715	-0.289941	-0.015097	-0.008427	-0.402994	-0.236405	0.638028	-0.388135	0.031082	0.226697	0.354230	-0.007676	-0.045499	-0.099649	-0.177656	-0.123540	0.000000	-1.208422	0.349066	1.431289	-1.871424	-0.535535	0.255698	0.000000	-0.023649	-0.050297	0.074102	-0.163808	0.021070	-0.033371	-0.022115	-0.082066	-0.043096	0.049585	0.067858	-0.066868	0.121588	-0.382086	0.018539	0.153348	-0.061612	-0.183085	0.192525	0.000000	0.060725	0.000000	1.668230	-1.792488	0.432026	-0.530219	0.000000
-0.665487	1.087843	0.941603	-0.158672	-0.022961	-0.010441	0.987009	0.071540	-0.368937	-0.500968	0.784243	-0.290110	-0.015656	-0.008753	-0.403413	-0.237328	0.639113	-0.387151	0.029607	0.228768	0.347400	-0.007100	-0.042995	-0.101219	-0.180424	-0.120023	0.000000	-1.206522	0.349066	1.457572	-1.897478	-0.529643	0.247196	0.000000	-0.043737	0.089262	0.117447	-0.102547	-0.037467	-0.014299	-0.025390	0.054096	-0.028891	0.059327	0.033203	-0.067825	0.090675	-0.321532	0.034082	0.124215	-0.099446	-0.094881	0.162959	0.000000	0.108874	0.000000	1.103047	-0.995487	0.198722	-0.326992	0.000000
-0.666237	1.087531	0.941669	-0.157515	-0.023122	-0.010255	0.987193	0.070325	-0.365692	-0.497848	0.782613	-0.291440	-0.015669	-0.009443	-0.400831	-0.237561	0.640401	-0.386807	0.028369	0.230324	0.341368	-0.006313	-0.040531	-0.103626	-0.181451	-0.117021	0.000000	-1.204067	0.349066	1.475411	-1.911244	-0.527586	0.242619	0.000000	-0.073904	0.243996	0.185585	-0.066319	-0.086106	0.003266	-0.039160	0.212999	-0.008323	0.063045	0.012699	-0.059247	0.063324	-0.335859	0.048179	0.164193	-0.156261	-0.018135	0.176007	0.000000	0.201118	0.000000	0.884622	-0.580180	0.075895	-0.266057	0.000000
-0.666843	1.087216	0.941680	-0.152966	-0.022793	-0.009924	0.987919	0.068584	-0.359177	-0.493545	0.781590	-0.293554	-0.015525	-0.010320	-0.394893	-0.237660	0.641635	-0.386643	0.027237	0.231301	0.333966	-0.005173	-0.036428	-0.107470	-0.181150	-0.112983	0.000000	-1.198477	0.349066	1.492957	-1.920686	-0.526607	0.236554	0.000000	-0.092293	0.418442	0.231712	-0.033620	-0.118648	0.019706	-0.039760	0.393175	-0.012514	0.057797	0.016594	-0.039308	0.040685	-0.380491	0.063704	0.269970	-0.211575	0.067352	0.230964	0.000000	0.370011	0.000000	0.833461	-0.323787	0.030966	-0.372010	0.000000
-0.667298	1.086894	0.941657	-0.147522	-0.022324	-0.009772	0.988758	0.066633	-0.348954	-0.488580	0.781268	-0.296186	-0.014881	-0.011033	-0.385104	-0.238061	0.642713	-0.386143	0.026797	0.231952	0.326149	-0.003765	-0.029732	-0.112089	-0.178757	-0.107783	0.000000	-1.189267	0.349066	1.508749	-1.924195	-0.526348	0.227738	0.000000	-0.093704	0.547598	0.235823	-0.005996	-0.127842	0.033308	-0.030292	0.547707	-0.036101	0.050552	0.032055	-0.021988	-0.008572	-0.392748	0.074218	0.415399	-0.253035	0.194990	0.291697	0.000000	0.574014	0.000000	0.724635	0.012991	-0.008897	-0.530815	0.000000
-0.667490	1.086696	0.941657	-0.141333	-0.021877	-0.009650	0.989673	0.064836	-0.337273	-0.484112	0.781350	-0.298668	-0.014193	-0.011531	-0.372985	-0.239104	0.643657	-0.385361	0.026358	0.230958	0.318256	-0.002204	-0.019812	-0.117591	-0.173350	-0.101315	0.000000	-1.175517	0.349066	1.521942	-1.920166	-0.526963	0.215321	0.000000	-0.080135	0.646991	0.209244	0.018443	-0.121840	0.026463	-0.007855	0.646232	-0.086141	0.052828	0.048769	-0.019722	-0.086476	-0.399239	0.062844	0.525391	-0.307034	0.323182	0.330888	0.000000	0.803843	0.000000	0.538585	0.408015	-0.030982	-0.744778	0.000000
-0.667323	1.086612	0.941587	-0.134018	-0.021457	-0.009684	0.990699	0.063428	-0.323074	-0.480210	0.782006	-0.301059	-0.013822	-0.011348	-0.359254	-0.241507	0.644826	-0.384192	0.026008	0.228493	0.310179	-0.001251	-0.008716	-0.124371	-0.165830	-0.094547	0.000000	-1.157113	0.349066	1.530293	-1.907875	-0.527587	0.197947	0.000000	-0.060339	0.696078	0.164343	0.042352	-0.109123	0.021836	0.016049	0.678011	-0.140062	0.058255	0.054446	-0.017717	-0.151049	-0.400674	0.049363	0.519162	-0.367167	0.389637	0.344863	0.000000	0.992665	-0.170593	0.340733	0.810218	-0.031146	-0.960996	0.000000
-0.666938	1.086502	0.941456	-0.126642	-0.021204	-0.009811	0.991673	0.062422	-0.309430	-0.477538	0.783044	-0.303033	-0.013319	-0.010890	-0.345864	-0.244707	0.645987	-0.383183	0.025649	0.224916	0.302229	-0.000230	0.000955	-0.132278	-0.157765	-0.087520	0.000000	-1.135810	0.342242	1.535571	-1.887757	-0.528209	0.176881	0.000000	-0.056480	0.776913	0.150262	0.088045	-0.132712	0.033872	0.023953	0.768808	-0.185797	0.116505	0.041006	-0.030883	-0.182251	-0.539993	0.027188	0.540915	-0.790244	0.756931	0.668432	0.000000	1.907966	-0.899288	0.660038	2.010882	0.215596	-1.894858	0.000000
-0.666356	1.086425	0.941161	-0.117901	-0.020526	-0.009992	0.992763	0.061168	-0.291998	-0.474200	0.785528	-0.306368	-0.012468	-0.010389	-0.328502	-0.248939	0.649487	-0.382552	0.024772	0.221203	0.288579	-0.000163	0.012920	-0.155980	-0.135553	-0.067810	0.000000	-1.080794	0.313094	1.556694	-1.827439	-0.518963	0.122153	0.000000	-0.046042	0.874295	0.167000	0.124797	-0.166086	0.038382	0.039768	0.864591	-0.193154	0.138134	0.040600	-0.059790	-0.221766	-0.414989	0.007411	0.242115	-0.753839	0.640267	0.581970	0.000000	1.794204	-1.006568	0.470424	1.829031	0.276184	-1.687166	0.000000
-0.665583	1.086436	0.940844	-0.108765	-0.019744	-0.010417	0.993817	0.060581	-0.274458	-0.470858	0.788036	-0.309676	-0.011784	-0.009299	-0.311281	-0.252433	0.651513	-0.381559	0.023257	0.216046	0.285629	0.000067	0.010639	-0.162431	-0.132154	-0.064242	0.000000	-1.064042	0.301980	1.554388	-1.814596	-0.517161	0.109395	0.000000	-0.041785	0.930591	0.162386	0.157490	-0.186773	0.030795	0.043524	0.922861	-0.209253	0.158201	0.025664	-0.076133	-0.281873	-0.194933	0.044985	-0.260490	-0.458147	0.218306	0.198829	0.000000	1.222196	-0.814170	-0.413853	0.678921	0.106558	-0.793252	0.000000
-0.664676	1.086336	0.940292	-0.098768	-0.018814	-0.010709	0.994875	0.059497	-0.254774	-0.467704	0.791827	-0.313839	-0.011236	-0.008648	-0.291588	-0.257309	0.655815	-0.381525	0.021727	0.209928	0.280782	0.001636	0.002501	-0.174306	-0.126820	-0.059857	0.000000	-1.031906	0.280528	1.540140	-1.800283	-0.514701	0.090423	0.000000	-0.053405	0.993522	0.104071	0.223184	-0.210202	0.057727	0.033043	0.993594	-0.312784	0.272642	-0.017490	-0.075864	-0.357880	-0.200922	0.149007	-0.840867	-0.961889	0.525785	0.321187	0.000000	2.688268	-2.026539	-1.015964	1.134127	0.199264	-1.507621	0.000000
-0.663650	1.086296	0.939570	-0.088473	-0.018309	-0.010882	0.995851	0.058445	-0.234718	-0.466695	0.796964	-0.318084	-0.009475	-0.007977	-0.271537	-0.264944	0.662418	-0.382259	0.020223	0.201731	0.277592	0.006027	-0.022995	-0.200907	-0.111123	-0.051394	0.000000	-0.956511	0.220918	1.513750	-1.769231	-0.509191	0.049090	0.000000	-0.052791	0.977916	0.103559	0.239131	-0.202081	0.095003	0.025732	0.991185	-0.301373	0.274019	-0.005185	-0.061223	-0.404390	-0.080756	0.184144	-0.982299	-0.906888	0.540962	0.276695	0.000000	2.676217	-2.316595	-1.009417	1.196349	0.122797	-1.532361	0.000000
-0.662408	1.085997	0.938951	-0.078308	-0.017010	-0.011284	0.996720	0.057385	-0.215657	-0.463562	0.801393	-0.321922	-0.007436	-0.007619	-0.251940	-0.269364	0.666775	-0.381733	0.019278	0.193752	0.277552	0.009002	-0.036791	-0.210582	-0.105182	-0.048789	0.000000	-0.924858	0.187864	1.499763	-1.752429	-0.509789	0.029128	0.000000	-0.044051	0.996705	0.144856	0.247234	-0.225145	0.099707	0.028752	1.004749	-0.262141	0.277628	0.005694	-0.059025	-0.405866	0.016807	0.365994	-1.263074	-0.595212	0.299748	0.197147	0.000000	2.207977	-2.274935	-1.814777	0.737697	0.143759	-1.310645	0.000000
-0.661256	1.085895	0.938228	-0.067784	-0.015778	-0.011690	0.997507	0.056683	-0.194849	-0.460901	0.806853	-0.327090	-0.005487	-0.006827	-0.231347	-0.275430	0.673524	-0.382031	0.017862	0.185496	0.278265	0.020667	-0.073518	-0.224716	-0.099133	-0.043508	0.000000	-0.868192	0.129921	1.441159	-1.739723	-0.503440	-0.003336	0.000000	-0.046922	1.138437	0.243402	0.256652	-0.327106	0.098418	0.027784	1.126594	-0.253075	0.360614	-0.030009	-0.078689	-0.472609	0.027030	0.595523	-1.718621	-0.536780	0.327508	0.248534	0.000000	2.521112	-3.609653	-2.792749	1.025933	0.428960	-1.528024	0.000000
-0.660342	1.085546	0.937416	-0.055460	-0.013537	-0.012140	0.998295	0.055508	-0.170120	-0.453826	0.811659	-0.335006	-0.003499	-0.006508	-0.206876	-0.279487	0.681200	-0.382933	0.016131	0.174848	0.278633	0.032823	-0.105536	-0.232053	-0.092082	-0.038848	0.000000	-0.824013	0.043478	1.388054	-1.711391	-0.492631	-0.031993	0.000000	-0.058799	1.163209	0.357795	0.174597	-0.370476	0.048526	0.004759	1.159526	-0.178622	0.308211	-0.031552	-0.069291	-0.539314	-0.014407	0.483692	-1.248907	-0.266463	0.268473	0.177784	0.000000	1.717706	-3.388783	-2.134886	1.100200	0.452118	-0.895256	0.000000
-0.659432	1.084948	0.936690	-0.043594	-0.011690	-0.012466	0.998903	0.054331	-0.148321	-0.446589	0.813837	-0.341909	-0.003546	-0.006637	-0.184966	-0.282575	0.685852	-0.383293	0.015090	0.163923	0.277688	0.040014	-0.123475	-0.235374	-0.088394	-0.036397	0.000000	-0.799484	-0.005631	1.355763	-1.695715	-0.485356	-0.039146	0.000000	-0.080625	1.115934	0.366984	0.088924	-0.344174	-0.019952	-0.033016	1.130110	-0.201899	0.293219	-0.034715	-0.067486	-0.605737	-0.067876	0.535402	-1.370334	-0.272984	0.410029	0.163494	0.000000	2.284731	-3.172808	-2.920857	0.431105	0.279389	-0.136332	0.000000
-0.658522	1.084320	0.935943	-0.031528	-0.009975	-0.012260	0.999378	0.052283	-0.125483	-0.439146	0.815216	-0.348773	-0.004297	-0.007828	-0.161672	-0.287563	0.692929	-0.384322	0.013431	0.150618	0.275918	0.054239	-0.160349	-0.242972	-0.075680	-0.032308	0.000000	-0.732624	-0.083435	1.271219	-1.694147	-0.481455	-0.037446	0.000000	-0.088426	1.145815	0.378940	0.060847	-0.331168	-0.042470	-0.049918	1.168515	-0.240552	0.335220	-0.042492	-0.073301	-0.755258	-0.038957	0.627985	-1.585728	-0.358737	0.619775	0.151458	0.000000	3.061074	-3.734693	-4.339257	-0.016344	0.064480	-0.183972	0.000000
-0.657586	1.084002	0.935240	-0.019072	-0.008203	-0.012031	0.999712	0.050794	-0.102488	-0.431432	0.816271	-0.355156	-0.005244	-0.008633	-0.138225	-0.292197	0.699261	-0.384993	0.012158	0.133713	0.276130	0.065134	-0.186904	-0.249723	-0.063603	-0.030339	0.000000	-0.677041	-0.155018	1.182193	-1.696369	-0.482776	-0.046505	0.000000	-0.046767	1.178153	0.500231	0.000486	-0.371094	-0.112832	-0.016893	1.196073	-0.159605	0.313471	-0.027453	-0.112152	-0.833140	0.031521	0.405428	-0.906168	-0.244255	0.466668	0.061329	0.000000	2.009943	-2.873696	-3.236938	-0.029087	0.047740	-0.154563	0.000000
-0.657336	1.083588	0.934669	-0.006013	-0.005685	-0.012382	0.999889	0.050413	-0.078357	-0.419137	0.815235	-0.363617	-0.008810	-0.008504	-0.113829	-0.293947	0.705468	-0.385420	0.008945	0.117293	0.277179	0.070456	-0.196596	-0.252743	-0.057014	-0.029855	0.000000	-0.652226	-0.198382	1.141742	-1.695311	-0.479546	-0.043628	0.000000	-0.095655	1.186715	0.598171	-0.075991	-0.405388	-0.127543	-0.074039	1.202964	-0.096576	0.283478	-0.035803	-0.110056	-0.874092	0.063093	0.278002	-0.497154	-0.177152	0.388169	0.018866	0.000000	1.455107	-2.249097	-2.371326	-0.137687	0.070202	0.187387	0.000000
-0.657648	1.082191	0.934142	0.006763	-0.003867	-0.011768	0.999901	0.046967	-0.055020	-0.407505	0.813231	-0.371371	-0.010346	-0.011595	-0.090107	-0.296060	0.710600	-0.386425	0.007756	0.098749	0.278654	0.076254	-0.206790	-0.256810	-0.048076	-0.029584	0.000000	-0.618837	-0.244982	1.087340	-1.701876	-0.479968	-0.039009	0.000000	-0.139775	1.105387	0.552629	-0.141273	-0.339598	-0.070762	-0.123941	1.111296	-0.112493	0.227033	-0.040986	-0.068192	-0.996813	0.154031	0.359499	-0.616037	-0.313146	0.625350	-0.004623	0.000000	2.369183	-2.799330	-3.946424	-0.996420	-0.418974	0.309243	0.000000
-0.657939	1.081480	0.933912	0.017885	-0.002583	-0.011239	0.999774	0.044822	-0.034141	-0.397032	0.809584	-0.377201	-0.011641	-0.013462	-0.069377	-0.298447	0.714549	-0.387059	0.006217	0.077420	0.283340	0.084836	-0.221238	-0.265269	-0.032000	-0.030040	0.000000	-0.557459	-0.310356	0.983885	-1.735167	-0.496304	-0.031259	0.000000	-0.067298	1.082278	0.466269	-0.193544	-0.268755	-0.107399	-0.055211	1.086671	-0.178678	0.157215	0.026312	-0.071437	-1.086831	0.229898	0.367726	-0.639946	-0.364444	0.681441	-0.050792	0.000000	2.551232	-2.800675	-4.535841	-1.552063	-0.818087	0.171213	0.000000
-0.658041	1.081154	0.933877	0.030281	-0.002281	-0.011122	0.999477	0.044275	-0.011729	-0.388854	0.805489	-0.382121	-0.014642	-0.013803	-0.046640	-0.303207	0.716888	-0.385372	0.004898	0.055276	0.287850	0.090963	-0.232388	-0.271387	-0.020819	-0.031616	0.000000	-0.516787	-0.357009	0.905906	-1.763959	-0.512692	-0.032161	0.000000	-0.021120	1.167642	0.384452	-0.215638	-0.212058	-0.141984	-0.010684	1.159280	-0.267962	0.094454	0.092275	-0.074330	-1.081571	0.219968	0.279460	-0.504359	-0.248042	0.460388	-0.096245	0.000000	1.513848	-2.307462	-3.487921	-1.310241	-0.578777	0.121989	0.000000
-0.658100	1.080962	0.933919	0.043564	-0.002515	-0.010981	0.998987	0.043977	0.012565	-0.381654	0.800959	-0.385683	-0.017320	-0.013889	-0.023006	-0.309165	0.718327	-0.383368	0.003244	0.034157	0.292139	0.096014	-0.241412	-0.275190	-0.013584	-0.033889	0.000000	-0.496905	-0.402654	0.844368	-1.787577	-0.519456	-0.026379	0.000000	-0.008490	1.228419	0.333358	-0.220409	-0.152239	-0.125025	-0.004362	1.221987	-0.302467	0.029612	0.119844	-0.079075	-1.006881	0.232650	0.271564	-0.487639	-0.160542	0.327761	-0.131243	0.000000	0.834757	-2.401521	-3.371300	-1.290119	-0.303206	0.281258	0.000000
-0.658028	1.080774	0.934083	0.057435	-0.003054	-0.010915	0.998285	0.043936	0.037408	-0.375520	0.796673	-0.388211	-0.019643	-0.013978	0.002240	-0.315306	0.718073	-0.380578	0.001735	0.015001	0.297156	0.101825	-0.251893	-0.277809	-0.007708	-0.036865	0.000000	-0.483397	-0.453070	0.771054	-1.815563	-0.524820	-0.020911	0.000000	0.020657	1.255815	0.276128	-0.213125	-0.115640	-0.117169	0.012048	1.280167	-0.329941	-0.036280	0.166984	-0.058630	-0.907789	0.253801	0.318597	-0.513598	-0.090837	0.278554	-0.121822	0.000000	0.523543	-2.629309	-3.829917	-1.477379	-0.175279	0.345894	0.000000
-0.657856	1.080732	0.934370	0.071769	-0.004082	-0.011114	0.997351	0.044803	0.062797	-0.370609	0.792434	-0.390309	-0.022007	-0.013407	0.028201	-0.322363	0.716876	-0.376689	0.000899	-0.002154	0.302291	0.108758	-0.261956	-0.278824	-0.002442	-0.038762	0.000000	-0.475963	-0.507826	0.691171	-1.846672	-0.526467	-0.012543	0.000000	0.046822	1.317325	0.267662	-0.226943	-0.122451	-0.122820	0.022397	1.351684	-0.355884	-0.068323	0.213578	-0.024341	-0.794553	0.245770	0.360132	-0.461417	-0.003303	0.255521	-0.045285	0.000000	0.275595	-2.754163	-4.120211	-1.616770	-0.033942	0.501805	0.000000
-0.657930	1.080725	0.934695	0.086953	-0.005211	-0.011336	0.996134	0.045809	0.090101	-0.364813	0.787595	-0.393109	-0.024556	-0.013082	0.056307	-0.329541	0.715340	-0.372035	0.000762	-0.016781	0.306987	0.116231	-0.270350	-0.277941	0.002513	-0.038677	0.000000	-0.472373	-0.563237	0.606246	-1.880234	-0.526178	-0.000838	0.000000	0.034309	1.374027	0.312268	-0.255592	-0.124314	-0.119449	-0.003471	1.396883	-0.330734	-0.091824	0.230438	-0.014010	-0.697112	0.223193	0.362385	-0.445330	0.069113	0.211556	0.028702	0.000000	0.115634	-2.713627	-4.336687	-1.710781	0.022531	0.645305	0.000000
-0.657888	1.080684	0.935121	0.101905	-0.006014	-0.011276	0.994712	0.046176	0.117758	-0.358118	0.782210	-0.395281	-0.026785	-0.013546	0.084076	-0.335592	0.713203	-0.367471	0.000339	-0.030039	0.311219	0.123253	-0.279769	-0.276059	0.006020	-0.037614	0.000000	-0.471338	-0.616371	0.517704	-1.915103	-0.525566	0.013269	0.000000	0.022701	1.383663	0.326505	-0.280394	-0.075338	-0.117270	-0.018897	1.355576	-0.284349	-0.155495	0.246485	-0.049784	-0.636135	0.180019	0.336824	-0.487401	0.099671	0.133926	0.074055	0.000000	-0.020471	-2.586131	-4.567616	-1.707602	0.043997	0.672842	0.000000
-0.657526	1.080777	0.935711	0.116550	-0.006833	-0.011199	0.993098	0.046717	0.145448	-0.351753	0.776379	-0.396123	-0.029247	-0.013838	0.110530	-0.340915	0.709120	-0.362176	-0.001230	-0.042227	0.314187	0.129704	-0.289846	-0.273954	0.007870	-0.035715	0.000000	-0.473192	-0.666682	0.423541	-1.948538	-0.524418	0.026075	0.000000	0.045811	1.382845	0.332005	-0.301099	-0.046477	-0.113468	-0.007292	1.331439	-0.250395	-0.218183	0.280061	0.019366	-0.555420	0.092454	0.321139	-0.562324	0.092745	0.024402	0.116746	0.000000	-0.178365	-2.524824	-4.749496	-1.652646	0.184377	0.712042	0.000000
-0.657285	1.081112	0.936364	0.130997	-0.007649	-0.011315	0.991289	0.048008	0.173072	-0.344838	0.770166	-0.397141	-0.031324	-0.013838	0.137333	-0.345608	0.704476	-0.356269	0.001113	-0.052255	0.314917	0.136099	-0.302262	-0.272349	0.006996	-0.032944	0.000000	-0.478473	-0.717364	0.327724	-1.981209	-0.518190	0.041751	0.000000	0.078222	1.426715	0.390368	-0.313424	-0.095415	-0.100485	0.005142	1.385154	-0.212396	-0.227270	0.284836	0.099753	-0.421877	-0.000385	0.326387	-0.728932	0.021241	-0.143485	0.140468	0.000000	-0.299624	-2.473237	-4.715837	-1.685065	0.399122	0.972603	0.000000
-0.657380	1.081709	0.936842	0.146110	-0.008227	-0.011504	0.989167	0.049846	0.202516	-0.336139	0.763843	-0.399939	-0.033266	-0.013632	0.165936	-0.349411	0.700029	-0.350782	0.002760	-0.059102	0.314172	0.142759	-0.319003	-0.273105	0.002130	-0.030096	0.000000	-0.485177	-0.765611	0.234908	-2.015941	-0.508453	0.064979	0.000000	0.074722	1.408340	0.409761	-0.308853	-0.121906	-0.090614	-0.010302	1.375869	-0.195295	-0.210023	0.278372	0.075778	-0.331927	-0.048252	0.346430	-0.985504	-0.137202	-0.380313	0.118989	0.000000	-0.316793	-2.287029	-4.538617	-1.762944	0.493450	1.318245	0.000000
-0.657142	1.081956	0.937319	0.159742	-0.008683	-0.011536	0.987053	0.050997	0.229406	-0.328447	0.757812	-0.402017	-0.034948	-0.014250	0.192368	-0.353420	0.696075	-0.345134	0.004144	-0.065533	0.312987	0.149956	-0.341682	-0.277837	-0.008216	-0.028185	0.000000	-0.491144	-0.808846	0.146179	-2.051727	-0.498452	0.094480	0.000000	0.051424	1.306160	0.325762	-0.297536	-0.071812	-0.077959	-0.032822	1.245655	-0.250529	-0.188293	0.310309	0.073073	-0.324407	-0.049294	0.376357	-1.229072	-0.353846	-0.631814	0.064915	0.000000	-0.312468	-2.035019	-4.338695	-1.813811	0.487205	1.604776	0.000000
-0.656530	1.082181	0.937862	0.172607	-0.009662	-0.011458	0.984877	0.051903	0.254763	-0.323108	0.751941	-0.402812	-0.036384	-0.014945	0.215762	-0.359432	0.692498	-0.338370	0.005683	-0.072078	0.312200	0.157813	-0.368166	-0.287259	-0.023142	-0.027499	0.000000	-0.497676	-0.847012	0.061360	-2.088493	-0.488965	0.129171	0.000000	0.049670	1.199580	0.227595	-0.272092	-0.018634	-0.078605	-0.033818	1.130813	-0.312056	-0.160795	0.352763	0.079635	-0.329643	-0.016581	0.425348	-1.342073	-0.548600	-0.821769	0.024556	0.000000	-0.357511	-1.780036	-4.191873	-1.820087	0.476495	1.773829	0.000000
-0.655788	1.082472	0.938449	0.184074	-0.010778	-0.011453	0.982787	0.052984	0.277389	-0.319344	0.746928	-0.402762	-0.038092	-0.015603	0.237601	-0.365902	0.689643	-0.331024	0.007330	-0.078718	0.312323	0.166970	-0.395365	-0.299781	-0.041087	-0.027203	0.000000	-0.505445	-0.880047	-0.021496	-2.124531	-0.479393	0.165434	0.000000	0.056994	1.048196	0.144909	-0.212669	0.024035	-0.054836	-0.022644	0.992421	-0.312362	-0.141594	0.355113	0.079129	-0.321744	0.035883	0.497192	-1.301842	-0.669937	-0.932782	0.012099	0.000000	-0.359572	-1.519071	-4.075811	-1.716840	0.482329	1.760930	0.000000
-0.655074	1.082988	0.938996	0.193844	-0.011986	-0.011470	0.980892	0.054182	0.296690	-0.317312	0.743434	-0.401850	-0.038578	-0.015851	0.255459	-0.371927	0.686834	-0.324166	0.008849	-0.084948	0.313636	0.177701	-0.420240	-0.314056	-0.060453	-0.027015	0.000000	-0.512059	-0.907775	-0.101672	-2.157167	-0.469672	0.199608	0.000000	0.050302	0.880730	0.080870	-0.134856	0.048624	-0.011092	-0.020002	0.821258	-0.268130	-0.138372	0.314332	0.101778	-0.293645	0.099839	0.507041	-1.100038	-0.664297	-0.881415	-0.017345	0.000000	-0.269042	-1.192302	-3.605194	-1.455289	0.443502	1.522417	0.000000
-0.654546	1.083537	0.939459	0.202026	-0.012978	-0.011365	0.979228	0.054996	0.312618	-0.316109	0.741534	-0.400817	-0.038536	-0.016403	0.270451	-0.376627	0.684108	-0.318450	0.011401	-0.090464	0.316317	0.187252	-0.439367	-0.326353	-0.076344	-0.027896	0.000000	-0.516207	-0.927739	-0.165703	-2.182742	-0.461653	0.226330	0.000000	0.024154	0.722829	0.056802	-0.075968	0.050358	0.015673	-0.042720	0.687232	-0.198225	-0.131233	0.244199	0.135161	-0.276816	0.141520	0.402091	-0.778685	-0.502000	-0.642657	-0.061687	0.000000	-0.298092	-0.876974	-2.661234	-1.108009	0.398549	1.087097	0.000000
-0.654235	1.084018	0.939788	0.208513	-0.013647	-0.011032	0.977862	0.055148	0.325604	-0.315040	0.740396	-0.399836	-0.037951	-0.017560	0.282949	-0.379856	0.681585	-0.314398	0.014255	-0.096020	0.319296	0.193785	-0.451387	-0.334136	-0.086160	-0.029483	0.000000	-0.523982	-0.942854	-0.208122	-2.201487	-0.453730	0.243092	0.000000	0.001706	0.546062	0.049768	-0.048327	0.056065	0.034038	-0.058014	0.538479	-0.120458	-0.125213	0.172237	0.132779	-0.284295	0.172917	0.334124	-0.567649	-0.397773	-0.459833	-0.093200	0.000000	-0.405732	-0.800349	-2.086798	-1.031500	0.411094	0.916767	0.000000
-0.653918	1.084388	0.940072	0.212978	-0.013955	-0.010679	0.976899	0.055064	0.334461	-0.314118	0.739601	-0.398575	-0.037175	-0.018723	0.291990	-0.381445	0.679099	-0.311561	0.016712	-0.101836	0.323234	0.200617	-0.462073	-0.342264	-0.094737	-0.031624	0.000000	-0.532436	-0.959753	-0.249175	-2.224002	-0.445209	0.263001	0.000000	-0.021316	0.401150	-0.003794	-0.030050	0.086349	0.046912	-0.065130	0.393491	-0.110644	-0.113115	0.153933	0.103932	-0.254104	0.205830	0.338010	-0.456652	-0.409095	-0.367092	-0.108842	0.000000	-0.338617	-0.807853	-1.908875	-1.185125	0.370143	1.067140	0.000000
-0.653304	1.084569	0.940387	0.216564	-0.014542	-0.010183	0.976107	0.054296	0.341650	-0.315191	0.739194	-0.396382	-0.036074	-0.020165	0.298688	-0.384281	0.677060	-0.308240	0.018412	-0.106185	0.327530	0.207305	-0.469653	-0.350500	-0.100843	-0.033836	0.000000	-0.537527	-0.975168	-0.284477	-2.248892	-0.438924	0.285777	0.000000	-0.055127	0.292064	-0.098416	-0.004837	0.110837	0.060099	-0.078063	0.261549	-0.155673	-0.086389	0.152823	0.075178	-0.197271	0.221857	0.321792	-0.289956	-0.405450	-0.228897	-0.113954	0.000000	-0.118664	-0.686347	-1.572485	-1.278299	0.225357	1.193678	0.000000
-0.652546	1.084510	0.940618	0.218453	-0.015140	-0.009714	0.975682	0.052859	0.346143	-0.318055	0.739407	-0.394141	-0.034771	-0.021846	0.302452	-0.387672	0.675644	-0.305448	0.019719	-0.109727	0.332108	0.213488	-0.473671	-0.358482	-0.103893	-0.036183	0.000000	-0.537182	-0.987207	-0.312075	-2.275134	-0.436195	0.310748	0.000000	-0.086117	0.141166	-0.175556	0.022492	0.121803	0.060345	-0.087807	0.102835	-0.168183	-0.057074	0.124054	0.055660	-0.174768	0.230985	0.303976	-0.138185	-0.382213	-0.099315	-0.110797	0.000000	0.164786	-0.510530	-1.196802	-1.306915	0.055192	1.284365	0.000000
-0.651666	1.084233	0.940804	0.219186	-0.015745	-0.009177	0.975513	0.050851	0.347296	-0.322214	0.740093	-0.391510	-0.033661	-0.023677	0.302802	-0.391009	0.674777	-0.303278	0.020639	-0.113175	0.336769	0.219464	-0.475181	-0.365788	-0.104816	-0.038268	0.000000	-0.530936	-0.995589	-0.332349	-2.301169	-0.436716	0.337152	0.000000	-0.089093	0.001918	-0.176603	0.037706	0.112633	0.048141	-0.080153	-0.018624	-0.127219	-0.021595	0.080486	0.033307	-0.141620	0.237376	0.294688	-0.063390	-0.347053	-0.031246	-0.098356	0.000000	0.446229	-0.282815	-0.866733	-1.242852	-0.095890	1.286925	0.000000
-0.650924	1.084012	0.940935	0.218523	-0.016158	-0.008485	0.975661	0.049295	0.346220	-0.325119	0.740916	-0.389636	-0.032845	-0.025052	0.301707	-0.392761	0.674780	-0.302228	0.021051	-0.115392	0.341603	0.225276	-0.476206	-0.372364	-0.105143	-0.040117	0.000000	-0.519333	-0.998520	-0.346744	-2.324848	-0.440030	0.362225	0.000000	-0.089286	-0.119394	-0.159852	0.039813	0.106081	0.044937	-0.070268	-0.132184	-0.077887	0.001675	0.046101	0.019127	-0.096818	0.242537	0.273835	-0.040287	-0.310445	-0.006246	-0.093264	0.000000	0.681674	-0.023925	-0.609285	-1.112139	-0.205489	1.202463	0.000000
-0.650124	1.083713	0.941046	0.216393	-0.016306	-0.007789	0.976139	0.047280	0.342521	-0.328608	0.741686	-0.387267	-0.031863	-0.026488	0.297514	-0.394124	0.674844	-0.301434	0.021404	-0.117048	0.346470	0.230418	-0.476792	-0.378206	-0.105066	-0.041999	0.000000	-0.503669	-0.996546	-0.356720	-2.345654	-0.444936	0.385250	0.000000	-0.090760	-0.186524	-0.148385	0.061607	0.074577	0.049906	-0.063930	-0.209557	-0.043825	0.017501	-0.005213	0.019194	-0.029581	0.395443	0.328942	0.088181	-0.478065	0.082243	-0.178401	0.000000	1.519534	0.538257	-0.815439	-1.581860	-0.426344	1.793927	0.000000
-0.649923	1.083631	0.940850	0.214838	-0.016353	-0.007380	0.976485	0.045665	0.338759	-0.331054	0.743380	-0.386653	-0.030849	-0.027609	0.293325	-0.394514	0.675480	-0.302437	0.021819	-0.116575	0.357421	0.238434	-0.472679	-0.391487	-0.101853	-0.047253	0.000000	-0.458552	-0.976989	-0.379362	-2.388123	-0.457084	0.433982	0.000000	-0.067159	-0.232862	-0.104836	0.064860	0.032166	0.033990	-0.045604	-0.217891	0.008261	0.030689	-0.055076	0.004745	0.068976	0.552823	0.358942	0.272041	-0.704311	0.185787	-0.289662	0.000000	2.649055	1.365171	-1.458358	-2.081335	-0.579622	2.392346	0.000000
-0.649579	1.083474	0.940790	0.211888	-0.016034	-0.006852	0.977139	0.044593	0.333206	-0.332801	0.744280	-0.385980	-0.030504	-0.028312	0.288799	-0.393794	0.676072	-0.303637	0.021594	-0.114289	0.368583	0.244775	-0.465911	-0.406379	-0.097634	-0.053585	0.000000	-0.397706	-0.941939	-0.415055	-2.428908	-0.468121	0.480944	0.000000	-0.059219	-0.335003	-0.104728	0.058870	0.046135	0.026026	-0.024318	-0.329333	0.051623	0.028472	-0.066705	-0.017721	0.152910	0.463510	0.223837	0.277851	-0.597458	0.172516	-0.276711	0.000000	2.791297	1.640530	-1.413736	-1.740396	-0.483595	1.956087	0.000000
-0.649204	1.083201	0.940712	0.207927	-0.015689	-0.006513	0.977997	0.043296	0.325359	-0.335243	0.745735	-0.384807	-0.029808	-0.028582	0.280152	-0.392449	0.676619	-0.305105	0.021110	-0.110458	0.375961	0.247387	-0.461565	-0.415385	-0.094952	-0.058321	0.000000	-0.346900	-0.911368	-0.435911	-2.457738	-0.476428	0.512226	0.000000	-0.064759	-0.425620	-0.135563	0.090775	0.070475	0.043996	-0.014077	-0.443432	0.077910	0.031295	-0.081906	-0.033415	0.220675	0.309546	0.065814	0.177050	-0.358425	0.110890	-0.212205	0.000000	2.289762	1.464488	-0.651392	-1.291162	-0.391959	1.346862	0.000000
-0.648789	1.082849	0.940622	0.203264	-0.015234	-0.006244	0.978986	0.042003	0.316181	-0.338224	0.747911	-0.383161	-0.028744	-0.028875	0.271061	-0.390677	0.677323	-0.306913	0.020257	-0.105462	0.380965	0.247408	-0.458829	-0.420716	-0.093199	-0.062073	0.000000	-0.306116	-0.883360	-0.441110	-2.480554	-0.483799	0.534819	0.000000	-0.058178	-0.514924	-0.155476	0.127073	0.076081	0.068819	-0.004728	-0.505758	0.116197	0.035331	-0.104712	-0.046365	0.281983	0.203361	-0.048745	0.115066	-0.228454	0.062441	-0.170978	0.000000	1.814153	1.329501	0.059395	-1.025409	-0.317946	1.008983	0.000000
-0.648544	1.082569	0.940495	0.197402	-0.014666	-0.006094	0.980194	0.040969	0.304762	-0.341462	0.750818	-0.381764	-0.027055	-0.028771	0.259921	-0.387801	0.678032	-0.309294	0.019256	-0.099179	0.384096	0.245437	-0.456962	-0.424524	-0.092455	-0.065160	0.000000	-0.274334	-0.858188	-0.433535	-2.498755	-0.489146	0.552585	0.000000	-0.049411	-0.611617	-0.174353	0.156517	0.072506	0.082231	0.011399	-0.602299	0.157689	0.032426	-0.141255	-0.051345	0.341161	0.130205	-0.137818	0.082211	-0.144450	0.019415	-0.142146	0.000000	1.364405	1.195669	0.742467	-0.782788	-0.234317	0.777049	0.000000
-0.648279	1.082297	0.940272	0.190637	-0.014075	-0.006008	0.981541	0.040027	0.291717	-0.345198	0.754172	-0.380261	-0.025455	-0.028419	0.246969	-0.384370	0.678621	-0.312564	0.018203	-0.091815	0.386173	0.241895	-0.455540	-0.426494	-0.092422	-0.067759	0.000000	-0.251540	-0.835533	-0.411412	-2.511866	-0.493172	0.565901	0.000000	-0.036319	-0.720692	-0.205152	0.185598	0.080488	0.088802	0.031037	-0.706364	0.188240	0.029483	-0.161833	-0.053335	0.380488	0.075836	-0.213916	0.080635	-0.047716	-0.007371	-0.118784	0.000000	0.895622	1.121798	1.515079	-0.535262	-0.165550	0.563498	0.000000
-0.647879	1.082058	0.940078	0.182450	-0.013366	-0.006110	0.983105	0.039516	0.275934	-0.349669	0.758241	-0.378545	-0.023503	-0.027529	0.231667	-0.380272	0.679211	-0.315767	0.017122	-0.083960	0.387129	0.236881	-0.453737	-0.426432	-0.092750	-0.069912	0.000000	-0.238509	-0.813316	-0.372932	-2.520165	-0.495768	0.575125	0.000000	-0.029916	-0.858094	-0.239861	0.216670	0.094326	0.099110	0.044624	-0.839693	0.225842	0.028832	-0.178082	-0.053558	0.411209	0.013869	-0.272791	0.054499	0.030787	-0.036020	-0.102346	0.000000	0.391972	1.017506	2.207798	-0.267881	-0.081760	0.354992	0.000000
-0.647499	1.081691	0.939845	0.172822	-0.012569	-0.006235	0.984853	0.038830	0.257393	-0.354792	0.762839	-0.376488	-0.021490	-0.026634	0.213382	-0.375336	0.679774	-0.319687	0.016061	-0.075367	0.386728	0.230983	-0.453360	-0.425262	-0.093863	-0.071853	0.000000	-0.235861	-0.794833	-0.323100	-2.522581	-0.496442	0.580100	0.000000	-0.024679	-0.962288	-0.266187	0.244921	0.102687	0.110135	0.051909	-0.942528	0.257328	0.026587	-0.202417	-0.044634	0.457849	-0.053599	-0.317955	0.016837	0.080336	-0.062381	-0.086568	0.000000	-0.110561	0.819348	2.802573	0.000483	0.032701	0.175329	0.000000
-0.647081	1.081415	0.939559	0.162399	-0.011707	-0.006494	0.986634	0.038529	0.237443	-0.360316	0.768038	-0.374437	-0.019097	-0.025453	0.193966	-0.369979	0.680275	-0.323864	0.015337	-0.065646	0.384985	0.224162	-0.453064	-0.423219	-0.095245	-0.073375	0.000000	-0.242931	-0.780542	-0.260829	-2.520146	-0.494460	0.582138	0.000000	-0.013613	-1.061371	-0.291345	0.268444	0.110902	0.119744	0.061815	-1.040263	0.284760	0.025856	-0.217029	-0.030749	0.496138	-0.120980	-0.368338	-0.019390	0.124729	-0.104217	-0.056778	0.000000	-0.681540	0.660013	3.635531	0.274658	0.253963	0.019263	0.000000
-0.646706	1.081124	0.939273	0.150552	-0.010822	-0.006822	0.988519	0.038285	0.214938	-0.366446	0.773576	-0.372052	-0.016700	-0.024162	0.171771	-0.363946	0.680808	-0.328368	0.014831	-0.055522	0.381889	0.216250	-0.454136	-0.420273	-0.098032	-0.074124	0.000000	-0.263122	-0.768432	-0.177678	-2.511595	-0.486284	0.580871	0.000000	-0.007240	-1.177208	-0.314213	0.280482	0.129686	0.118617	0.065883	-1.145607	0.312880	0.026874	-0.229325	-0.026468	0.515606	-0.161120	-0.385175	-0.107543	0.149545	-0.173735	-0.017227	0.000000	-1.226624	0.553863	4.338169	0.531316	0.506896	-0.146304	0.000000
-0.646360	1.080922	0.938966	0.137603	-0.009903	-0.007193	0.990412	0.038239	0.190354	-0.372885	0.779258	-0.369250	-0.014353	-0.022818	0.148141	-0.357463	0.681350	-0.333037	0.014278	-0.045021	0.378540	0.208755	-0.457365	-0.417237	-0.102194	-0.074064	0.000000	-0.291996	-0.758388	-0.087302	-2.498893	-0.474184	0.576286	0.000000	0.003813	-1.260455	-0.324517	0.281823	0.137734	0.113892	0.067130	-1.205958	0.330632	0.025569	-0.242539	-0.019157	0.547612	-0.165330	-0.387733	-0.150988	0.156603	-0.217682	0.015657	0.000000	-1.681055	0.452647	4.694201	0.714225	0.742558	-0.306797	0.000000
-0.645950	1.080791	0.938593	0.124000	-0.008956	-0.007616	0.992213	0.038438	0.164520	-0.379427	0.784849	-0.366542	-0.012145	-0.021476	0.123533	-0.350721	0.681831	-0.338069	0.014065	-0.033617	0.375276	0.200741	-0.460175	-0.414009	-0.106739	-0.073498	0.000000	-0.330365	-0.750327	0.010090	-2.483026	-0.456581	0.568599	0.000000	0.015445	-1.439112	-0.337888	0.332256	0.127874	0.130266	0.073349	-1.395406	0.418031	0.003980	-0.309861	0.014008	0.559557	-0.137034	-0.387312	-0.227075	0.179305	-0.284485	0.017039	0.000000	-2.116624	0.294521	4.852737	1.044911	1.224438	-0.717583	0.000000
-0.645791	1.080887	0.938149	0.107936	-0.007501	-0.008010	0.994097	0.038857	0.132790	-0.386400	0.792548	-0.364135	-0.009142	-0.019884	0.092325	-0.340742	0.681509	-0.345431	0.014839	-0.022639	0.373059	0.193263	-0.466448	-0.410065	-0.113574	-0.073382	0.000000	-0.376661	-0.746607	0.106807	-2.457097	-0.425206	0.547583	0.000000	0.018725	-1.488141	-0.326457	0.289503	0.126684	0.099015	0.065516	-1.449927	0.432786	-0.021456	-0.299951	0.042892	0.588366	-0.116907	-0.437340	-0.232416	0.217067	-0.305636	-0.002885	0.000000	-2.819672	0.290149	5.576429	1.276875	1.843186	-1.256651	0.000000
-0.645479	1.080767	0.937841	0.092987	-0.006692	-0.008418	0.995609	0.039187	0.104994	-0.392485	0.796430	-0.361475	-0.008184	-0.018856	0.065536	-0.333409	0.680973	-0.350068	0.015780	-0.010082	0.370599	0.183247	-0.469472	-0.405326	-0.118964	-0.073613	0.000000	-0.443151	-0.738721	0.233147	-2.431951	-0.382854	0.518333	0.000000	0.008480	-1.405868	-0.290904	0.190198	0.130216	0.039459	0.035926	-1.342520	0.378693	-0.021732	-0.241183	0.051932	0.633264	-0.096646	-0.506256	-0.112376	0.265533	-0.241040	-0.016877	0.000000	-3.577666	0.525284	6.537599	1.074922	2.068896	-1.162350	0.000000
-0.645266	1.080593	0.937484	0.077770	-0.005707	-0.008684	0.996917	0.039196	0.076555	-0.398036	0.800156	-0.358926	-0.007564	-0.018447	0.038624	-0.325594	0.680640	-0.355078	0.016916	0.002692	0.369193	0.173013	-0.470943	-0.399443	-0.123215	-0.074057	0.000000	-0.519768	-0.725595	0.368311	-2.414100	-0.342450	0.501089	0.000000	0.009902	-1.442256	-0.269937	0.183861	0.135730	0.024471	0.023550	-1.357878	0.400607	-0.016306	-0.246680	0.046379	0.659046	-0.065769	-0.495161	-0.051707	0.325074	-0.210207	-0.028207	0.000000	-3.993368	0.882649	6.776950	0.920641	2.043883	-0.801057	0.000000
-0.645043	1.080735	0.937199	0.062353	-0.004611	-0.008895	0.998004	0.039583	0.047304	-0.403282	0.803784	-0.356046	-0.007205	-0.017914	0.011221	-0.317385	0.680320	-0.359935	0.017635	0.016279	0.367969	0.163441	-0.471540	-0.392323	-0.127373	-0.074742	0.000000	-0.602886	-0.703415	0.504225	-2.395125	-0.301099	0.486291	0.000000	0.012607	-1.529036	-0.218252	0.198281	0.122847	0.034736	0.017185	-1.471916	0.502149	-0.052327	-0.295223	0.052063	0.696640	-0.019754	-0.477541	0.000001	0.413762	-0.248605	-0.059138	0.000000	-4.389380	1.246209	6.631055	1.307207	2.497902	-1.171584	0.000000
-0.645307	1.080969	0.936883	0.046268	-0.002854	-0.008925	0.998885	0.039701	0.015394	-0.406766	0.808087	-0.354012	-0.006174	-0.017759	-0.020252	-0.305508	0.678547	-0.366887	0.018998	0.030557	0.368403	0.153911	-0.470943	-0.382893	-0.133159	-0.076423	0.000000	-0.695343	-0.675747	0.633553	-2.361812	-0.242534	0.454225	0.000000	0.016335	-1.534723	-0.166546	0.155447	0.106164	0.032229	0.009595	-1.492989	0.561554	-0.104405	-0.307914	0.058871	0.736093	0.015579	-0.499498	0.172719	0.454351	-0.258289	-0.068554	0.000000	-4.837590	1.757757	6.749275	1.662743	3.048051	-1.740780	0.000000
-0.645462	1.081225	0.936696	0.030832	-0.001580	-0.009101	0.999482	0.040236	-0.014085	-0.409944	0.810002	-0.351799	-0.005916	-0.017530	-0.048499	-0.294923	0.676144	-0.372251	0.019990	0.045723	0.368592	0.143461	-0.464632	-0.374149	-0.137704	-0.077484	0.000000	-0.796390	-0.633104	0.774196	-2.328615	-0.179177	0.416659	0.000000	0.037718	-1.388713	-0.162847	0.067750	0.107846	-0.004216	0.020389	-1.353774	0.478758	-0.115204	-0.229677	0.032737	0.814475	0.004299	-0.532749	0.447056	0.422981	-0.154664	-0.051011	0.000000	-4.775973	2.264324	6.717704	1.458925	2.940225	-1.676769	0.000000
-0.645449	1.081397	0.936587	0.016571	-0.000731	-0.009471	0.999818	0.041209	-0.040155	-0.413280	0.810797	-0.349698	-0.006343	-0.016944	-0.074403	-0.286358	0.673939	-0.376074	0.020308	0.063136	0.368575	0.132601	-0.453061	-0.365974	-0.139346	-0.078463	0.000000	-0.886382	-0.585174	0.902261	-2.303455	-0.124925	0.387154	0.000000	0.055305	-1.326564	-0.182463	0.029315	0.129454	-0.033786	0.030329	-1.325303	0.423314	-0.126022	-0.178549	0.022028	0.818001	0.020197	-0.538985	0.575546	0.436686	-0.070952	-0.057080	0.000000	-4.314731	2.539881	6.003921	1.134545	2.410324	-1.221200	0.000000
-0.645285	1.081915	0.936622	0.002091	-0.000057	-0.009695	0.999951	0.042449	-0.067148	-0.417243	0.811174	-0.346621	-0.007268	-0.016317	-0.101511	-0.277990	0.671103	-0.379393	0.020871	0.078443	0.369400	0.121901	-0.441610	-0.356682	-0.140542	-0.079767	0.000000	-0.968979	-0.531509	1.014353	-2.283234	-0.082764	0.367811	0.000000	0.077610	-1.517420	-0.227960	0.021470	0.217185	-0.054168	0.032063	-1.495590	0.487858	-0.211631	-0.148651	0.043254	0.702138	0.071894	-0.499110	0.473221	0.512993	-0.137166	-0.096096	0.000000	-4.056467	2.723923	5.149983	1.240247	2.163706	-1.034632	0.000000
-0.645042	1.082747	0.936960	-0.014856	0.000719	-0.009942	0.999840	0.044314	-0.100852	-0.422399	0.811656	-0.341011	-0.008510	-0.015661	-0.134227	-0.266844	0.665473	-0.382021	0.022038	0.091222	0.371451	0.112637	-0.434132	-0.345454	-0.144833	-0.082307	0.000000	-1.048641	-0.476217	1.108261	-2.253845	-0.038377	0.345769	0.000000	0.048923	-1.275487	-0.091538	-0.062366	0.173712	-0.023310	0.000314	-1.259022	0.519592	-0.279747	-0.095402	0.076766	0.879730	0.065662	-0.524658	0.541943	0.545805	-0.314208	-0.157017	0.000000	-3.694726	3.023439	4.614594	1.651889	2.097044	-1.243833	0.000000
-0.645872	1.082121	0.937367	-0.024139	0.001390	-0.010321	0.999654	0.044406	-0.118167	-0.420904	0.808680	-0.339673	-0.008200	-0.016304	-0.151872	-0.257206	0.659913	-0.383209	0.023942	0.113632	0.372026	0.100915	-0.419932	-0.334849	-0.153111	-0.086048	0.000000	-1.116768	-0.410571	1.198936	-2.217158	0.001118	0.318058	0.000000	0.069115	-1.146408	-0.134086	-0.134151	0.205181	-0.034284	0.016521	-1.142968	0.387336	-0.272536	-0.001777	0.075527	0.932465	-0.038125	-0.535389	0.649223	0.452194	-0.500947	-0.165195	0.000000	-2.838633	3.303050	4.339334	1.861686	1.328321	-1.323518	0.000000
-0.645517	1.082787	0.938026	-0.038940	0.000679	-0.010817	0.999183	0.047078	-0.146708	-0.427762	0.806290	-0.332804	-0.009881	-0.015000	-0.179946	-0.251350	0.654572	-0.382092	0.025059	0.128520	0.369926	0.091221	-0.408163	-0.327366	-0.164870	-0.088915	0.000000	-1.162186	-0.344095	1.281834	-2.179377	0.014756	0.292828	0.000000	0.168773	-1.278163	-0.348719	-0.131153	0.319880	-0.091618	0.105580	-1.268962	0.209353	-0.242780	0.094113	0.060954	0.817377	-0.113405	-0.524724	0.790089	0.334763	-0.461417	-0.175257	0.000000	-2.040514	3.196646	3.816917	1.890266	0.313712	-1.177592	0.000000
-0.645179	1.083589	0.938733	-0.050871	-0.000599	-0.011793	0.998636	0.051157	-0.169294	-0.434853	0.803434	-0.326877	-0.011865	-0.012081	-0.202630	-0.248832	0.650202	-0.379445	0.026380	0.146327	0.367490	0.079926	-0.388328	-0.321459	-0.171567	-0.093058	0.000000	-1.198389	-0.282706	1.351613	-2.141547	0.013667	0.270954	0.000000	0.243287	-1.135795	-0.419161	-0.150792	0.331132	-0.120718	0.183876	-1.139876	0.038044	-0.172059	0.158305	-0.042317	0.845940	-0.100921	-0.445335	0.715057	0.304277	-0.483580	-0.179466	0.000000	-1.678750	2.836633	3.109747	1.870555	-0.233212	-0.946110	0.000000
-0.644722	1.084842	0.939527	-0.063245	-0.002665	-0.013028	0.997910	0.056810	-0.192140	-0.444528	0.800258	-0.319558	-0.014710	-0.007645	-0.225541	-0.249829	0.647690	-0.375759	0.023366	0.162358	0.365889	0.073408	-0.379561	-0.315195	-0.184214	-0.096093	0.000000	-1.229336	-0.230630	1.406224	-2.104555	0.005427	0.254984	0.000000	0.315511	-1.246101	-0.525360	-0.151959	0.363097	-0.162438	0.237579	-1.244570	-0.027588	-0.153911	0.160847	-0.073839	0.729648	-0.064586	-0.280379	0.364446	0.397793	-0.700499	-0.129574	0.000000	-1.633495	2.417351	2.547452	2.024078	-0.352763	-0.610773	0.000000
-0.644632	1.086468	0.940220	-0.077912	-0.005010	-0.014447	0.996843	0.063777	-0.219138	-0.455867	0.797355	-0.312353	-0.018362	-0.002578	-0.252413	-0.249936	0.644046	-0.373011	0.023427	0.175513	0.364907	0.068711	-0.373751	-0.305547	-0.199587	-0.098241	0.000000	-1.263728	-0.186012	1.453511	-2.060584	-0.000444	0.246524	0.000000	0.331549	-1.135800	-0.509863	-0.162300	0.324143	-0.154304	0.250502	-1.133239	-0.065438	-0.155436	0.180583	0.015759	0.709560	-0.095387	-0.355751	0.423561	0.518870	-0.818802	-0.165480	0.000000	-1.515532	2.473706	2.479666	2.670729	-0.523185	-0.593945	0.000000
-0.645053	1.087274	0.941001	-0.087621	-0.007643	-0.016045	0.995996	0.070072	-0.237572	-0.464923	0.793766	-0.306593	-0.020882	0.002375	-0.270870	-0.252446	0.641472	-0.368536	0.023997	0.190740	0.362073	0.059178	-0.362619	-0.294440	-0.216966	-0.102713	0.000000	-1.289957	-0.131682	1.505411	-1.997726	-0.015500	0.231226	0.000000	0.288376	-0.853618	-0.389475	-0.188667	0.257556	-0.107169	0.226106	-0.857221	-0.107635	-0.099537	0.206365	0.012043	0.747446	-0.127494	-0.493965	0.515875	0.525359	-0.850302	-0.256314	0.000000	-1.088023	2.539613	2.222759	3.152254	-0.851922	-1.004852	0.000000
-0.645462	1.087868	0.941670	-0.096201	-0.009607	-0.017418	0.995163	0.075312	-0.253282	-0.471446	0.789809	-0.302051	-0.022649	0.006466	-0.286702	-0.254241	0.640064	-0.364756	0.023908	0.205411	0.359807	0.048952	-0.353116	-0.284533	-0.233599	-0.108493	0.000000	-1.307249	-0.084427	1.542421	-1.934494	-0.034521	0.206329	0.000000	0.250732	-0.891750	-0.358196	-0.162275	0.261944	-0.079025	0.180600	-0.890949	-0.052729	-0.074612	0.159409	-0.004842	0.592896	-0.121771	-0.534344	0.671318	0.457054	-0.610801	-0.154929	0.000000	-1.177174	2.217044	1.631755	3.250903	-0.624547	-1.079410	0.000000
-0.645577	1.088556	0.942259	-0.106794	-0.011143	-0.018404	0.994048	0.080101	-0.273242	-0.479251	0.787275	-0.296115	-0.024043	0.009599	-0.306508	-0.254555	0.638488	-0.362160	0.023803	0.214456	0.357202	0.037804	-0.335766	-0.276158	-0.241398	-0.108910	0.000000	-1.337044	-0.043000	1.570681	-1.867690	-0.040482	0.188050	0.000000	0.215021	-0.963321	-0.376286	-0.103712	0.288954	-0.068657	0.133027	-0.964337	-0.006562	-0.073224	0.102155	-0.011355	0.372756	-0.120488	-0.532920	0.727993	0.383164	-0.316473	0.160429	0.000000	-1.578137	2.081616	0.709462	3.533459	-0.092317	-0.511270	0.000000
-0.645778	1.089265	0.942697	-0.116383	-0.012425	-0.018927	0.992946	0.083913	-0.291815	-0.486498	0.785660	-0.290493	-0.025395	0.011787	-0.325276	-0.254504	0.637135	-0.360670	0.023454	0.220321	0.354987	0.027635	-0.323996	-0.269206	-0.246258	-0.102076	0.000000	-1.370375	-0.001162	1.570800	-1.793156	-0.038213	0.185879	0.000000	0.171143	-0.860956	-0.330995	-0.071633	0.263583	-0.072837	0.092811	-0.868715	0.006684	-0.054026	0.056934	-0.018811	0.208549	-0.064129	-0.664678	0.502025	0.346217	-0.302072	0.349683	0.000000	-1.529586	2.424363	0.002977	4.394436	0.080725	0.121729	0.000000
-0.646017	1.090130	0.943043	-0.124499	-0.013409	-0.019077	0.991946	0.086947	-0.307680	-0.492491	0.784410	-0.285572	-0.026956	0.013311	-0.341257	-0.254288	0.636327	-0.359882	0.023051	0.222798	0.354637	0.011217	-0.315685	-0.262309	-0.253481	-0.094922	0.000000	-1.398228	0.053975	1.570800	-1.691912	-0.037253	0.192919	0.000000	0.127742	-0.779617	-0.288115	-0.051381	0.237116	-0.081009	0.048374	-0.772864	0.018763	-0.024045	0.000525	-0.026300	-0.034618	0.080983	-0.909804	0.448456	0.332522	-0.257985	0.277173	0.000000	-1.308045	2.958843	0.000000	5.436712	0.158283	0.578529	0.000000
-0.646375	1.091329	0.943213	-0.132326	-0.014222	-0.018614	0.990930	0.089023	-0.323000	-0.498023	0.783605	-0.281008	-0.028636	0.013722	-0.356190	-0.253753	0.636173	-0.360649	0.022402	0.218937	0.358227	-0.008757	-0.306058	-0.255905	-0.256578	-0.090989	0.000000	-1.422697	0.117191	1.570800	-1.575687	-0.031882	0.209020	0.000000	0.078334	-0.736768	-0.268271	-0.030909	0.229052	-0.079327	-0.001852	-0.728507	0.028787	-0.005692	-0.053763	-0.028305	-0.273216	0.202144	-0.972879	0.475365	0.246290	-0.047973	0.099618	0.000000	-1.115775	2.950234	0.000000	5.559561	0.393191	0.875990	0.000000
-0.646716	1.092434	0.943309	-0.139588	-0.014952	-0.017793	0.989937	0.090080	-0.337151	-0.503221	0.783173	-0.276410	-0.030129	0.013237	-0.370397	-0.253136	0.636099	-0.362033	0.021918	0.211869	0.362723	-0.027698	-0.296670	-0.252458	-0.255399	-0.090938	0.000000	-1.442859	0.171984	1.570800	-1.469530	-0.021525	0.227958	0.000000	0.084881	-0.643996	-0.251958	0.009106	0.189040	-0.028544	0.013573	-0.640225	0.040308	-0.012061	-0.043201	-0.000676	-0.187844	0.191923	-0.891412	0.418571	0.141000	0.110732	-0.019058	0.000000	-0.864953	2.540637	0.000000	5.401930	0.553689	0.952488	0.000000
-0.647070	1.092743	0.943351	-0.145754	-0.015462	-0.018171	0.989033	0.092418	-0.348760	-0.508101	0.783969	-0.273447	-0.029777	0.014265	-0.381799	-0.252141	0.635691	-0.362377	0.022375	0.211423	0.365904	-0.044413	-0.289315	-0.250265	-0.252148	-0.091752	0.000000	-1.457295	0.218817	1.570800	-1.359610	-0.009735	0.247119	0.000000	0.181279	-0.565898	-0.277413	0.059608	0.134784	0.040463	0.119592	-0.575579	0.034702	-0.038207	0.027651	0.036911	0.140557	0.057845	-0.716960	0.211516	0.093956	0.074689	-0.004820	0.000000	-0.377011	2.029788	0.000000	5.540043	0.445013	0.820487	0.000000
-0.647378	1.092834	0.943460	-0.151917	-0.016086	-0.019824	0.988064	0.097331	-0.359787	-0.514318	0.785558	-0.271018	-0.028511	0.018021	-0.393420	-0.251748	0.634571	-0.360927	0.023395	0.217492	0.365037	-0.056377	-0.288210	-0.248700	-0.252412	-0.091130	0.000000	-1.457939	0.253176	1.570800	-1.247928	-0.003725	0.260778	0.000000	0.147784	-0.495141	-0.121732	0.094871	0.116546	0.090293	0.091836	-0.506920	0.190062	-0.057217	0.061951	0.045637	0.520547	-0.142454	-0.510268	-0.236288	0.233902	-0.107040	-0.060159	0.000000	0.418124	1.427531	0.000000	5.868533	-0.035771	0.051004	0.000000
-0.647499	1.092999	0.943736	-0.156524	-0.014170	-0.020303	0.987364	0.098329	-0.368565	-0.512970	0.787764	-0.268785	-0.026166	0.017939	-0.402076	-0.244538	0.633402	-0.359899	0.024201	0.232245	0.360205	-0.064824	-0.298766	-0.240909	-0.256430	-0.094158	0.000000	-1.440570	0.275918	1.570800	-1.124869	-0.011165	0.249160	0.000000	0.073831	-0.428350	-0.001687	0.091624	0.087563	0.097477	0.020965	-0.413733	0.275358	-0.054532	0.028663	0.012419	0.449916	-0.196490	-0.393803	-0.324390	0.266674	-0.091841	-0.138445	0.000000	0.393438	0.840425	0.000000	5.093107	-0.090298	-0.597250	0.000000
-0.647786	1.093419	0.943816	-0.161052	-0.013499	-0.020803	0.986634	0.100285	-0.376921	-0.514385	0.789223	-0.267516	-0.024612	0.018859	-0.409970	-0.240734	0.632389	-0.359780	0.023892	0.235488	0.357177	-0.072129	-0.301185	-0.238033	-0.256086	-0.096668	0.000000	-1.442202	0.286793	1.570800	-1.044204	-0.007337	0.236888	0.000000	0.114491	-0.409876	-0.108825	0.068744	0.079911	0.066458	0.062399	-0.385512	0.150447	-0.057334	0.014454	0.013727	0.133700	-0.171408	-0.341059	-0.144956	0.090062	0.000297	-0.112776	0.000000	-0.202736	0.376195	0.000000	4.130557	0.387843	-0.705821	0.000000
-0.647946	1.093999	0.943905	-0.165337	-0.013322	-0.021383	0.985915	0.102909	-0.384960	-0.517323	0.790514	-0.265588	-0.023507	0.020435	-0.417496	-0.238521	0.631109	-0.359321	0.024750	0.237593	0.353349	-0.078466	-0.304565	-0.237307	-0.256418	-0.098669	0.000000	-1.448679	0.290966	1.570800	-0.959646	0.004348	0.220927	0.000000	0.130406	-0.374570	-0.161396	0.056204	0.099085	0.040347	0.079814	-0.346608	0.072443	-0.050665	0.028143	0.027750	0.086275	-0.188203	-0.290165	-0.108015	0.004660	0.028037	-0.107307	0.000000	-0.177428	0.010075	-0.011691	3.996629	0.495925	-0.819024	0.000000
-0.647928	1.094507	0.943962	-0.169095	-0.013430	-0.021945	0.985264	0.105501	-0.391903	-0.520841	0.791471	-0.263552	-0.022998	0.022052	-0.423834	-0.237836	0.630363	-0.358655	0.025002	0.238939	0.349649	-0.083735	-0.305506	-0.237846	-0.254964	-0.100961	0.000000	-1.449299	0.287196	1.570332	-0.884339	0.012500	0.204127	0.000000	0.130509	-0.335892	-0.179484	0.048831	0.094017	0.020706	0.082979	-0.307404	0.028235	-0.042839	0.030854	0.029472	0.052299	-0.226767	-0.280688	0.128397	-0.102233	0.230496	-0.140416	0.000000	0.110927	-0.274166	-0.388619	3.933698	0.249648	-0.962692	0.000000
-0.647816	1.094959	0.943991	-0.172484	-0.013574	-0.022543	0.984661	0.108129	-0.398396	-0.524503	0.792467	-0.261828	-0.022679	0.023754	-0.429793	-0.237391	0.629395	-0.358087	0.025929	0.239685	0.344278	-0.089694	-0.299429	-0.241396	-0.247198	-0.104286	0.000000	-1.444242	0.279999	1.555255	-0.802299	0.014334	0.182419	0.000000	0.111640	-0.267050	-0.154957	0.042501	0.070155	0.018096	0.072739	-0.232869	0.021941	-0.048231	0.026102	0.050261	0.021851	-0.288136	-0.275259	0.427523	-0.239985	0.516095	-0.187145	0.000000	0.167978	-0.447863	-1.088822	3.920479	0.028909	-1.080170	0.000000
-0.647675	1.095175	0.943973	-0.174733	-0.013664	-0.023045	0.984251	0.109966	-0.402585	-0.527040	0.793171	-0.260746	-0.022274	0.024962	-0.433149	-0.236959	0.628434	-0.357611	0.027012	0.239813	0.338124	-0.094746	-0.288405	-0.247446	-0.234320	-0.108446	0.000000	-1.442580	0.269281	1.526779	-0.727520	0.013657	0.160920	0.000000	0.071720	-0.157396	-0.094771	0.047539	0.039725	0.036640	0.046279	-0.126266	0.042939	-0.058074	0.016440	0.060349	0.002127	-0.290352	-0.217067	0.601599	-0.333862	0.769782	-0.229584	0.000000	-0.011158	-0.658377	-1.628155	3.550056	-0.093116	-1.093635	0.000000
-0.647679	1.095240	0.943961	-0.175824	-0.013575	-0.023381	0.984050	0.110998	-0.404692	-0.528293	0.794369	-0.260239	-0.021214	0.025605	-0.434843	-0.235674	0.627072	-0.357429	0.028343	0.239770	0.332664	-0.098377	-0.275365	-0.254751	-0.216407	-0.113469	0.000000	-1.444689	0.253664	1.490129	-0.660296	0.010610	0.138674	0.000000	0.018908	-0.042327	-0.019236	0.043598	0.003570	0.050484	0.009188	-0.014018	0.064416	-0.061259	0.010312	0.054662	-0.017472	-0.279164	-0.098412	0.483552	-0.382367	0.806220	-0.181949	0.000000	-0.146291	-0.878796	-1.800087	3.048998	-0.214110	-1.017162	0.000000
-0.647607	1.094998	0.943962	-0.175733	-0.013405	-0.023484	0.984066	0.110723	-0.404278	-0.527809	0.794915	-0.260603	-0.020255	0.025329	-0.433709	-0.234382	0.625983	-0.357198	0.029199	0.239115	0.326957	-0.098682	-0.269063	-0.262740	-0.202072	-0.115724	0.000000	-1.448431	0.234129	1.454776	-0.605560	0.005092	0.120234	0.000000	-0.039132	0.074632	0.069596	0.028330	-0.041417	0.046091	-0.031947	0.101659	0.084959	-0.052807	-0.008474	0.056778	-0.069068	-0.204001	0.026960	0.174002	-0.283891	0.518947	-0.060954	0.000000	-0.204125	-0.951338	-1.405394	2.158946	-0.250129	-0.754339	0.000000
-0.647629	1.094585	0.943904	-0.174166	-0.012795	-0.023481	0.984353	0.109433	-0.401707	-0.525510	0.795502	-0.261895	-0.019370	0.024327	-0.430777	-0.232275	0.624960	-0.357768	0.030614	0.237007	0.324504	-0.097298	-0.268405	-0.266106	-0.195649	-0.115907	0.000000	-1.452854	0.215611	1.433913	-0.573938	0.000604	0.108500	0.000000	-0.067687	0.124951	0.135060	0.015053	-0.061926	0.028215	-0.053560	0.140719	0.135094	-0.075723	-0.023512	0.068019	-0.132923	-0.116054	0.143511	-0.057765	-0.164318	0.390359	0.003008	0.000000	-0.409859	-1.383341	-1.349747	2.164347	-0.304603	-0.814043	0.000000
-0.647588	1.094197	0.943909	-0.173132	-0.012140	-0.023349	0.984547	0.108015	-0.399280	-0.522407	0.795517	-0.263080	-0.019126	0.023187	-0.428081	-0.228978	0.622954	-0.358139	0.031919	0.233798	0.322315	-0.092942	-0.271373	-0.269313	-0.186457	-0.115604	0.000000	-1.464826	0.178796	1.400786	-0.518986	-0.007092	0.087672	0.000000	-0.069497	0.149119	0.155503	0.003730	-0.060849	0.018295	-0.050733	0.156946	0.139744	-0.078458	-0.011485	0.019920	-0.196023	-0.080664	0.234041	-0.210470	-0.129381	0.384731	0.029896	0.000000	-0.571319	-1.799785	-1.539025	2.555292	-0.387680	-0.941859	0.000000
-0.647511	1.093771	0.943887	-0.170813	-0.011236	-0.023317	0.984964	0.106653	-0.395742	-0.519289	0.795651	-0.264329	-0.018638	0.022298	-0.424499	-0.226685	0.621822	-0.358228	0.031410	0.229166	0.321278	-0.087936	-0.276823	-0.271282	-0.180260	-0.114711	0.000000	-1.475706	0.143619	1.372352	-0.471727	-0.014903	0.070826	0.000000	-0.069682	0.206517	0.160651	0.004946	-0.062438	0.014967	-0.044084	0.217892	0.103161	-0.054090	0.000229	0.011906	-0.250582	-0.043607	0.245371	-0.277933	-0.097194	0.282473	0.040542	0.000000	-0.516477	-1.687339	-1.304504	2.228896	-0.397488	-0.755113	0.000000
-0.647390	1.093400	0.943910	-0.168167	-0.010557	-0.023254	0.985428	0.105228	-0.391020	-0.515981	0.795715	-0.265578	-0.018527	0.021423	-0.419365	-0.224852	0.620791	-0.358129	0.032396	0.223774	0.320571	-0.083127	-0.282491	-0.273201	-0.175158	-0.113982	0.000000	-1.485485	0.111302	1.348606	-0.429830	-0.022991	0.057467	0.000000	-0.106694	0.335934	0.209498	-0.000405	-0.097874	0.013050	-0.063325	0.345748	0.074585	-0.029913	-0.004318	0.012198	-0.293770	0.026118	0.549272	-1.294798	0.144792	-0.475078	0.164411	0.000000	-0.604326	-1.747849	-1.009390	2.201594	-0.323131	-0.675619	0.000000
-0.647277	1.092750	0.943822	-0.163366	-0.009791	-0.022905	0.986251	0.102385	-0.382304	-0.510909	0.795635	-0.268244	-0.018116	0.019765	-0.410669	-0.223702	0.620625	-0.358400	0.031898	0.217415	0.322322	-0.065966	-0.328615	-0.265490	-0.199263	-0.108135	0.000000	-1.499879	0.073705	1.331977	-0.383663	-0.027828	0.043801	0.000000	-0.109838	0.437866	0.220782	0.002892	-0.121577	0.028669	-0.050857	0.429574	0.019310	0.003721	0.010037	-0.019622	-0.300540	0.086330	0.589880	-1.495903	0.298230	-0.802732	0.216959	0.000000	-0.606114	-1.564200	-0.585687	1.874103	-0.151527	-0.534768	0.000000
-0.647059	1.092180	0.943789	-0.158487	-0.009275	-0.023002	0.987050	0.100834	-0.373505	-0.507149	0.795830	-0.270441	-0.017381	0.019389	-0.402182	-0.224079	0.620940	-0.357728	0.031611	0.211753	0.324024	-0.059532	-0.342327	-0.261272	-0.207267	-0.105304	0.000000	-1.509729	0.048734	1.325178	-0.354866	-0.029052	0.036077	0.000000	-0.103595	0.501109	0.220226	0.001927	-0.127719	0.036143	-0.036661	0.486490	-0.020274	0.023261	0.020305	-0.015699	-0.316110	0.115965	0.263429	-0.547473	0.224725	-0.347361	0.093171	0.000000	-0.486970	-1.330197	-0.297791	1.406311	-0.053335	-0.375156	0.000000
-0.646952	1.091557	0.943726	-0.152437	-0.008719	-0.022764	0.988012	0.098241	-0.362260	-0.502100	0.795712	-0.273353	-0.016670	0.018298	-0.391209	-0.224513	0.621556	-0.357588	0.031270	0.204771	0.326961	-0.055428	-0.350514	-0.256501	-0.213157	-0.104408	0.000000	-1.519358	0.020497	1.320065	-0.327411	-0.029961	0.028795	0.000000	-0.123902	0.584441	0.238038	-0.010774	-0.142602	0.042702	-0.046180	0.568192	-0.054993	0.040427	0.012974	-0.034439	-0.337078	0.181874	0.243232	-0.358345	0.310286	-0.297549	0.059611	0.000000	-0.493181	-1.496096	-0.279355	1.390630	-0.094048	-0.372041	0.000000
-0.646864	1.090837	0.943635	-0.145740	-0.008494	-0.022625	0.989028	0.095878	-0.350127	-0.497628	0.795399	-0.276145	-0.015673	0.017542	-0.379454	-0.226279	0.622557	-0.357209	0.030233	0.198270	0.331299	-0.049803	-0.356661	-0.248860	-0.219169	-0.102919	0.000000	-1.529456	-0.011110	1.314004	-0.299241	-0.032814	0.021195	0.000000	-0.107007	0.664515	0.217584	-0.008866	-0.146466	0.052213	-0.020823	0.635555	-0.123660	0.063130	0.032800	-0.056000	-0.305742	0.226931	0.284632	-0.216718	0.413813	-0.254087	0.082863	0.000000	-0.516462	-1.627771	-0.271991	1.391463	-0.152899	-0.373481	0.000000
-0.646730	1.090213	0.943557	-0.137844	-0.008418	-0.022633	0.990160	0.093961	-0.335679	-0.493397	0.795357	-0.279212	-0.014582	0.017465	-0.365787	-0.229459	0.624081	-0.356276	0.029030	0.192541	0.336038	-0.044043	-0.359183	-0.239948	-0.223321	-0.101094	0.000000	-1.540017	-0.044614	1.309185	-0.271752	-0.036077	0.013855	0.000000	-0.094463	0.758725	0.218017	-0.005908	-0.154933	0.051580	-0.000857	0.728196	-0.175833	0.092022	0.060435	-0.069759	-0.275576	0.215820	0.299146	-0.086164	0.452502	-0.188246	0.112670	0.000000	-0.526041	-1.694238	-0.169197	1.343947	-0.151235	-0.352086	0.000000
-0.646545	1.089554	0.943563	-0.129258	-0.008341	-0.022700	0.991316	0.092100	-0.319778	-0.488907	0.795163	-0.282342	-0.013609	0.017508	-0.350326	-0.233313	0.626238	-0.354792	0.027443	0.187247	0.339932	-0.037837	-0.360107	-0.230760	-0.226699	-0.098413	0.000000	-1.550498	-0.078879	1.307236	-0.245483	-0.038864	0.007112	0.000000	-0.103097	0.836493	0.234880	-0.015178	-0.162059	0.048452	-0.006741	0.814763	-0.204477	0.116363	0.075641	-0.078568	-0.253015	0.157855	0.308153	-0.033072	0.443953	-0.164399	0.152452	0.000000	-0.510117	-1.729954	-0.011623	1.277933	-0.124491	-0.316659	0.000000
-0.646288	1.088640	0.943507	-0.120031	-0.008264	-0.022761	0.992475	0.089837	-0.302220	-0.484002	0.794750	-0.285694	-0.012644	0.017196	-0.333197	-0.237638	0.628736	-0.353250	0.025888	0.182421	0.342352	-0.031717	-0.360506	-0.222190	-0.229897	-0.094996	0.000000	-1.560421	-0.113812	1.308720	-0.220635	-0.041057	0.001189	0.000000	-0.104820	0.893576	0.231369	-0.034218	-0.154316	0.038392	-0.009546	0.870261	-0.241057	0.134102	0.082631	-0.086655	-0.293796	0.094539	0.319006	-0.085514	0.413274	-0.200494	0.189957	0.000000	-0.471666	-1.756828	0.191227	1.208340	-0.089047	-0.273185	0.000000
-0.645879	1.088290	0.943505	-0.110940	-0.008359	-0.022592	0.993535	0.087907	-0.284035	-0.479652	0.793794	-0.288515	-0.012074	0.017126	-0.315516	-0.242955	0.631602	-0.351486	0.023977	0.175495	0.343713	-0.025076	-0.363528	-0.214229	-0.234719	-0.090814	0.000000	-1.569365	-0.149153	1.314885	-0.197149	-0.042426	-0.003816	0.000000	-0.083677	0.839701	0.190368	-0.050505	-0.126377	0.015960	-0.000244	0.820823	-0.267487	0.142013	0.081296	-0.079425	-0.355044	0.049987	0.349596	-0.180186	0.386355	-0.268259	0.232290	0.000000	-0.427788	-1.762923	0.328705	1.136408	-0.111508	-0.234966	0.000000
-0.645435	1.087903	0.943490	-0.103034	-0.008592	-0.022542	0.994385	0.086490	-0.268632	-0.476387	0.792730	-0.290749	-0.012005	0.017186	-0.300364	-0.248338	0.634416	-0.349999	0.022711	0.168219	0.344352	-0.017733	-0.367713	-0.206736	-0.240627	-0.085704	0.000000	-1.577533	-0.184329	1.321869	-0.175178	-0.045517	-0.008210	0.000000	-0.064451	0.813068	0.160494	-0.042397	-0.131519	0.008603	0.011513	0.791279	-0.270060	0.118291	0.077391	-0.048713	-0.337729	0.030111	0.333500	-0.079910	0.346233	-0.212694	0.233946	0.000000	-0.393596	-1.761787	0.256294	1.068779	-0.227741	-0.204220	0.000000
-0.645070	1.087320	0.943405	-0.093949	-0.008985	-0.022701	0.995278	0.085329	-0.251513	-0.473233	0.792099	-0.293776	-0.011730	0.017586	-0.283865	-0.253757	0.636333	-0.348391	0.022028	0.161986	0.344918	-0.011736	-0.366724	-0.200380	-0.243227	-0.081457	0.000000	-1.585109	-0.219624	1.325137	-0.154398	-0.051535	-0.011985	0.000000	-0.059785	0.889541	0.169889	-0.039783	-0.163632	0.014792	0.016851	0.864905	-0.275156	0.098489	0.079524	-0.039941	-0.308584	0.027253	0.287770	0.113492	0.295740	-0.083946	0.199566	0.000000	-0.352377	-1.763822	0.170320	1.001894	-0.319077	-0.175102	0.000000
-0.644758	1.086801	0.943297	-0.084402	-0.009386	-0.022793	0.996127	0.084099	-0.233050	-0.469592	0.791139	-0.297295	-0.011414	0.017860	-0.265768	-0.259344	0.638356	-0.346818	0.021113	0.155876	0.345442	-0.006222	-0.363174	-0.194906	-0.243985	-0.077721	0.000000	-1.591628	-0.254882	1.328681	-0.135103	-0.058280	-0.015214	0.000000	-0.057726	1.024017	0.213170	-0.078864	-0.199889	-0.017432	0.021409	0.996687	-0.311849	0.119840	0.102246	-0.067190	-0.297338	0.033832	0.250161	0.237468	0.251003	0.012510	0.160397	0.000000	-0.312385	-1.771563	0.242874	0.940695	-0.330451	-0.182837	0.000000
-0.644287	1.086262	0.943220	-0.073352	-0.009800	-0.023015	0.996992	0.083020	-0.210552	-0.464706	0.788944	-0.301771	-0.012427	0.018443	-0.243997	-0.266231	0.641127	-0.344301	0.019340	0.150092	0.346271	-0.001730	-0.357225	-0.190340	-0.242726	-0.075041	0.000000	-1.597604	-0.290487	1.334852	-0.116770	-0.064753	-0.019298	0.000000	-0.049138	1.027907	0.215744	-0.106280	-0.194575	-0.053104	0.021493	0.993508	-0.327956	0.127138	0.103030	-0.060121	-0.311233	0.062828	0.218080	0.352516	0.229090	0.116430	0.107873	0.000000	-0.285232	-1.782607	0.333023	0.900891	-0.351625	-0.227825	0.000000
-0.643855	1.085953	0.943116	-0.063762	-0.010295	-0.023020	0.997647	0.082133	-0.191934	-0.460962	0.786887	-0.305078	-0.013538	0.018720	-0.226027	-0.272462	0.643441	-0.342696	0.018708	0.143426	0.347955	0.002501	-0.349073	-0.185743	-0.239328	-0.073406	0.000000	-1.603037	-0.326186	1.342002	-0.099067	-0.072345	-0.024327	0.000000	-0.038337	0.943121	0.173267	-0.089903	-0.170975	-0.040163	0.017509	0.926606	-0.314143	0.099821	0.094587	-0.032445	-0.359452	0.102756	0.219736	0.377496	0.230962	0.172584	0.064690	0.000000	-0.243726	-1.795695	0.304994	0.883641	-0.419791	-0.234738	0.000000
-0.643397	1.085635	0.943007	-0.053684	-0.010923	-0.023128	0.998230	0.081487	-0.172827	-0.457775	0.785348	-0.308610	-0.014033	0.019143	-0.206933	-0.278797	0.645120	-0.340517	0.018043	0.135714	0.350381	0.007059	-0.342126	-0.181101	-0.235823	-0.072453	0.000000	-1.607353	-0.362314	1.347052	-0.081425	-0.081545	-0.028688	0.000000	-0.027698	0.991192	0.170185	-0.087307	-0.191236	-0.035415	0.023632	0.995943	-0.334115	0.094004	0.114733	-0.030034	-0.391324	0.147790	0.231729	0.322516	0.236852	0.192112	0.025213	0.000000	-0.167888	-1.795559	0.223067	0.871470	-0.495212	-0.182474	0.000000
-0.642929	1.085477	0.942842	-0.042875	-0.011585	-0.023223	0.998743	0.081025	-0.152286	-0.454154	0.783395	-0.312727	-0.014954	0.019665	-0.186190	-0.285827	0.647201	-0.338107	0.017507	0.127773	0.353867	0.011770	-0.336172	-0.176269	-0.231643	-0.072398	0.000000	-1.609753	-0.398008	1.350925	-0.064208	-0.092154	-0.031626	0.000000	-0.028201	1.104714	0.193883	-0.134897	-0.212575	-0.086247	0.026679	1.091722	-0.400920	0.131561	0.131257	-0.059443	-0.412742	0.179198	0.211542	0.348571	0.226641	0.284461	-0.028789	0.000000	-0.079319	-1.776296	0.266051	0.863327	-0.520972	-0.158408	0.000000
-0.642078	1.085236	0.942675	-0.030857	-0.012416	-0.023265	0.999176	0.080358	-0.128639	-0.450020	0.779952	-0.317113	-0.017483	0.020210	-0.163264	-0.294834	0.650382	-0.335267	0.015665	0.119204	0.357549	0.015521	-0.328183	-0.172036	-0.224445	-0.073605	0.000000	-1.610526	-0.433366	1.357694	-0.046892	-0.102384	-0.035024	0.000000	-0.014336	1.139310	0.155488	-0.149910	-0.186863	-0.129586	0.038264	1.110583	-0.477842	0.176170	0.154424	-0.096515	-0.451157	0.146279	0.206553	0.262328	0.158271	0.303168	-0.047546	0.000000	-0.095907	-1.710402	0.266680	0.808353	-0.580360	-0.202132	0.000000
-0.641121	1.085322	0.942510	-0.019800	-0.013546	-0.023405	0.999438	0.080452	-0.106714	-0.447935	0.777399	-0.320201	-0.020138	0.021196	-0.141766	-0.304941	0.654248	-0.331930	0.013646	0.109727	0.359718	0.020032	-0.325679	-0.169938	-0.219517	-0.074300	0.000000	-1.613589	-0.466424	1.361592	-0.031874	-0.115368	-0.039711	0.000000	0.005421	1.031745	0.133982	-0.068998	-0.179853	-0.092266	0.040901	1.022269	-0.401329	0.153489	0.122094	-0.056385	-0.425523	0.110546	0.290774	-0.063516	0.105800	0.135834	-0.014203	0.000000	-0.130999	-1.675332	0.049955	0.772127	-0.737638	-0.174751	0.000000
-0.640630	1.085549	0.942250	-0.009063	-0.013820	-0.023496	0.999587	0.080575	-0.087369	-0.444661	0.777192	-0.324307	-0.021174	0.021846	-0.122373	-0.310887	0.656522	-0.330383	0.013410	0.102183	0.361971	0.027152	-0.330723	-0.167804	-0.219011	-0.074173	0.000000	-1.615766	-0.500379	1.359692	-0.016006	-0.131889	-0.042014	0.000000	0.021073	1.119749	0.177377	-0.040203	-0.209791	-0.084548	0.049760	1.110538	-0.350962	0.119974	0.123838	-0.017521	-0.346142	0.114238	0.393668	-0.298500	0.108313	-0.012970	0.029591	0.000000	0.152797	-1.884688	0.266123	0.792938	-0.628531	-0.097455	0.000000
-0.639923	1.085810	0.942066	0.003714	-0.014460	-0.023889	0.999603	0.081295	-0.061924	-0.440840	0.775791	-0.328593	-0.023520	0.023186	-0.097345	-0.318979	0.659047	-0.326977	0.012945	0.095881	0.364287	0.035779	-0.337619	-0.165605	-0.220035	-0.073116	0.000000	-1.607477	-0.541812	1.372237	-0.000157	-0.140510	-0.043609	0.000000	0.021395	1.144486	0.123382	-0.067186	-0.164241	-0.110272	0.049822	1.114037	-0.412983	0.110075	0.161126	-0.016370	-0.340699	0.108059	0.440226	-0.339239	0.100899	-0.044570	0.058686	0.000000	0.548097	-2.299187	0.838608	0.400155	-0.271985	-0.102657	0.000000
-0.639127	1.086291	0.941983	0.014294	-0.015633	-0.023752	0.999494	0.081431	-0.041589	-0.439725	0.774505	-0.330877	-0.025585	0.023839	-0.077812	-0.327406	0.660925	-0.323938	0.012755	0.088555	0.366293	0.044761	-0.344293	-0.163768	-0.220794	-0.071825	0.000000	-1.593842	-0.592347	1.393236	-0.000000	-0.142769	-0.046120	0.000000	0.003281	1.056096	0.086827	-0.026947	-0.120076	-0.074990	0.022894	1.027003	-0.404350	0.131874	0.152373	-0.015666	-0.398523	0.129872	0.615372	-0.371639	0.095381	0.050309	0.066848	0.000000	0.094432	-2.735020	0.126213	0.003915	-0.950597	0.129736	0.000000
-0.638195	1.086437	0.941825	0.025701	-0.016015	-0.023755	0.999259	0.081426	-0.019680	-0.437367	0.774713	-0.333396	-0.026519	0.024102	-0.056265	-0.335153	0.664322	-0.320882	0.012319	0.079940	0.369482	0.060394	-0.352485	-0.161790	-0.218023	-0.070442	0.000000	-1.603700	-0.651213	1.377286	-0.000000	-0.178533	-0.038420	0.000000	-0.002747	0.985330	0.100695	0.008675	-0.111926	-0.034948	0.006907	0.969506	-0.328301	0.097474	0.132579	-0.012333	-0.399218	0.123218	0.596747	-0.293196	0.060992	0.118612	0.057761	0.000000	-0.413477	-2.002186	-0.631446	0.000006	-1.444020	0.298575	0.000000
-0.637616	1.086876	0.941742	0.035735	-0.016620	-0.023503	0.998947	0.081321	-0.002176	-0.435697	0.774852	-0.335354	-0.026983	0.024115	-0.039032	-0.340538	0.664824	-0.318635	0.012261	0.072587	0.371222	0.068631	-0.356021	-0.161328	-0.216050	-0.069515	0.000000	-1.610381	-0.672434	1.367979	-0.000000	-0.200529	-0.034177	0.000000	-0.038868	0.990899	0.139277	0.017440	-0.148876	-0.005244	-0.033433	0.967343	-0.256421	0.018254	0.096291	0.013842	-0.310794	0.107024	0.401701	-0.119075	0.032964	0.098059	0.050633	0.000000	-0.161359	-1.132672	-0.174218	0.000000	-0.856541	0.103982	0.000000
-0.637880	1.086338	0.941472	0.048807	-0.017164	-0.023184	0.998392	0.079871	0.019956	-0.431796	0.775410	-0.339351	-0.026729	0.022764	-0.017571	-0.345410	0.665052	-0.317030	0.012872	0.067509	0.373763	0.076462	-0.357248	-0.160472	-0.214101	-0.068417	0.000000	-1.610154	-0.696519	1.370317	-0.000000	-0.212795	-0.034260	0.000000	-0.172609	1.582441	0.408429	-0.065731	-0.332316	0.015588	-0.178218	1.558785	-0.278706	0.074825	0.096127	0.069060	-0.009590	0.155840	0.360631	0.125638	0.055562	0.161950	0.048445	0.000000	0.038067	-1.264287	0.159377	-0.000000	-0.648068	-0.002390	0.000000
-0.638551	1.084729	0.941185	0.069360	-0.016772	-0.021807	0.997212	0.074417	0.061122	-0.419360	0.772222	-0.348647	-0.026359	0.016987	0.023320	-0.351687	0.667817	-0.314790	0.015024	0.072203	0.377456	0.083056	-0.350995	-0.159106	-0.209572	-0.067577	0.000000	-1.608858	-0.723006	1.374354	-0.000000	-0.226452	-0.034273	0.000000	-0.163653	1.469042	0.422949	-0.118780	-0.300851	0.003729	-0.179221	1.446004	-0.252403	0.092065	0.085035	0.059501	-0.012745	0.219341	0.396636	0.282308	0.111021	0.192658	0.059315	0.000000	-0.020304	-1.404305	0.073349	-0.000000	-0.772691	-0.010811	0.000000
-0.638488	1.085001	0.941147	0.079002	-0.016893	-0.021078	0.996509	0.073325	0.078718	-0.414878	0.770659	-0.351385	-0.026580	0.015596	0.040269	-0.355506	0.668735	-0.313629	0.015252	0.066999	0.382537	0.092327	-0.345955	-0.156031	-0.206394	-0.066044	0.000000	-1.610966	-0.752692	1.373251	-0.000000	-0.243703	-0.034693	0.000000	-0.048655	0.877635	0.199141	-0.053759	-0.171020	-0.036631	-0.067870	0.831038	-0.201628	0.041981	0.075505	0.002148	-0.275408	0.275721	0.518112	0.225738	0.192428	0.131786	0.092319	0.000000	-0.150636	-1.492657	-0.132143	0.000000	-0.890483	-0.019379	0.000000
-0.638282	1.085196	0.941075	0.088341	-0.017124	-0.020392	0.995734	0.072471	0.096227	-0.411395	0.770072	-0.355487	-0.027824	0.014272	0.056561	-0.359752	0.669496	-0.311770	0.015110	0.061187	0.388484	0.103781	-0.341966	-0.151408	-0.204300	-0.063884	0.000000	-1.614884	-0.782712	1.369068	-0.000000	-0.262072	-0.035048	0.000000	-0.029576	0.865695	0.159149	-0.005652	-0.228614	-0.064997	-0.063430	0.818403	-0.221870	0.056259	0.105248	-0.027526	-0.292497	0.312352	0.616002	0.205042	0.271052	0.091113	0.120884	0.000000	-0.168586	-1.475514	-0.187102	-0.000000	-0.890717	-0.013724	0.000000
-0.637948	1.085364	0.941010	0.097279	-0.017295	-0.019838	0.994909	0.072142	0.113345	-0.408512	0.770433	-0.360530	-0.029180	0.013058	0.073005	-0.364381	0.670985	-0.309419	0.014151	0.055299	0.395031	0.116967	-0.337754	-0.145189	-0.202750	-0.061209	0.000000	-1.617710	-0.811712	1.365767	-0.000000	-0.279331	-0.035242	0.000000	-0.016877	0.834374	0.117356	0.059384	-0.245038	-0.074732	-0.059695	0.805988	-0.234513	0.093509	0.110684	-0.060531	-0.298788	0.331235	0.700834	0.241289	0.347006	0.075067	0.148904	0.000000	-0.093648	-1.388158	-0.131074	-0.000000	-0.826541	0.011488	0.000000
-0.637328	1.085567	0.940859	0.105883	-0.017190	-0.019266	0.994043	0.071796	0.129602	-0.406700	0.772447	-0.365289	-0.030814	0.011884	0.088801	-0.369132	0.673236	-0.307343	0.012688	0.049235	0.401734	0.131814	-0.332314	-0.137528	-0.201297	-0.057928	0.000000	-1.618630	-0.838238	1.363825	-0.000000	-0.295133	-0.034588	0.000000	-0.024341	0.774181	0.067424	0.142744	-0.214943	-0.077282	-0.058676	0.751115	-0.232105	0.128193	0.091429	-0.068055	-0.300423	0.326861	0.788187	0.292205	0.409252	0.062415	0.187182	0.000000	-0.011435	-1.233420	-0.096157	0.000000	-0.768282	0.072969	0.000000
-0.636799	1.085687	0.940644	0.113826	-0.016941	-0.018710	0.993180	0.071168	0.144313	-0.405815	0.776143	-0.369128	-0.032271	0.010711	0.103050	-0.373665	0.676113	-0.305762	0.011429	0.043282	0.408105	0.148495	-0.326066	-0.128819	-0.200253	-0.053722	0.000000	-1.618167	-0.861049	1.361921	0.000000	-0.310063	-0.032323	0.000000	-0.027715	0.666803	0.012878	0.223726	-0.227631	-0.027223	-0.052313	0.695201	-0.222220	0.146352	0.070245	-0.048334	-0.293987	0.301414	0.893653	0.298991	0.457162	0.022608	0.242244	0.000000	0.110987	-1.033677	-0.021517	0.000000	-0.676320	0.147541	0.000000
-0.636144	1.085900	0.940362	0.120912	-0.016666	-0.018303	0.992355	0.070687	0.156274	-0.406185	0.781396	-0.374394	-0.031903	0.009791	0.116609	-0.378021	0.679090	-0.304533	0.010755	0.037476	0.413790	0.167560	-0.320355	-0.119242	-0.200393	-0.048238	0.000000	-1.614190	-0.879586	1.362964	0.000000	-0.322186	-0.028687	0.000000	-0.022037	0.521608	-0.043040	0.299738	-0.295900	0.082622	-0.035680	0.647241	-0.209813	0.151266	0.048593	-0.014875	-0.287848	0.251292	1.002246	0.303942	0.492732	-0.017072	0.304548	0.000000	0.333259	-0.846049	0.189179	-0.006490	-0.497115	0.197897	0.000000
-0.635519	1.086070	0.939972	0.127278	-0.016357	-0.018101	0.991567	0.070287	0.165177	-0.407536	0.788132	-0.380964	-0.028966	0.009284	0.128940	-0.382058	0.682164	-0.303818	0.010834	0.031768	0.418157	0.188585	-0.313908	-0.109109	-0.200936	-0.041540	0.000000	-1.604837	-0.894891	1.369488	-0.000260	-0.329947	-0.024407	0.000000	-0.030584	0.213043	-0.085975	0.343564	-0.361897	0.140373	-0.020014	0.574174	-0.193881	0.159092	0.018550	0.025613	-0.281360	0.175446	1.092182	0.342608	0.513155	-0.033102	0.362313	0.000000	0.601599	-0.677460	0.438467	-0.065566	-0.283646	0.241593	0.000000
-0.634852	1.086116	0.939500	0.132916	-0.015927	-0.017997	0.990836	0.069464	0.164796	-0.409624	0.795139	-0.388870	-0.026288	0.008991	0.139576	-0.385776	0.685454	-0.303791	0.011780	0.026221	0.420808	0.211248	-0.306650	-0.098716	-0.201717	-0.033746	0.000000	-1.590126	-0.906684	1.380503	-0.002623	-0.333532	-0.019023	0.000000	-0.072787	-0.351532	-0.120713	0.354645	-0.384681	0.143878	-0.013740	0.494913	-0.160865	0.150998	-0.038844	0.158499	-0.267960	0.080915	1.159728	0.376566	0.515339	-0.040504	0.409679	0.000000	0.841868	-0.480437	0.592273	-0.204428	-0.102116	0.327688	0.000000
-0.634418	1.085894	0.938925	0.138151	-0.015326	-0.017983	0.990129	0.067375	0.151116	-0.412365	0.802318	-0.396351	-0.023211	0.008735	0.148736	-0.388492	0.688203	-0.305372	0.017174	0.021050	0.421394	0.234974	-0.298845	-0.088496	-0.202556	-0.025152	0.000000	-1.571162	-0.914108	1.393179	-0.008437	-0.334032	-0.011300	0.000000	-0.123037	-0.921950	-0.163162	0.355090	-0.317272	0.168720	-0.019711	0.386131	-0.103280	0.139347	-0.097861	0.335006	-0.276137	-0.032395	1.196897	0.391235	0.496082	-0.038274	0.437501	0.000000	1.028529	-0.262268	0.601900	-0.399388	0.021349	0.474963	0.000000
-0.634110	1.085595	0.938292	0.141346	-0.014533	-0.017948	0.989691	0.064542	0.127918	-0.416151	0.809343	-0.401561	-0.019539	0.008202	0.155021	-0.389907	0.691028	-0.307705	0.025180	0.015176	0.419512	0.259123	-0.291001	-0.078872	-0.203248	-0.016246	0.000000	-1.548985	-0.917175	1.404579	-0.018598	-0.332678	-0.000025	0.000000	-0.155649	-1.046872	-0.189836	0.360766	-0.216482	0.232165	-0.066177	0.290047	-0.148392	0.342479	0.042941	-0.216709	-0.324687	-0.179653	1.210172	0.380035	0.456043	-0.024092	0.446648	0.000000	1.195365	-0.047365	0.491744	-0.658018	0.100851	0.680552	0.000000
-0.633958	1.084969	0.937604	0.142012	-0.013749	-0.017682	0.989612	0.061149	0.109241	-0.419958	0.816749	-0.405010	-0.013924	0.006088	0.160338	-0.394428	0.701903	-0.303654	0.008506	0.008062	0.414208	0.283381	-0.283644	-0.070254	-0.203520	-0.007287	0.000000	-1.523348	-0.916003	1.412848	-0.034757	-0.329998	0.015922	0.000000	-0.143036	-0.645589	-0.218798	0.432195	-0.054348	0.410195	-0.077832	0.136236	-0.224966	0.539383	0.030374	-0.660897	-0.366093	-0.374433	1.199282	0.375155	0.394586	0.015603	0.440793	0.000000	1.372862	0.137281	0.304165	-0.966943	0.139909	0.918531	0.000000
-0.633814	1.084447	0.936892	0.141739	-0.012987	-0.017457	0.989665	0.058821	0.102094	-0.424903	0.826630	-0.403735	-0.003131	0.005089	0.160470	-0.398906	0.712603	-0.306490	-0.001256	0.000532	0.404535	0.307095	-0.275995	-0.063089	-0.202624	0.001386	0.000000	-1.494071	-0.911683	1.416746	-0.057276	-0.327082	0.036717	0.000000	-0.097672	-0.209945	-0.326639	0.597340	0.145900	0.550454	-0.037252	-0.116656	-0.261802	0.637811	-0.208863	-0.374474	-0.398098	-1.163329	1.842555	0.478079	0.612377	0.063093	0.553110	0.000000	2.800727	0.052479	-0.715804	-2.523028	-0.059486	2.053601	0.000000
-0.633678	1.083963	0.935678	0.138746	-0.011591	-0.017189	0.990111	0.057242	0.100843	-0.433024	0.840642	-0.399174	0.008094	0.004597	0.155672	-0.404900	0.727415	-0.312009	-0.006473	-0.007862	0.367674	0.357083	-0.264521	-0.045759	-0.200996	0.014838	0.000000	-1.411319	-0.913904	1.384216	-0.135679	-0.332377	0.098066	0.000000	-0.094749	-0.135243	-0.351929	0.556001	0.420842	0.413688	-0.042615	-0.333202	-0.212505	0.603703	-0.267377	-0.099572	-0.382616	-1.822933	1.854502	0.062670	0.631480	0.007508	0.424489	0.000000	3.910753	-0.346112	-2.206177	-3.549023	-0.477437	2.437281	0.000000
-0.633166	1.083112	0.934622	0.134632	-0.010364	-0.016861	0.990698	0.055031	0.096685	-0.438980	0.848870	-0.386901	0.013416	0.003385	0.147142	-0.407406	0.736751	-0.317185	-0.005239	-0.014773	0.331618	0.381275	-0.273488	-0.037830	-0.202324	0.018366	0.000000	-1.337641	-0.925528	1.328498	-0.199237	-0.346179	0.134208	0.000000	-0.122446	-0.276557	-0.278430	0.365184	0.633974	0.173917	-0.081915	-0.452731	-0.131329	0.491732	-0.248692	0.096372	-0.345278	-1.634835	1.010463	-0.441041	0.297532	-0.051681	0.164150	0.000000	3.232017	-0.451811	-2.541387	-2.738492	-0.653502	1.490982	0.000000
-0.632662	1.082021	0.933350	0.129708	-0.009056	-0.016352	0.991376	0.052345	0.089781	-0.444161	0.855250	-0.373815	0.015050	0.001321	0.137563	-0.410153	0.747084	-0.321956	-0.002618	-0.021673	0.302281	0.397501	-0.282162	-0.033858	-0.203064	0.021404	0.000000	-1.282038	-0.931976	1.282561	-0.245218	-0.358517	0.157706	0.000000	-0.134326	-0.454247	-0.285010	0.359970	0.477343	0.003020	-0.109695	-0.526883	-0.282845	0.758009	-0.263198	0.123606	-0.362010	-2.590666	0.970004	-1.152189	0.245208	-0.043250	0.310713	0.000000	5.307439	-0.057159	-4.683375	-3.228937	-1.275713	1.230678	0.000000
-0.631860	1.080499	0.931596	0.123776	-0.007662	-0.016034	0.992151	0.049658	0.078515	-0.450380	0.863269	-0.367808	0.013537	-0.001003	0.126067	-0.418720	0.767072	-0.327713	-0.000295	-0.029253	0.227991	0.420075	-0.319575	-0.028021	-0.204054	0.030794	0.000000	-1.125343	-0.927814	1.141163	-0.328394	-0.397207	0.183435	0.000000	-0.135522	-0.618465	-0.312624	0.453858	0.101994	-0.040901	-0.113832	-0.612535	-0.524382	1.177126	-0.271832	0.061005	-0.369901	-4.083326	0.735953	-2.259994	0.448560	0.087146	0.553641	0.000000	9.630421	1.174989	-9.002115	-3.990004	-1.822668	0.167719	0.000000
-0.631072	1.078797	0.929381	0.117585	-0.006083	-0.015859	0.992918	0.046924	0.065042	-0.456666	0.873404	-0.369735	0.013414	-0.003232	0.113061	-0.431129	0.794169	-0.332830	-0.000178	-0.036469	0.138948	0.426939	-0.372562	-0.015915	-0.199578	0.043550	0.000000	-0.896821	-0.884977	0.922476	-0.404818	-0.431424	0.164414	0.000000	-0.115648	-0.665415	-0.309407	0.538093	-0.189081	-0.058954	-0.111859	-0.601967	-0.708181	1.522194	-0.207265	-0.006528	-0.356422	-4.082072	0.017891	-2.573317	0.294643	0.173850	0.759981	0.000000	10.384109	2.974798	-10.397795	-3.250247	-1.376672	-1.303795	0.000000
-0.630252	1.077408	0.926782	0.111334	-0.004317	-0.015737	0.993649	0.045032	0.051898	-0.462757	0.884793	-0.375371	0.011179	-0.005478	0.101988	-0.447047	0.827959	-0.336004	-0.000556	-0.043510	0.064708	0.420791	-0.422508	-0.016236	-0.197100	0.061193	0.000000	-0.709979	-0.808822	0.725252	-0.458404	-0.452274	0.131283	0.000000	-0.088702	-0.630463	-0.338612	0.642441	-0.321467	-0.162652	-0.101273	-0.554542	-0.951849	1.926760	-0.106180	0.012333	-0.355994	-3.645163	-0.526623	-2.468773	-0.373721	0.089163	0.859248	0.000000	8.127102	4.111071	-9.269582	-2.458210	-1.203864	-1.622765	0.000000
-0.629303	1.076330	0.923755	0.105601	-0.002413	-0.015565	0.994284	0.043376	0.039824	-0.470211	0.899102	-0.382594	0.006908	-0.007283	0.090879	-0.469202	0.871240	-0.337077	0.000315	-0.050709	-0.006859	0.405874	-0.471313	-0.030864	-0.196011	0.077919	0.000000	-0.571737	-0.720534	0.551693	-0.503147	-0.479579	0.099504	0.000000	-0.048774	-0.536974	-0.421797	0.783390	-0.369363	-0.288546	-0.086428	-0.459710	-1.268243	2.424188	-0.003482	0.128720	-0.357434	-3.480695	-0.913427	-2.361023	-1.020049	0.029198	0.700710	0.000000	5.505434	4.344883	-7.954113	-1.927629	-1.521863	-1.636813	0.000000
-0.627994	1.075492	0.920474	0.101099	-0.000561	-0.015802	0.994751	0.043081	0.030419	-0.479629	0.916129	-0.390145	-0.000363	-0.008935	0.083600	-0.497777	0.924927	-0.336143	0.004593	-0.057807	-0.074520	0.384254	-0.516949	-0.057037	-0.195932	0.089222	0.000000	-0.489761	-0.635027	0.407087	-0.535509	-0.513149	0.065811	0.000000	0.005028	-0.444333	-0.869545	1.062904	-0.290668	-0.534594	-0.127296	-0.469596	-2.049756	3.505756	0.105944	0.461854	-0.322475	-3.270817	-1.117840	-2.066898	-1.403780	0.135622	0.449500	0.000000	3.067532	3.799823	-6.479631	-1.453510	-1.907131	-1.801028	0.000000
-0.624661	1.075025	0.916376	0.096675	-0.001622	-0.015689	0.995191	0.043577	0.022050	-0.504992	0.941618	-0.394221	-0.014475	-0.012375	0.072096	-0.551193	1.011470	-0.332839	0.018789	-0.063608	-0.137691	0.361161	-0.553989	-0.087015	-0.190586	0.095899	0.000000	-0.449036	-0.568541	0.292508	-0.561287	-0.555864	0.027463	0.000000	0.008537	-0.412152	-1.126518	1.168734	-0.093322	-0.293731	-0.254258	-0.504732	-2.707328	4.680918	-0.308407	0.427163	-0.193685	-3.096543	-1.296194	-1.857054	-1.578775	0.152171	0.222382	0.000000	1.635117	2.743618	-4.606943	-1.026322	-1.779793	-1.583814	0.000000
-0.622016	1.074532	0.913193	0.093158	-0.001941	-0.015449	0.995530	0.043422	0.013933	-0.524689	0.962878	-0.393878	-0.012112	-0.019105	0.063411	-0.606070	1.112164	-0.348479	0.021680	-0.065555	-0.198381	0.332406	-0.591231	-0.120188	-0.189845	0.098117	0.000000	-0.424357	-0.525282	0.222809	-0.576562	-0.584341	0.002458	0.000000	-0.011078	-0.449066	-0.800842	1.005355	-0.104441	0.037757	-0.408292	-0.472391	-2.686611	5.377343	-0.934321	0.081613	-0.136404	-3.553845	-1.917569	-2.157277	-2.070232	-0.001890	-0.001675	0.000000	1.201860	1.869891	-3.093508	-1.035175	-1.229793	-1.123582	0.000000
-0.620020	1.074208	0.910210	0.088505	-0.000286	-0.015413	0.995957	0.043134	0.004088	-0.537026	0.981832	-0.398398	-0.012965	-0.028707	0.053200	-0.658657	1.226564	-0.370212	0.022054	-0.069064	-0.279845	0.284458	-0.640280	-0.169825	-0.190662	0.095832	0.000000	-0.400961	-0.493745	0.168767	-0.602694	-0.605056	-0.017480	0.000000	-0.062687	-0.502212	-0.479203	0.646684	-0.047458	-0.082789	-0.630458	-0.554635	-2.531685	5.590221	-0.735390	0.105318	-0.209653	-2.660611	-1.691623	-1.490626	-1.730725	-0.009137	-0.108934	0.000000	0.576615	0.859523	-1.671433	-0.911574	-0.622387	-0.589602	0.000000
-0.618041	1.073373	0.908782	0.083561	0.000683	-0.014646	0.996395	0.040915	-0.006156	-0.543857	0.988745	-0.395776	-0.015424	-0.044323	0.041225	-0.707337	1.335773	-0.377895	0.025892	-0.073941	-0.304806	0.264741	-0.650856	-0.189417	-0.190210	0.093760	0.000000	-0.401292	-0.490901	0.155952	-0.613025	-0.609236	-0.021126	0.000000	-0.074614	-0.686594	-0.432476	0.480086	0.146782	0.246112	-0.836430	-0.951063	-2.359457	5.458945	-0.599227	-0.029078	-0.308370	-2.850388	-2.229795	-1.454845	-2.234675	0.114379	-0.441978	0.000000	0.147588	-0.012581	-1.309494	-1.516315	-0.221829	-0.442293	0.000000
-0.616348	1.072459	0.907646	0.075276	0.001770	-0.014852	0.997051	0.040149	-0.023376	-0.554325	1.001035	-0.392527	-0.003121	-0.062164	0.015157	-0.753035	1.444922	-0.394181	0.020891	-0.081399	-0.393861	0.195266	-0.698474	-0.259212	-0.186087	0.078153	0.000000	-0.395058	-0.494249	0.116388	-0.663347	-0.613929	-0.035172	0.000000	-0.114474	-0.851721	-0.764324	0.566980	0.291656	0.633282	-1.077062	-1.421400	-2.491036	5.326897	-0.587943	-0.360402	-0.432734	-4.154937	-3.410098	-2.122626	-3.515439	0.261328	-0.931754	0.000000	0.002022	-0.483958	-2.010410	-2.881281	-0.022690	-0.464802	0.000000
-0.613958	1.071930	0.907124	0.067135	-0.000552	-0.012998	0.997659	0.036336	-0.040224	-0.574430	1.011424	-0.384110	0.009908	-0.087406	-0.015631	-0.806979	1.548848	-0.401413	0.011476	-0.091250	-0.471003	0.128337	-0.735761	-0.330035	-0.179757	0.056489	0.000000	-0.401211	-0.510260	0.075536	-0.728276	-0.610144	-0.039718	0.000000	-0.044987	-0.628900	-0.329801	0.010508	0.368088	0.276059	-1.149374	-1.425022	-1.796648	4.231551	-0.372332	-0.587985	-0.431782	-3.245750	-2.683301	-1.741295	-2.988829	0.172517	-0.879649	0.000000	-0.299102	-0.733959	-1.828123	-2.881892	0.187844	-0.220057	0.000000
-0.613528	1.072895	0.909479	0.062345	0.000615	-0.013559	0.997963	0.038350	-0.048532	-0.567517	1.001456	-0.377804	0.007922	-0.108139	-0.041843	-0.824901	1.614184	-0.409074	-0.002629	-0.098670	-0.523691	0.087934	-0.768126	-0.378765	-0.179186	0.042967	0.000000	-0.407022	-0.523607	0.043263	-0.778622	-0.606415	-0.043974	0.000000	-0.001652	-0.468882	0.506362	-0.818114	0.426523	-0.115030	-1.190578	-1.440523	-0.701536	2.802268	-0.303596	-0.743511	-0.332182	-3.341349	-2.427553	-2.383530	-3.182317	-0.305353	-0.909054	0.000000	-0.364877	-0.961635	-2.426728	-3.601745	0.238742	-0.332338	0.000000
-0.613283	1.073807	0.912807	0.057196	0.001221	-0.012089	0.998289	0.036270	-0.058980	-0.554176	0.978700	-0.367049	0.005306	-0.135029	-0.073252	-0.835040	1.660939	-0.413557	-0.018264	-0.104537	-0.604657	0.031235	-0.831102	-0.457328	-0.191971	0.020127	0.000000	-0.415806	-0.548725	-0.021533	-0.872346	-0.600594	-0.053011	0.000000	0.001315	-0.408842	0.823905	-1.210104	0.495918	-0.096993	-1.238703	-1.426460	0.025010	1.495323	-0.193378	-0.507387	-0.232884	-3.627208	-2.247198	-2.898574	-3.464993	-0.933275	-0.839468	0.000000	-0.423416	-1.185633	-3.240292	-4.306127	0.259790	-0.685651	0.000000
-0.613739	1.075611	0.917147	0.054283	0.002638	-0.012301	0.998446	0.038402	-0.064886	-0.534561	0.953052	-0.357967	0.004042	-0.157687	-0.098902	-0.823901	1.673997	-0.416809	-0.022924	-0.107985	-0.668779	-0.001954	-0.884069	-0.517364	-0.216517	0.009389	0.000000	-0.423958	-0.571032	-0.086349	-0.950868	-0.596023	-0.071401	0.000000	0.111469	-0.332572	0.998777	-1.348583	0.491206	-0.032845	-1.097946	-1.224962	0.875725	0.000867	-0.130925	-0.140890	-0.200346	-3.095099	-1.447204	-2.286458	-3.106253	-1.358723	-0.016205	0.000000	-0.531733	-1.177832	-3.308544	-3.932338	0.379807	-1.045758	0.000000
-0.614441	1.077655	0.922050	0.050816	0.003695	-0.012503	0.998623	0.040729	-0.072283	-0.514225	0.924757	-0.347401	0.003993	-0.178947	-0.122250	-0.800011	1.660974	-0.418794	-0.023900	-0.112551	-0.728461	-0.026653	-0.922561	-0.581578	-0.246320	0.019479	0.000000	-0.437075	-0.595838	-0.153875	-1.029640	-0.585402	-0.094842	0.000000	0.137794	-0.274477	1.038963	-1.427044	0.537524	-0.009302	-0.972450	-0.910877	1.401243	-1.256028	-0.145136	0.061286	-0.160516	-2.654807	-1.137770	-1.667632	-3.283672	-1.413898	0.744509	0.000000	-0.756095	-1.200610	-3.254430	-3.935227	0.712517	-1.098084	0.000000
-0.615432	1.080244	0.926986	0.049371	0.004358	-0.012685	0.998691	0.043914	-0.075865	-0.493003	0.895970	-0.336466	0.003670	-0.196585	-0.135337	-0.767851	1.623755	-0.422615	-0.020473	-0.114406	-0.774971	-0.047464	-0.950774	-0.648711	-0.273073	0.039169	0.000000	-0.454202	-0.619057	-0.216526	-1.108277	-0.567523	-0.115324	0.000000	0.202013	-0.089287	1.042207	-1.385902	0.511301	-0.050340	-0.764528	-0.398380	1.777637	-2.391026	-0.117497	0.368328	-0.036678	-2.185567	-0.975979	-1.256566	-3.414555	-1.285736	1.054507	0.000000	-1.015523	-1.109390	-3.026644	-3.903443	0.953646	-0.927116	0.000000
-0.616542	1.083625	0.931531	0.049550	0.004933	-0.013162	0.998673	0.048809	-0.075854	-0.472537	0.869320	-0.326949	0.001979	-0.209528	-0.138185	-0.728906	1.565333	-0.423494	-0.009167	-0.114018	-0.815884	-0.065692	-0.972823	-0.718160	-0.297750	0.061659	0.000000	-0.477696	-0.640214	-0.274941	-1.185777	-0.547256	-0.131926	0.000000	0.263421	0.023681	0.946032	-1.229030	0.442718	-0.116597	-0.574955	-0.061250	2.049878	-3.346652	-0.075333	0.784720	0.026800	-1.911004	-0.806128	-1.124708	-3.777669	-1.256949	1.065833	0.000000	-1.341812	-0.932373	-2.978794	-4.115057	1.064371	-0.893064	0.000000
-0.617374	1.087378	0.935302	0.050723	0.005547	-0.014008	0.998599	0.054451	-0.074918	-0.455161	0.846809	-0.318757	-0.000994	-0.219583	-0.137787	-0.685856	1.489889	-0.425628	0.010916	-0.113334	-0.851411	-0.079710	-0.995762	-0.799818	-0.323351	0.081802	0.000000	-0.507875	-0.656352	-0.335678	-1.272879	-0.524948	-0.151046	0.000000	0.310116	0.017677	0.745776	-0.977416	0.330440	-0.168324	-0.440646	0.085672	2.219176	-4.103231	-0.086674	1.085533	0.041011	-1.780646	-0.541373	-1.008968	-4.317612	-1.243951	1.018744	0.000000	-1.638702	-0.656344	-2.933408	-4.397392	1.044057	-1.062043	0.000000
-0.617988	1.091644	0.937882	0.051260	0.005652	-0.014609	0.998563	0.061214	-0.075147	-0.442705	0.830224	-0.313731	-0.004754	-0.227154	-0.134759	-0.640139	1.401204	-0.426960	0.034255	-0.112378	-0.887110	-0.087347	-1.013182	-0.890864	-0.347508	0.102409	0.000000	-0.543244	-0.666468	-0.392277	-1.361673	-0.505494	-0.174408	0.000000	0.349986	0.077326	0.598169	-0.712809	0.154997	-0.227730	-0.326547	0.364853	2.306588	-4.658410	-0.045813	1.022636	0.087137	-1.813443	-0.216622	-0.759314	-4.760586	-1.256628	1.021114	0.000000	-1.851894	-0.380220	-2.579017	-4.459128	0.885011	-1.147920	0.000000
-0.618876	1.096669	0.939403	0.054221	0.005911	-0.015356	0.998393	0.068450	-0.071825	-0.431234	0.818296	-0.312557	-0.010103	-0.232645	-0.123193	-0.593593	1.303553	-0.427461	0.051822	-0.109848	-0.923949	-0.088374	-1.026135	-0.990242	-0.373616	0.122647	0.000000	-0.581950	-0.671560	-0.438839	-1.451244	-0.489547	-0.196963	0.000000	0.345143	0.208534	0.519492	-0.492272	-0.063832	-0.320321	-0.263770	0.662921	2.278563	-5.000612	-0.085470	0.732586	0.155045	-1.801573	0.028248	-0.455943	-5.149266	-1.219732	0.990913	0.000000	-1.967108	-0.200777	-1.981723	-4.497891	0.708910	-1.090242	0.000000
-0.619942	1.102191	0.939713	0.057687	0.006011	-0.015293	0.998200	0.075019	-0.066806	-0.421926	0.810533	-0.316285	-0.017567	-0.237704	-0.108242	-0.548996	1.201179	-0.430379	0.063558	-0.106176	-0.959173	-0.086217	-1.031420	-1.096835	-0.396297	0.142046	0.000000	-0.621929	-0.674499	-0.471546	-1.541589	-0.477137	-0.218018	0.000000	0.335396	0.280243	0.369161	-0.243190	-0.242241	-0.375634	-0.222678	0.665755	2.140243	-5.110365	-0.160967	0.513202	0.184782	-1.818547	0.174028	-0.107774	-5.458694	-1.081148	1.081404	0.000000	-2.006705	-0.170669	-1.292511	-4.562536	0.614649	-0.958967	0.000000
-0.621015	1.108511	0.938968	0.061498	0.005832	-0.014889	0.997979	0.081866	-0.060615	-0.416468	0.808569	-0.322247	-0.025129	-0.241552	-0.096563	-0.507983	1.099138	-0.433899	0.072350	-0.102457	-0.996691	-0.081413	-1.030446	-1.208589	-0.416862	0.165903	0.000000	-0.662219	-0.678387	-0.490539	-1.633745	-0.464962	-0.235322	0.000000	0.385496	0.364923	0.213189	0.020055	-0.356738	-0.388624	-0.122132	0.565104	1.943395	-5.067560	-0.134505	0.398558	0.221901	-1.754712	0.277934	-0.107518	-5.588332	-0.934840	0.800147	0.000000	-1.961166	-0.107536	-0.603695	-4.548031	0.526205	-0.813884	0.000000
-0.622096	1.115889	0.937426	0.066544	0.005553	-0.014670	0.997660	0.090439	-0.052209	-0.413398	0.811335	-0.330554	-0.033112	-0.242590	-0.085638	-0.471261	0.998477	-0.435759	0.079500	-0.097300	-1.029361	-0.075100	-1.035721	-1.320368	-0.433691	0.174051	0.000000	-0.700375	-0.678800	-0.495694	-1.723510	-0.456089	-0.250573	0.000000	0.443161	0.378830	0.040710	0.245035	-0.404941	-0.380710	0.010819	0.497620	1.696892	-4.865304	-0.019975	0.143230	0.223047	-1.651575	0.369335	-0.200778	-5.575556	-0.863925	0.029290	0.000000	-1.815718	-0.009085	0.039738	-4.433018	0.419223	-0.658565	0.000000
-0.622627	1.124012	0.935379	0.070605	0.005045	-0.014233	0.997390	0.099593	-0.045462	-0.414840	0.818370	-0.338445	-0.040357	-0.241120	-0.076658	-0.440107	0.904526	-0.434698	0.078079	-0.093535	-1.062754	-0.066640	-1.038477	-1.431612	-0.451419	0.167075	0.000000	-0.734847	-0.678751	-0.488950	-1.811066	-0.448193	-0.261665	0.000000	0.449901	0.340585	-0.174461	0.482464	-0.372019	-0.320955	0.136412	0.287769	1.428807	-4.521064	0.312876	-0.005467	0.155742	-1.718223	0.442125	0.156492	-5.445045	-0.928687	-0.431784	0.000000	-1.655766	0.016275	0.449369	-4.193511	0.390331	-0.596146	0.000000
-0.622861	1.132430	0.932916	0.073669	0.004359	-0.013604	0.997181	0.108435	-0.038585	-0.420377	0.830634	-0.345435	-0.045950	-0.237133	-0.074127	-0.414108	0.817634	-0.423244	0.079282	-0.091070	-1.098090	-0.057415	-1.029461	-1.538170	-0.470838	0.156780	0.000000	-0.766606	-0.678149	-0.477719	-1.891250	-0.440476	-0.274419	0.000000	0.450908	0.347373	-0.305475	0.668445	-0.368483	-0.238939	0.275771	0.071216	1.045402	-3.882778	1.323893	0.269024	0.133455	-1.575175	0.343082	0.572723	-4.646474	-0.840360	-0.395161	0.000000	-1.401722	-0.006618	0.625326	-3.523347	0.333413	-0.529536	0.000000
-0.623155	1.141575	0.929888	0.076804	0.003622	-0.012720	0.996959	0.117629	-0.031567	-0.427059	0.845108	-0.353184	-0.049915	-0.230089	-0.073809	-0.398291	0.749215	-0.381743	0.088840	-0.088197	-1.125761	-0.052917	-1.015568	-1.617471	-0.485033	0.151268	0.000000	-0.790916	-0.679015	-0.463937	-1.952000	-0.434856	-0.282846	0.000000	0.492996	0.355953	-0.308407	0.686027	-0.353832	-0.206075	0.415748	0.392583	0.818632	-3.196795	3.625692	0.998464	0.164690	-1.402751	0.107237	0.717720	-4.172623	-0.536618	-0.285162	0.000000	-1.383574	0.006697	0.968519	-3.366259	0.173266	-0.328723	0.000000
-0.623296	1.151253	0.927370	0.079508	0.003020	-0.012196	0.996755	0.128155	-0.024347	-0.432713	0.858075	-0.359588	-0.054193	-0.220503	-0.058423	-0.381363	0.689762	-0.278217	0.119220	-0.084483	-1.154200	-0.053126	-1.000752	-1.705075	-0.492303	0.145374	0.000000	-0.821949	-0.677881	-0.438978	-2.025901	-0.433545	-0.287568	0.000000	0.615225	0.354617	-0.162116	0.518742	-0.200789	-0.208039	0.510684	0.693336	0.834803	-2.141835	2.926997	1.496446	0.223086	-1.084623	0.019172	0.608073	-3.609893	-0.148282	-0.383709	0.000000	-1.245050	0.183691	1.138921	-3.075251	0.012687	-0.254361	0.000000
-0.623310	1.161894	0.925931	0.082491	0.002878	-0.012838	0.996505	0.142238	-0.017382	-0.433543	0.865858	-0.361216	-0.058236	-0.209661	-0.046076	-0.364899	0.663542	-0.264663	0.148698	-0.079273	-1.169146	-0.052150	-0.991245	-1.761866	-0.490965	0.135920	0.000000	-0.840718	-0.671668	-0.418380	-2.075010	-0.434349	-0.293020	0.000000	0.627834	0.337452	0.084101	0.271432	-0.051560	-0.119942	0.535560	0.401591	0.555040	-0.713772	-0.116754	0.982174	0.216190	-0.510138	-0.037918	0.423664	-2.010936	0.111105	-0.326339	0.000000	-0.693373	0.280038	0.791134	-1.772785	-0.066852	-0.192823	0.000000
-0.623534	1.172131	0.925334	0.085117	0.003617	-0.012589	0.996285	0.153269	-0.010849	-0.429349	0.868932	-0.361651	-0.058991	-0.199081	-0.042360	-0.359161	0.661211	-0.282887	0.158507	-0.075835	-1.174605	-0.054642	-0.983806	-1.785513	-0.487859	0.132320	0.000000	-0.849684	-0.666680	-0.407333	-2.096812	-0.436219	-0.295281	0.000000	0.657387	0.576411	0.364021	-0.046755	0.058743	-0.057199	0.658180	0.483073	-0.123800	0.291315	-0.530776	0.072517	0.232086	0.122330	-0.261058	0.536488	-1.197413	0.507925	-0.330392	0.000000	-0.433348	0.523823	0.704466	-1.155722	-0.070176	-0.228404	0.000000
-0.622948	1.182659	0.926212	0.091568	0.004063	-0.014115	0.995690	0.168533	0.005674	-0.418982	0.863987	-0.358866	-0.060524	-0.183334	-0.026753	-0.369851	0.675194	-0.285894	0.151598	-0.069990	-1.164253	-0.062592	-0.969785	-1.809763	-0.470648	0.122704	0.000000	-0.858052	-0.650715	-0.390201	-2.121239	-0.437156	-0.302157	0.000000	0.730367	0.909633	0.588615	-0.398389	0.230196	-0.083186	0.750003	0.850839	-0.538500	0.561312	0.028491	-0.364672	0.284168	0.975299	-0.329026	0.676788	-0.816628	1.201172	-0.691687	0.000000	-0.094849	1.018447	0.734041	-0.707364	0.192530	-0.551796	0.000000
-0.621781	1.192447	0.928036	0.099688	0.003976	-0.015372	0.994892	0.182483	0.025536	-0.405804	0.852997	-0.352443	-0.062318	-0.169081	-0.008326	-0.380701	0.683664	-0.281747	0.143920	-0.064468	-1.135594	-0.067803	-0.956734	-1.818178	-0.439812	0.104653	0.000000	-0.853478	-0.625942	-0.377971	-2.125107	-0.428518	-0.317353	0.000000	0.664309	0.972457	0.761306	-0.618635	0.341003	-0.073424	0.668388	0.923879	-0.359794	0.232862	0.202673	-0.284788	0.227168	1.431403	0.104527	0.810431	-0.016433	1.460537	-1.033727	0.000000	0.385192	1.625687	0.643453	0.234050	0.582307	-0.954523	0.000000
-0.620822	1.202370	0.929956	0.107853	0.004566	-0.015845	0.994030	0.195106	0.044573	-0.388530	0.839242	-0.345226	-0.063461	-0.156599	0.010202	-0.384243	0.684509	-0.277787	0.140207	-0.060903	-1.106997	-0.058411	-0.937368	-1.810420	-0.412226	0.081355	0.000000	-0.842645	-0.585687	-0.364463	-2.111877	-0.413863	-0.340337	0.000000	0.629902	0.792984	0.860121	-0.642051	0.353090	-0.102934	0.620910	0.783842	-0.031698	0.002807	0.053419	-0.253019	0.061757	1.272085	0.794962	0.937574	0.799298	1.047199	-1.217446	0.000000	0.537448	2.216816	0.760069	0.992954	0.763185	-1.098726	0.000000
-0.620112	1.212914	0.931214	0.113751	0.005949	-0.015881	0.993365	0.207679	0.057256	-0.371399	0.827314	-0.338319	-0.066435	-0.144244	0.023027	-0.381969	0.683776	-0.279611	0.133800	-0.061998	-1.084710	-0.036005	-0.919231	-1.786206	-0.397924	0.055955	0.000000	-0.831980	-0.537269	-0.347569	-2.085389	-0.397991	-0.361302	0.000000	0.645949	0.508499	0.755819	-0.482494	0.330030	-0.146416	0.643650	0.466121	0.192501	-0.041921	-0.222253	-0.376502	-0.098884	1.136863	1.134021	0.794797	1.537251	0.549465	-1.268901	0.000000	0.607446	2.439439	0.856943	1.728332	0.812675	-0.909132	0.000000
-0.619425	1.223809	0.931762	0.116526	0.007126	-0.015970	0.993034	0.220944	0.064913	-0.358297	0.819942	-0.332024	-0.069318	-0.130853	0.028847	-0.376543	0.682832	-0.286677	0.125147	-0.064859	-1.061522	-0.013050	-0.905576	-1.748930	-0.390248	0.030599	0.000000	-0.818347	-0.488110	-0.330185	-2.042744	-0.381356	-0.376703	0.000000	0.724447	0.255673	0.409283	-0.211902	0.324820	-0.075986	0.738253	0.128042	0.264717	-0.076810	-0.400873	-0.436498	-0.229659	1.391235	0.375627	1.191853	2.023229	0.484367	-0.732160	0.000000	0.747527	2.378320	0.830905	2.532977	0.867310	-0.628644	0.000000
-0.618487	1.235080	0.931850	0.116805	0.007621	-0.017288	0.992975	0.236657	0.067483	-0.355028	0.818838	-0.325326	-0.069475	-0.114714	0.028149	-0.371381	0.680704	-0.295645	0.116340	-0.071185	-1.029061	-0.020980	-0.871557	-1.705277	-0.378549	0.026668	0.000000	-0.802079	-0.442137	-0.314333	-1.984070	-0.363298	-0.386447	0.000000	0.769297	0.072703	-0.026511	0.135103	0.341094	0.151069	0.797244	-0.112899	0.267710	-0.122885	-0.414415	-0.331502	-0.155044	1.674826	-0.278337	1.392354	2.607358	0.513169	-0.020560	0.000000	0.853033	2.138969	0.763223	3.263011	0.888021	-0.328707	0.000000
-0.616793	1.245835	0.931752	0.114508	0.007788	-0.018739	0.993215	0.251716	0.067821	-0.359358	0.825346	-0.318381	-0.063275	-0.098963	0.024331	-0.365834	0.677917	-0.303254	0.111887	-0.071060	-0.994529	-0.024184	-0.849882	-1.644636	-0.369721	0.029777	0.000000	-0.784225	-0.402551	-0.299656	-1.912223	-0.345836	-0.389851	0.000000	0.791296	0.028754	-0.366738	0.587526	0.277407	0.573748	0.838713	-0.235151	0.326853	-0.128438	-0.360066	-0.179509	0.161263	1.617825	-0.214688	0.831486	3.214836	0.443004	0.048227	0.000000	0.996089	1.727853	0.760802	3.889042	0.867306	-0.061582	0.000000
-0.614760	1.255568	0.931352	0.110730	0.008779	-0.021851	0.993572	0.268309	0.068633	-0.369698	0.842339	-0.314230	-0.046525	-0.081166	0.018743	-0.358307	0.675566	-0.310048	0.109159	-0.064734	-0.964348	-0.029567	-0.838297	-1.576683	-0.360829	0.028597	0.000000	-0.762235	-0.373022	-0.283900	-1.828508	-0.328606	-0.388911	0.000000	0.862586	0.232748	-0.537039	1.099065	0.169507	0.978625	0.946325	-0.187247	0.400338	-0.075772	-0.320972	-0.176014	0.604488	1.475929	-0.445976	0.518683	3.743491	0.424086	-0.000803	0.000000	1.297778	1.237115	0.791155	4.612911	0.887839	0.060853	0.000000
-0.612953	1.265413	0.930751	0.109279	0.010831	-0.025904	0.993614	0.286219	0.077131	-0.380839	0.869309	-0.311600	-0.024130	-0.061110	0.016841	-0.349821	0.674886	-0.316092	0.104846	-0.046881	-0.935492	-0.042023	-0.829135	-1.494896	-0.352757	0.029745	0.000000	-0.732314	-0.353066	-0.268010	-1.727707	-0.310322	-0.387417	0.000000	0.735775	0.831195	-0.569703	1.413432	0.259509	1.114161	0.856095	-0.078869	0.365022	0.022343	-0.293777	-0.255365	0.610711	1.262987	-0.337633	0.671466	3.732359	0.272918	0.264669	0.000000	1.197225	1.114954	1.074860	4.487419	0.509261	0.230706	0.000000
-0.611219	1.274524	0.930360	0.108167	0.012940	-0.027622	0.993665	0.297740	0.101880	-0.392486	0.898877	-0.303850	-0.001958	-0.046922	0.015588	-0.343706	0.676460	-0.321799	0.098945	-0.040306	-0.913828	-0.043073	-0.811439	-1.427389	-0.349912	0.039184	0.000000	-0.714346	-0.328424	-0.240906	-1.649011	-0.308235	-0.379683	0.000000	0.506511	1.734637	-0.586838	1.612046	0.617725	0.699703	0.636091	-0.047657	0.248279	0.119722	-0.264961	-0.310845	0.295702	1.322508	-0.023825	1.373868	3.487978	0.306395	0.807193	0.000000	0.918420	1.353267	1.674458	3.994769	-0.086238	0.497171	0.000000
-0.609185	1.282803	0.929991	0.107529	0.014205	-0.028222	0.993700	0.306479	0.146516	-0.404313	0.933791	-0.286891	0.003858	-0.035666	0.014935	-0.339890	0.679675	-0.326691	0.092412	-0.035053	-0.882591	-0.042976	-0.774180	-1.355377	-0.340502	0.062032	0.000000	-0.695578	-0.298936	-0.201032	-1.567916	-0.313771	-0.367530	0.000000	0.309945	1.941863	-0.813705	2.264465	0.746867	0.465893	0.513601	-0.023372	0.111540	0.231448	-0.193227	-0.310226	0.285326	1.832722	-0.104625	2.179718	4.298014	0.790381	1.224054	0.000000	0.813809	1.493211	2.444694	4.662514	-0.269715	0.825924	0.000000
-0.606752	1.290363	0.929609	0.106872	0.017006	-0.028431	0.993721	0.310138	0.179555	-0.425034	0.989455	-0.273975	0.016677	-0.026378	0.014653	-0.339244	0.685718	-0.329528	0.086536	-0.028893	-0.840519	-0.047258	-0.724250	-1.255468	-0.318297	0.088146	0.000000	-0.681794	-0.268696	-0.143118	-1.462511	-0.319024	-0.346646	0.000000	0.046484	1.101353	-1.431760	3.600228	0.291055	1.148420	0.428827	-0.053135	0.036627	0.374907	-0.167858	-0.306097	0.294541	1.860213	0.033870	2.424572	5.237412	0.976289	1.172533	0.000000	0.741571	1.218527	3.209034	5.573329	0.013530	1.197097	0.000000
-0.604114	1.296829	0.928876	0.105432	0.019889	-0.028579	0.993817	0.308339	0.190570	-0.461583	1.077800	-0.275249	0.049795	-0.018513	0.012810	-0.338425	0.694671	-0.333405	0.080168	-0.023271	-0.808183	-0.041621	-0.677197	-1.145880	-0.301450	0.108934	0.000000	-0.665915	-0.250194	-0.072670	-1.344983	-0.313230	-0.319646	0.000000	-0.198533	0.197068	-1.934276	4.677948	-0.116361	1.305264	0.354328	-0.125757	0.017715	0.474541	-0.184233	-0.317570	0.285775	1.277535	0.519147	2.036323	5.338848	0.593854	0.954231	0.000000	0.552441	0.971780	3.404230	5.587244	0.270205	1.424357	0.000000
-0.601435	1.302383	0.928132	0.103359	0.022752	-0.028498	0.993975	0.302197	0.187438	-0.502405	1.176573	-0.278629	0.068888	-0.012205	0.009623	-0.338535	0.704700	-0.336898	0.073833	-0.017462	-0.789418	-0.026492	-0.642797	-1.041914	-0.294543	0.126316	0.000000	-0.659696	-0.229825	-0.006949	-1.239021	-0.308216	-0.289671	0.000000	-0.372796	-0.364357	-2.155060	5.038914	-0.129575	0.593602	0.344727	-0.183848	-0.074510	0.481316	-0.125395	-0.320796	0.317730	0.749600	0.728249	1.305439	4.797102	0.457124	0.784181	0.000000	-0.025105	1.165733	2.948993	4.734215	0.031560	1.476613	0.000000
-0.598231	1.307800	0.927525	0.100631	0.024580	-0.028919	0.994200	0.293427	0.175996	-0.547786	1.279356	-0.280432	0.073539	-0.004724	0.005456	-0.341405	0.713923	-0.338421	0.067337	-0.010562	-0.778199	-0.012491	-0.624980	-0.953996	-0.283165	0.140301	0.000000	-0.666919	-0.203565	0.045289	-1.155614	-0.311968	-0.260582	0.000000	-0.539568	-0.452121	-2.149559	5.055034	-0.275344	0.325095	0.345471	-0.205207	-0.054574	0.326896	-0.005878	-0.227464	0.400791	0.696838	0.789978	0.215660	3.916988	0.559471	0.310687	0.000000	-0.267705	1.120127	2.467358	3.593406	-0.188026	1.204025	0.000000
-0.595923	1.312675	0.927480	0.097855	0.026178	-0.029237	0.994427	0.280614	0.169353	-0.588387	1.378775	-0.289643	0.081892	0.001614	0.001415	-0.340718	0.717775	-0.337133	0.064734	-0.001430	-0.761544	0.005107	-0.634171	-0.885235	-0.272164	0.138743	0.000000	-0.670405	-0.185020	0.091745	-1.095285	-0.315737	-0.241510	0.000000	-0.625253	-0.346623	-2.333848	5.209565	-0.300895	0.158926	0.363272	-0.282526	-0.065382	0.244555	0.013861	-0.178972	0.423108	0.852928	0.676801	0.174843	2.749679	0.808434	-0.037389	0.000000	0.023471	0.759760	2.327750	2.390549	-0.050946	0.833397	0.000000
-0.593126	1.317726	0.926644	0.093890	0.026706	-0.030150	0.994768	0.268417	0.162131	-0.641140	1.487739	-0.292468	0.079896	0.009807	-0.005845	-0.344020	0.723706	-0.337866	0.060178	0.006362	-0.744082	0.014581	-0.617986	-0.844009	-0.250828	0.138805	0.000000	-0.665980	-0.173175	0.138399	-1.059992	-0.314006	-0.227246	0.000000	-0.693389	-0.266494	-2.364948	5.074075	-0.195687	-0.048417	0.329499	-0.335849	-0.118347	0.274613	-0.051816	-0.210343	0.396370	0.747932	0.587168	0.961308	2.102387	1.118264	0.119467	0.000000	0.170980	0.598307	2.688471	1.848522	0.192977	0.854286	0.000000
-0.591200	1.322225	0.926296	0.090447	0.027599	-0.029961	0.995068	0.252878	0.158693	-0.682985	1.581738	-0.297471	0.079955	0.014794	-0.012019	-0.345452	0.728760	-0.339205	0.056321	0.014425	-0.731627	0.028594	-0.595719	-0.801139	-0.227433	0.143522	0.000000	-0.663565	-0.161087	0.199284	-1.021344	-0.308018	-0.207339	0.000000	-0.823881	-0.183545	-2.126475	4.559040	-0.300743	-0.035916	0.238576	-0.296761	-0.158049	0.296912	-0.066198	-0.216846	0.392333	0.412321	0.958431	1.220222	1.980819	1.125525	0.426723	0.000000	-0.007179	0.654645	3.591472	1.840252	0.490125	1.289691	0.000000
-0.589269	1.326532	0.925858	0.087567	0.027668	-0.029517	0.995337	0.235462	0.154789	-0.726199	1.670101	-0.304498	0.078460	0.019350	-0.017716	-0.350342	0.735582	-0.340514	0.051504	0.022056	-0.727589	0.052918	-0.569177	-0.764776	-0.205807	0.155874	0.000000	-0.666267	-0.146989	0.282058	-0.986382	-0.294401	-0.175658	0.000000	-0.919785	-0.322842	-2.127621	4.064700	-0.351861	-0.186098	0.205560	-0.288615	-0.306232	0.332773	-0.024535	-0.273547	0.391710	0.036979	1.415003	1.468024	1.514325	1.054483	0.791821	0.000000	-0.375387	0.832021	4.480254	1.437584	0.783933	1.783881	0.000000
-0.587349	1.330792	0.925784	0.084544	0.026749	-0.028522	0.995652	0.216087	0.145779	-0.768090	1.744326	-0.311545	0.072511	0.023016	-0.023564	-0.357702	0.742071	-0.340187	0.045379	0.030093	-0.730148	0.085194	-0.536998	-0.740566	-0.185254	0.175195	0.000000	-0.678581	-0.127806	0.378494	-0.963840	-0.276661	-0.135984	0.000000	-1.008375	-0.575343	-1.789059	3.098533	-0.304113	-0.383173	0.142473	-0.341036	-0.291823	0.198768	0.043438	-0.283270	0.410230	-0.247771	1.399016	1.768445	0.905132	1.038266	0.993900	0.000000	-0.737432	0.889537	4.358289	0.888002	0.785365	1.721458	0.000000
-0.586086	1.334664	0.926706	0.080493	0.025445	-0.027065	0.996063	0.195127	0.131775	-0.797761	1.794042	-0.316662	0.063133	0.025049	-0.031357	-0.362015	0.743533	-0.338777	0.040173	0.038465	-0.737500	0.108879	-0.498439	-0.728571	-0.164276	0.195630	0.000000	-0.695764	-0.111407	0.456390	-0.950862	-0.262986	-0.106800	0.000000	-1.094367	-0.855831	-1.452039	2.068478	-0.206942	-0.519153	0.066143	-0.478608	-0.298128	0.062510	0.087621	-0.292658	0.347111	-0.486933	1.269551	2.139269	0.346905	1.075238	1.175043	0.000000	-1.061013	0.742743	4.235016	0.444153	0.833935	1.479970	0.000000
-0.584881	1.338044	0.927669	0.074291	0.022616	-0.025074	0.996665	0.172312	0.111546	-0.826172	1.827065	-0.319823	0.051745	0.025662	-0.042708	-0.369627	0.744571	-0.336682	0.033672	0.043978	-0.749625	0.135976	-0.451427	-0.726690	-0.142245	0.222196	0.000000	-0.721021	-0.098097	0.547895	-0.946074	-0.243303	-0.076785	0.000000	-1.142620	-1.137355	-1.327518	1.208833	-0.104171	-0.575813	0.005674	-0.674655	-0.448558	0.038698	0.101352	-0.340395	0.222801	-0.690421	1.305952	2.412868	-0.221656	1.095161	1.453783	0.000000	-1.398222	0.559964	4.521378	0.097120	1.038402	1.392020	0.000000
-0.583590	1.341000	0.928693	0.066218	0.018562	-0.022722	0.997374	0.149422	0.086281	-0.850862	1.842395	-0.320829	0.040100	0.025276	-0.058343	-0.379957	0.745081	-0.334723	0.026557	0.047377	-0.765117	0.161117	-0.401925	-0.737437	-0.120470	0.253782	0.000000	-0.751693	-0.089009	0.637245	-0.946977	-0.221450	-0.051119	0.000000	-1.068523	-1.260668	-0.816871	0.239426	-0.151235	-0.548971	-0.022686	-0.800638	-0.381276	-0.017360	0.082095	-0.320066	0.176676	-0.761756	1.274107	2.373122	-0.734556	0.972546	1.583399	0.000000	-1.598519	0.443422	4.470120	-0.219272	1.072080	1.176728	0.000000
-0.582991	1.343859	0.929847	0.057641	0.015736	-0.020538	0.998002	0.129571	0.061120	-0.858847	1.836642	-0.325872	0.029786	0.024755	-0.074734	-0.384878	0.743877	-0.333398	0.020870	0.051045	-0.780096	0.186940	-0.356502	-0.756072	-0.103343	0.285532	0.000000	-0.784962	-0.080360	0.726700	-0.954845	-0.200420	-0.029716	0.000000	-0.887316	-1.004548	-0.007500	-0.781244	-0.398591	-0.351827	-0.020653	-0.777860	-0.163459	-0.086968	0.050725	-0.259333	0.187107	-0.738367	1.334751	2.193403	-1.168092	0.737793	1.601306	0.000000	-1.734741	0.483903	4.584177	-0.605310	1.004183	1.014244	0.000000
-0.582909	1.346614	0.931029	0.049435	0.013693	-0.018630	0.998510	0.113929	0.046099	-0.851162	1.811146	-0.336773	0.026027	0.024450	-0.089458	-0.386496	0.741602	-0.332694	0.016184	0.054861	-0.794651	0.214507	-0.314188	-0.784161	-0.090958	0.317834	0.000000	-0.821083	-0.069653	0.820612	-0.971190	-0.181283	-0.010549	0.000000	-0.679808	-0.439422	0.706390	-1.734772	-0.620512	-0.044747	-0.006181	-0.688746	-0.046212	-0.129257	0.032372	-0.208260	0.199744	-0.709319	1.330914	1.897127	-1.537284	0.435611	1.501609	0.000000	-1.708856	0.592171	4.249412	-1.000738	0.801910	0.867250	0.000000
-0.583205	1.349370	0.932194	0.042149	0.011918	-0.016989	0.998896	0.102379	0.043543	-0.830591	1.767251	-0.350693	0.027996	0.024507	-0.102283	-0.386726	0.738707	-0.332103	0.012539	0.059035	-0.808468	0.240177	-0.280617	-0.817564	-0.085918	0.345597	0.000000	-0.853316	-0.056673	0.896676	-0.994875	-0.168344	0.004974	0.000000	-0.495535	0.184699	1.401478	-2.738547	-0.803544	0.177710	-0.010378	-0.590024	0.029719	-0.175752	0.043331	-0.184312	0.216103	-0.701153	1.434445	1.614007	-2.001605	0.096816	1.418684	0.000000	-1.610292	0.800529	3.621397	-1.501577	0.451738	0.712347	0.000000
-0.584283	1.351771	0.933468	0.036244	0.010256	-0.015381	0.999172	0.094108	0.053487	-0.795103	1.701604	-0.368914	0.033135	0.024034	-0.113059	-0.385307	0.734572	-0.330961	0.008811	0.063505	-0.822698	0.271885	-0.249628	-0.864225	-0.087085	0.374581	0.000000	-0.885495	-0.037632	0.965468	-1.031253	-0.163213	0.017945	0.000000	-0.331966	0.455914	1.953116	-3.644717	-0.891668	0.326147	0.012422	-0.519562	0.094501	-0.191431	0.051276	-0.152632	0.214787	-0.627434	1.522683	1.285084	-2.512248	-0.177472	1.246002	0.000000	-1.512614	0.908678	2.985334	-1.930396	0.114754	0.484839	0.000000
-0.585670	1.354190	0.934414	0.030700	0.008956	-0.014536	0.999383	0.089100	0.061779	-0.752466	1.621462	-0.386359	0.041042	0.025004	-0.123066	-0.382946	0.731049	-0.330052	0.006434	0.067626	-0.833566	0.301084	-0.229213	-0.918054	-0.093017	0.395437	0.000000	-0.913821	-0.020326	1.016090	-1.072091	-0.163753	0.024368	0.000000	-0.239816	0.101279	2.131867	-4.222173	-0.778730	0.293723	0.098966	-0.495025	0.088774	-0.119568	-0.001916	-0.133041	0.182188	-0.483912	1.466765	0.900792	-2.995739	-0.339526	0.906052	0.000000	-1.431933	0.799020	2.247536	-2.198449	-0.074058	0.153252	0.000000
-0.587042	1.356622	0.934642	0.024827	0.007725	-0.014566	0.999556	0.084515	0.057538	-0.709828	1.532717	-0.400064	0.044884	0.027993	-0.132860	-0.381756	0.729789	-0.331037	0.003490	0.070793	-0.842054	0.330555	-0.213597	-0.984055	-0.100666	0.410823	0.000000	-0.942772	-0.005671	1.055369	-1.119191	-0.166176	0.024075	0.000000	-0.297592	-0.439246	2.209306	-4.733333	-0.738065	0.004036	0.151243	-0.481517	0.040072	0.000584	-0.062086	-0.192160	0.109750	-0.322974	1.496196	0.575969	-3.507884	-0.401363	0.645654	0.000000	-1.413843	0.691285	1.652157	-2.458879	-0.109381	-0.140580	0.000000
-0.588762	1.358653	0.934686	0.018556	0.006688	-0.014941	0.999694	0.077197	0.044209	-0.664094	1.432129	-0.415882	0.041204	0.031054	-0.142327	-0.381343	0.731073	-0.332536	-0.001252	0.072016	-0.846485	0.360932	-0.206175	-1.058369	-0.109072	0.421263	0.000000	-0.970375	0.007326	1.082176	-1.170446	-0.168129	0.018745	0.000000	-0.381469	-0.656266	2.330238	-5.254918	-0.724280	-0.429527	0.158710	-0.503591	-0.021442	0.152057	-0.075665	-0.267897	0.028123	-0.169709	1.563415	0.258196	-3.851405	-0.433404	0.411718	0.000000	-1.421511	0.517622	1.131177	-2.610832	0.030876	-0.375506	0.000000
-0.590326	1.360380	0.934458	0.011665	0.005909	-0.015636	0.999792	0.069256	0.031288	-0.616618	1.322520	-0.429035	0.027703	0.034341	-0.153003	-0.382614	0.735872	-0.334064	-0.007226	0.071918	-0.848842	0.393092	-0.203269	-1.138111	-0.118002	0.427292	0.000000	-0.999632	0.015034	1.100616	-1.223624	-0.164940	0.009054	0.000000	-0.405462	-0.424733	2.348742	-5.637249	-0.500604	-0.853808	0.143351	-0.563368	-0.133023	0.313652	-0.083465	-0.284186	-0.018402	-0.105152	1.663470	0.156691	-4.078326	-0.457900	0.269674	0.000000	-1.467308	0.300385	0.754073	-2.720231	0.297652	-0.532101	0.000000
-0.591701	1.361411	0.933844	0.004558	0.004915	-0.016303	0.999845	0.060978	0.027220	-0.570144	1.206639	-0.435906	0.007051	0.036788	-0.164861	-0.386664	0.743619	-0.335874	-0.012620	0.071280	-0.850691	0.427471	-0.199907	-1.221502	-0.127388	0.432050	0.000000	-1.029067	0.019341	1.112339	-1.279255	-0.156223	-0.002539	0.000000	-0.370289	-0.125381	2.262832	-5.830115	-0.303475	-1.022303	0.111490	-0.548032	-0.216176	0.404015	-0.116666	-0.217275	-0.045391	-0.047429	1.787649	0.323414	-4.466334	-0.445663	0.274447	0.000000	-1.415667	0.253459	0.423726	-3.070006	0.443500	-0.656717	0.000000
-0.593259	1.362054	0.932930	-0.001564	0.003826	-0.017032	0.999846	0.054445	0.026273	-0.526105	1.089315	-0.441174	-0.013189	0.038801	-0.174925	-0.391261	0.752032	-0.338730	-0.015917	0.070102	-0.850740	0.464598	-0.190332	-1.316764	-0.135829	0.438270	0.000000	-1.056259	0.025172	1.117565	-1.346424	-0.147200	-0.017214	0.000000	-0.227552	0.063661	1.904818	-5.583990	0.055947	-0.880213	0.148868	-0.443032	-0.261181	0.402349	-0.198291	-0.119306	-0.053829	0.017333	1.892404	0.777825	-5.028719	-0.417116	0.438861	0.000000	-1.386949	0.256577	0.112754	-3.636390	0.532440	-0.778327	0.000000
-0.594536	1.362712	0.931424	-0.006223	0.002316	-0.018465	0.999808	0.051876	0.029766	-0.493952	0.983279	-0.433668	-0.028157	0.042743	-0.182583	-0.397112	0.759713	-0.343806	-0.017392	0.069127	-0.849997	0.503167	-0.168794	-1.422651	-0.144072	0.449604	0.000000	-1.084545	0.029604	1.116849	-1.424711	-0.134925	-0.033672	0.000000	-0.056934	0.174840	1.278538	-4.673105	1.565596	-0.346274	0.219147	-0.369748	-0.297649	0.372544	-0.296170	0.013604	-0.059935	-0.005011	1.790968	1.267740	-5.071387	-0.453329	0.604953	0.000000	-1.405567	0.179826	-0.204259	-3.848809	0.701945	-0.816064	0.000000
-0.595818	1.363180	0.929581	-0.010165	0.000647	-0.020299	0.999742	0.052167	0.033266	-0.474964	0.902391	-0.378550	-0.027040	0.047567	-0.189714	-0.403167	0.766934	-0.350577	-0.015373	0.067705	-0.850940	0.536237	-0.139623	-1.519620	-0.153962	0.462468	0.000000	-1.112482	0.032366	1.109395	-1.500377	-0.119123	-0.049857	0.000000	-0.089472	0.328449	0.684693	-2.425756	1.558327	0.701389	0.099471	-0.376260	-0.179902	0.186163	-0.175899	0.162319	-0.077803	-0.263849	1.453333	1.572770	-4.452658	-0.589390	0.684027	0.000000	-1.426879	0.140840	-0.502285	-3.530559	0.886873	-0.762862	0.000000
-0.596792	1.362335	0.929338	-0.014477	-0.000710	-0.020471	0.999686	0.048297	0.042904	-0.466564	0.886249	-0.371335	-0.000102	0.046722	-0.197633	-0.404308	0.767159	-0.350842	-0.010899	0.066015	-0.860551	0.561300	-0.105883	-1.600757	-0.167648	0.476965	0.000000	-1.141620	0.035238	1.096758	-1.565933	-0.099450	-0.064187	0.000000	-0.083925	-0.135578	0.241761	-0.468397	-0.351001	0.761289	-0.005216	-0.378380	-0.099213	0.073144	-0.068470	0.092606	-0.090010	-0.519979	1.129849	1.847679	-4.164433	-0.850368	0.748601	0.000000	-1.404810	0.132636	-0.799984	-3.388858	1.093867	-0.766084	0.000000
-0.597590	1.361413	0.929021	-0.019174	-0.001995	-0.021224	0.999589	0.048811	0.027843	-0.465293	0.883655	-0.392590	0.003412	0.047358	-0.204850	-0.407135	0.769860	-0.353316	-0.011669	0.064104	-0.871739	0.581431	-0.065715	-1.686197	-0.187977	0.492412	0.000000	-1.168674	0.037671	1.077396	-1.635931	-0.075368	-0.080500	0.000000	0.054337	-0.727085	-0.194373	-0.061619	-0.195965	-0.033308	0.050748	-0.501739	-0.119986	0.010592	-0.021878	-0.001751	-0.148594	-0.426024	0.721338	2.064533	-4.131854	-1.062955	0.787212	0.000000	-1.081809	0.059191	-1.033279	-3.410411	1.211630	-0.792834	0.000000
-0.597655	1.360682	0.929759	-0.026336	-0.003877	-0.022077	0.999402	0.050471	0.013821	-0.474339	0.883784	-0.379174	-0.001434	0.048752	-0.217703	-0.409107	0.767583	-0.351717	-0.010969	0.060071	-0.877592	0.590154	-0.023302	-1.766031	-0.210166	0.508454	0.000000	-1.184893	0.037605	1.055426	-1.702349	-0.050985	-0.095900	0.000000	0.073328	-0.855750	-0.412543	-0.201878	0.737257	-0.382276	0.081471	-0.791265	-0.083716	-0.244084	0.198743	0.076692	-0.253399	-0.117332	0.098112	2.131229	-3.837559	-1.128818	0.785605	0.000000	-0.553465	-0.128117	-1.118323	-3.182328	1.295218	-0.693927	0.000000
-0.597139	1.360240	0.931526	-0.035929	-0.006525	-0.022779	0.999073	0.051744	-0.006387	-0.481795	0.875580	-0.363100	-0.011879	0.050617	-0.236500	-0.410484	0.760096	-0.345366	-0.008601	0.053968	-0.876432	0.585355	0.019534	-1.839700	-0.233130	0.523836	0.000000	-1.190813	0.032546	1.032663	-1.763224	-0.023559	-0.108257	0.000000	0.053938	-0.954714	-0.293885	-0.482880	0.688563	-0.323090	0.076673	-0.895453	-0.039180	-0.421144	0.361735	0.134175	-0.266108	0.184312	-0.451681	1.952209	-3.233331	-1.082248	0.642356	0.000000	-0.021371	-0.260513	-1.016554	-2.663758	1.255449	-0.498324	0.000000
-0.596466	1.359824	0.933549	-0.044446	-0.008968	-0.023179	0.998703	0.052628	-0.024368	-0.486094	0.864469	-0.351631	-0.014358	0.051818	-0.253521	-0.410674	0.750737	-0.337247	-0.005602	0.049427	-0.870220	0.572087	0.054786	-1.895365	-0.253456	0.534148	0.000000	-1.185747	0.027185	1.014764	-1.808900	-0.000767	-0.115833	0.000000	0.011204	-0.711466	-0.077680	-0.581388	0.458741	-0.146202	0.018126	-0.693995	0.009976	-0.404109	0.362443	0.179923	-0.139302	0.424531	-0.621825	1.463446	-2.168498	-0.931921	0.362723	0.000000	0.412932	-0.239116	-0.673941	-1.798585	0.887060	-0.278064	0.000000
-0.596013	1.359296	0.935106	-0.049532	-0.010447	-0.023073	0.998451	0.052192	-0.034846	-0.484902	0.852325	-0.344750	-0.017727	0.051342	-0.264260	-0.410085	0.743932	-0.330869	-0.001404	0.048396	-0.859451	0.560482	0.078072	-1.926439	-0.270406	0.538345	0.000000	-1.174296	0.022982	1.005705	-1.835168	0.011923	-0.119380	0.000000	-0.061571	-0.295934	0.131007	-0.538129	0.227720	-0.124435	-0.066576	-0.349151	0.037465	-0.257809	0.261296	0.241389	0.032793	0.631440	-0.506371	0.901603	-1.050770	-0.743230	0.105257	0.000000	0.630549	-0.196780	-0.288704	-0.929707	0.441752	-0.100759	0.000000
-0.595848	1.358494	0.936009	-0.050704	-0.010913	-0.022663	0.998397	0.050165	-0.036205	-0.480854	0.842944	-0.342523	-0.019335	0.049155	-0.267487	-0.409176	0.740425	-0.326796	0.004053	0.050738	-0.844962	0.551832	0.090850	-1.937395	-0.283185	0.538358	0.000000	-1.160525	0.019314	1.003216	-1.846088	0.016903	-0.119864	0.000000	-0.099001	0.070492	0.199445	-0.428267	0.090545	-0.059427	-0.100701	-0.056912	-0.012784	-0.104454	0.185851	0.250740	0.125927	1.144445	-0.597602	0.516512	-0.257418	-0.656401	-0.144705	0.000000	1.038155	-0.289124	-0.014549	-0.306937	0.166167	0.037404	0.000000
-0.595402	1.357694	0.936442	-0.049962	-0.011224	-0.022257	0.998440	0.048232	-0.032026	-0.476924	0.835194	-0.341128	-0.020105	0.047314	-0.266537	-0.410596	0.739754	-0.323435	0.008625	0.053433	-0.813673	0.536578	0.098732	-1.936736	-0.296662	0.532557	0.000000	-1.132769	0.011417	1.005123	-1.847445	0.018570	-0.117884	0.000000	-0.097006	0.211266	0.179974	-0.362872	0.026397	-0.085545	-0.108698	0.107191	-0.175983	0.119239	0.143842	0.276334	0.146572	2.132857	-1.069263	0.135559	0.457364	-0.588497	-0.583760	0.000000	1.910660	-0.555267	0.217757	0.380102	-0.024715	0.154788	0.000000
-0.594446	1.356685	0.936297	-0.047267	-0.011600	-0.021749	0.998578	0.046285	-0.027754	-0.473655	0.828429	-0.341467	-0.022757	0.044807	-0.263199	-0.416215	0.745194	-0.321042	0.015107	0.056601	-0.759648	0.509061	0.096273	-1.919101	-0.306725	0.515008	0.000000	-1.084099	-0.002897	1.011926	-1.830884	0.015915	-0.113672	0.000000	-0.103070	0.187596	0.116092	-0.256369	-0.042035	-0.164326	-0.137555	0.167330	-0.357403	0.408559	0.072607	0.423265	0.117303	2.580986	-1.346548	-0.309840	1.151776	-0.343668	-1.022353	0.000000	2.428764	-0.734419	0.359005	1.183152	-0.202865	0.226387	0.000000
-0.593218	1.355828	0.935590	-0.045566	-0.011644	-0.021273	0.998667	0.044109	-0.024522	-0.472281	0.824939	-0.342810	-0.026678	0.041812	-0.259843	-0.424892	0.756096	-0.320530	0.025556	0.058125	-0.710434	0.482716	0.086339	-1.890665	-0.310409	0.491663	0.000000	-1.035619	-0.017960	1.019483	-1.800119	0.010455	-0.108828	0.000000	-0.113884	0.109787	0.005107	-0.055361	-0.067545	-0.162376	-0.173612	0.303744	-0.570204	0.825708	0.059997	0.464687	0.026712	2.434212	-1.238308	-0.667735	1.821309	-0.141400	-1.329174	0.000000	2.553858	-0.800999	0.302091	2.022547	-0.353655	0.249045	0.000000
-0.591800	1.355171	0.934482	-0.043877	-0.011180	-0.020283	0.998769	0.041730	-0.023363	-0.473451	0.826215	-0.344168	-0.029252	0.037863	-0.251049	-0.439023	0.778223	-0.318642	0.033694	0.057670	-0.662279	0.459529	0.069563	-1.846248	-0.312381	0.461841	0.000000	-0.981945	-0.034937	1.024010	-1.749982	0.001768	-0.103710	0.000000	-0.106145	0.030267	-0.128686	0.167991	-0.028776	-0.099598	-0.231056	0.805405	-0.911275	1.563740	0.136001	0.178675	-0.082735	2.131855	-0.998323	-0.903816	2.417666	-0.126427	-1.455148	0.000000	2.650926	-0.785955	0.060999	2.778727	-0.527266	0.239002	0.000000
-0.590162	1.354915	0.933208	-0.043718	-0.010585	-0.019719	0.998793	0.039863	-0.023311	-0.477428	0.831659	-0.343961	-0.030661	0.032570	-0.227627	-0.461343	0.818646	-0.315090	0.032703	0.054816	-0.625160	0.442783	0.050186	-1.793958	-0.315466	0.433457	0.000000	-0.929582	-0.049398	1.021923	-1.688970	-0.010635	-0.099268	0.000000	-0.077990	-0.053564	-0.268083	0.380480	-0.001503	-0.019230	-0.276567	0.954156	-1.255535	2.565266	0.070333	0.119596	-0.185341	1.767537	-0.745057	-1.208557	3.090319	-0.301901	-1.477510	0.000000	2.796151	-0.552826	-0.410643	3.470263	-0.859676	0.179803	0.000000
-0.588233	1.354914	0.931582	-0.043808	-0.009821	-0.019181	0.998808	0.038610	-0.025505	-0.484174	0.841434	-0.344229	-0.030021	0.026800	-0.212883	-0.489245	0.880833	-0.315829	0.038478	0.050256	-0.591578	0.429727	0.021221	-1.722636	-0.324457	0.402741	0.000000	-0.870099	-0.057050	1.007584	-1.611171	-0.032619	-0.096518	0.000000	-0.136747	-0.138894	-0.598072	0.747752	-0.013994	0.231549	-0.414485	0.726490	-1.936509	4.077025	-0.282782	0.255835	-0.249559	1.295622	-0.543509	-1.579875	3.696754	-0.599790	-1.565761	0.000000	2.962282	-0.115919	-1.018488	3.794432	-1.504180	-0.015933	0.000000
-0.585253	1.354696	0.928676	-0.045140	-0.009495	-0.017425	0.998784	0.034393	-0.028867	-0.501351	0.861569	-0.344521	-0.021400	0.015990	-0.198568	-0.538804	0.981727	-0.326402	0.042936	0.044834	-0.573335	0.421043	-0.013009	-1.646088	-0.339458	0.370826	0.000000	-0.811090	-0.054035	0.981184	-1.537193	-0.070803	-0.099905	0.000000	-0.134608	-0.151049	-0.792915	0.950740	-0.069475	0.274579	-0.529227	0.586456	-2.528906	5.395451	-0.764622	-0.482663	-0.287517	0.531635	-0.535393	-1.843944	3.929534	-0.755885	-1.554350	0.000000	2.680302	0.186875	-1.583344	3.748053	-2.011592	-0.264169	0.000000
-0.582614	1.355226	0.926277	-0.046805	-0.008939	-0.016505	0.998728	0.033226	-0.031547	-0.515891	0.879464	-0.347008	-0.019038	0.005631	-0.189425	-0.590401	1.096651	-0.346414	0.019171	0.038755	-0.570313	0.408311	-0.052537	-1.565454	-0.354693	0.340567	0.000000	-0.762887	-0.049575	0.944250	-1.461249	-0.113082	-0.107085	0.000000	-0.035733	-0.135762	-0.683127	0.891869	-0.162027	-0.194545	-0.591745	0.562116	-2.584945	5.917148	-1.060653	-0.507185	-0.302849	-0.250416	-0.578874	-2.086780	4.262856	-0.926846	-1.324337	0.000000	2.142207	0.253155	-2.094969	3.893942	-2.199579	-0.482013	0.000000
-0.580414	1.356208	0.923453	-0.048197	-0.008156	-0.015713	0.998681	0.032964	-0.034298	-0.528676	0.897244	-0.351002	-0.029181	-0.007680	-0.176083	-0.642202	1.218413	-0.368828	0.022649	0.032720	-0.583351	0.397888	-0.096480	-1.475574	-0.376532	0.317853	0.000000	-0.725402	-0.043909	0.897385	-1.381435	-0.158786	-0.119186	0.000000	-0.019010	-0.149975	-0.437278	0.829181	-0.221399	-0.255935	-0.734246	0.675179	-2.424021	6.120121	-1.105163	-0.379298	-0.290106	-0.714296	-0.558190	-2.488817	4.462266	-1.174462	-1.111340	0.000000	1.694188	0.034736	-2.459762	4.053819	-2.090510	-0.694684	0.000000
-0.579502	1.356933	0.920892	-0.049359	-0.005703	-0.014988	0.998652	0.032465	-0.037546	-0.533382	0.912631	-0.355863	-0.029275	-0.023739	-0.162418	-0.687362	1.341456	-0.390620	0.003999	0.027151	-0.598884	0.385983	-0.152089	-1.386964	-0.401671	0.296113	0.000000	-0.695119	-0.048186	0.845860	-1.299097	-0.196703	-0.134872	0.000000	-0.040376	-0.224361	-0.265272	0.859900	-0.251621	0.030359	-0.840557	0.597273	-2.197599	6.109297	-1.003560	-1.036726	-0.287730	-0.930649	-1.144216	-3.304796	4.714739	-1.111647	-1.224354	0.000000	1.706980	-0.414866	-3.051025	4.621625	-2.061182	-0.821990	0.000000
-0.578919	1.357381	0.918149	-0.051825	-0.002802	-0.014189	0.998552	0.031349	-0.043272	-0.539287	0.931640	-0.361066	-0.027967	-0.041302	-0.152192	-0.730106	1.462785	-0.408970	-0.018820	0.021211	-0.620577	0.352119	-0.228672	-1.286984	-0.420998	0.268879	0.000000	-0.657123	-0.060503	0.775344	-1.196570	-0.241233	-0.152066	0.000000	-0.018654	-0.303550	-0.297388	0.929838	-0.257508	0.073791	-0.861306	0.396108	-1.974317	5.733994	-0.791236	-0.998893	-0.320647	-0.977665	-2.244467	-4.016847	4.516620	-0.318082	-1.370069	0.000000	1.728202	-0.594952	-3.824404	4.697049	-2.272144	-0.762372	0.000000
-0.578797	1.358045	0.915635	-0.054901	-0.000273	-0.013945	0.998394	0.031719	-0.049688	-0.545277	0.949824	-0.366164	-0.026324	-0.058191	-0.146573	-0.766334	1.570816	-0.422270	-0.035956	0.014325	-0.637991	0.296205	-0.312763	-1.206299	-0.414394	0.241310	0.000000	-0.625991	-0.071984	0.692884	-1.111215	-0.287588	-0.165367	0.000000	0.054407	-0.336762	-0.225540	0.763138	-0.209200	0.062570	-0.820117	0.236180	-1.512161	4.838538	-0.661816	-0.678278	-0.374508	-0.896144	-2.670929	-4.017743	3.762558	0.518189	-1.240399	0.000000	1.096871	-0.626901	-4.127857	3.648219	-2.138117	-0.523325	0.000000
-0.579198	1.358829	0.914104	-0.058520	0.001836	-0.014338	0.998182	0.033525	-0.056743	-0.548308	0.962165	-0.369434	-0.025464	-0.074106	-0.142745	-0.790592	1.656326	-0.435443	-0.045951	0.006230	-0.656423	0.245282	-0.389382	-1.136482	-0.400270	0.219263	0.000000	-0.613248	-0.085580	0.610230	-1.050641	-0.326758	-0.172999	0.000000	0.101315	-0.366014	-0.099508	0.501888	-0.112939	0.086692	-0.789886	0.157287	-0.979924	3.774771	-0.614926	-0.405530	-0.419120	-0.977063	-2.139069	-3.914273	3.361678	0.419796	-0.965241	0.000000	0.443588	-0.929309	-4.120718	2.572042	-1.716899	-0.381632	0.000000
-0.579698	1.359623	0.913450	-0.062512	0.003643	-0.014988	0.997925	0.035772	-0.064329	-0.549258	0.969900	-0.370681	-0.022856	-0.089786	-0.140282	-0.805531	1.721807	-0.446867	-0.052177	-0.002440	-0.677074	0.210642	-0.469334	-1.071832	-0.397603	0.202700	0.000000	-0.608248	-0.109156	0.528055	-1.008333	-0.356264	-0.180632	0.000000	0.126772	-0.345523	0.040177	0.212175	-0.027033	0.138605	-0.772704	0.129219	-0.539771	2.743241	-0.473019	-0.169756	-0.414977	-1.112407	-1.605397	-3.946935	2.953544	-0.119652	-0.722895	0.000000	0.270888	-1.265418	-4.112202	1.481983	-1.411818	-0.326752	0.000000
-0.580226	1.360707	0.913768	-0.065873	0.005013	-0.015752	0.997691	0.038596	-0.070563	-0.546701	0.970652	-0.370516	-0.019920	-0.105015	-0.137576	-0.812183	1.766056	-0.454363	-0.052741	-0.010369	-0.700920	0.181066	-0.547259	-1.018340	-0.405056	0.190347	0.000000	-0.602413	-0.136196	0.445742	-0.991362	-0.383230	-0.186069	0.000000	0.170197	-0.300966	0.204536	-0.118509	0.041366	0.092351	-0.723607	0.116045	-0.132813	1.702151	-0.339456	-0.027396	-0.432205	-1.037768	-1.520152	-3.683225	2.320948	-0.383522	-0.679493	0.000000	0.274183	-1.376260	-4.068673	0.292802	-1.322219	-0.249197	0.000000
-0.580967	1.362100	0.915040	-0.069038	0.005978	-0.016822	0.997454	0.042580	-0.076368	-0.541076	0.965159	-0.369027	-0.019162	-0.118731	-0.135640	-0.810844	1.789893	-0.460445	-0.053273	-0.019728	-0.718584	0.149836	-0.616663	-0.978994	-0.412943	0.175521	0.000000	-0.597280	-0.164207	0.365308	-0.996621	-0.409153	-0.190600	0.000000	0.225724	-0.268028	0.364821	-0.417936	0.109589	-0.025673	-0.646289	0.161603	0.286114	0.661787	-0.234979	0.061877	-0.486055	-0.888884	-1.673674	-3.313091	1.741058	-0.270371	-0.628195	0.000000	0.185511	-1.562747	-4.202231	-0.669047	-1.235276	-0.321219	0.000000
-0.581952	1.363928	0.917138	-0.071542	0.006710	-0.018049	0.997252	0.047625	-0.081285	-0.532109	0.953935	-0.366132	-0.020947	-0.130866	-0.131112	-0.800738	1.792527	-0.463763	-0.050266	-0.029811	-0.736475	0.114119	-0.679783	-0.948698	-0.415871	0.165219	0.000000	-0.594992	-0.198706	0.277652	-1.018124	-0.432641	-0.198917	0.000000	0.259077	-0.228038	0.525300	-0.655799	0.193038	-0.074032	-0.604318	0.168257	0.776441	-0.417498	-0.129128	0.263029	-0.497974	-1.037694	-1.616738	-2.966836	1.143464	-0.273207	-0.304378	0.000000	0.070937	-1.844657	-4.193335	-1.205838	-0.872464	-0.560057	0.000000
-0.583222	1.366079	0.919952	-0.073052	0.007381	-0.018899	0.997122	0.052943	-0.085489	-0.520064	0.938928	-0.361305	-0.022123	-0.142903	-0.128910	-0.779786	1.773193	-0.465610	-0.042752	-0.039647	-0.760092	0.085166	-0.735337	-0.933255	-0.423872	0.163346	0.000000	-0.594443	-0.237993	0.197575	-1.044854	-0.444052	-0.213003	0.000000	0.280824	-0.127014	0.671664	-0.868170	0.263660	-0.107880	-0.594034	0.011514	1.248397	-1.484436	-0.053814	0.352640	-0.486626	-1.478632	-1.167909	-2.781068	0.511093	-0.873229	0.087545	0.000000	-0.022168	-2.088647	-3.991814	-1.496536	-0.239304	-0.751265	0.000000
-0.584781	1.368724	0.923450	-0.073999	0.007858	-0.019879	0.997029	0.058858	-0.086365	-0.505242	0.919208	-0.355586	-0.025262	-0.154628	-0.130651	-0.750802	1.733150	-0.465915	-0.036161	-0.049276	-0.795620	0.067403	-0.791026	-0.928254	-0.450800	0.168721	0.000000	-0.595879	-0.282252	0.117980	-1.077985	-0.442214	-0.228968	0.000000	0.307536	-0.020372	0.803244	-1.051968	0.288123	-0.180596	-0.613835	-0.278474	1.694816	-2.519292	-0.057657	0.240908	-0.489816	-1.720728	-0.892677	-2.475357	0.033179	-1.463762	0.409348	0.000000	-0.057609	-2.208146	-3.994514	-1.869276	0.371096	-0.759197	0.000000
-0.586874	1.371681	0.927108	-0.073907	0.008480	-0.021325	0.997001	0.065244	-0.086304	-0.487934	0.896849	-0.349780	-0.029347	-0.167457	-0.140049	-0.711993	1.672421	-0.467916	-0.033116	-0.059239	-0.828921	0.049459	-0.834351	-0.931928	-0.482422	0.179720	0.000000	-0.596747	-0.326319	0.037794	-1.119625	-0.429208	-0.243370	0.000000	0.344502	0.007140	0.818178	-1.054154	0.254014	-0.181747	-0.646893	-0.689857	2.113986	-3.413874	-0.187837	-0.090751	-0.501682	-1.542720	-0.965461	-1.932214	-0.443228	-1.451849	0.590035	0.000000	-0.020793	-2.121884	-3.983165	-2.283898	0.798845	-0.688122	0.000000
-0.589271	1.375396	0.930270	-0.073800	0.008658	-0.022376	0.996984	0.072638	-0.086080	-0.472515	0.877042	-0.345425	-0.032532	-0.180503	-0.158246	-0.666243	1.596595	-0.473429	-0.039791	-0.069343	-0.857329	0.028784	-0.868314	-0.945983	-0.508874	0.192322	0.000000	-0.596711	-0.367127	-0.041347	-1.169341	-0.410260	-0.256493	0.000000	0.374192	-0.003712	0.732496	-0.895220	0.166190	-0.154145	-0.677263	-1.076270	2.449291	-4.158616	-0.401073	-0.507045	-0.483295	-1.593247	-0.944479	-1.746342	-1.005979	-1.407991	0.631542	0.000000	0.019395	-1.952693	-3.859644	-2.647004	1.028622	-0.612472	0.000000
-0.591856	1.379757	0.932641	-0.073986	0.009132	-0.023735	0.996935	0.080212	-0.086452	-0.458635	0.861040	-0.343133	-0.035513	-0.194547	-0.183100	-0.614022	1.506077	-0.483959	-0.053398	-0.078571	-0.892651	0.011680	-0.904204	-0.972167	-0.538742	0.204981	0.000000	-0.595971	-0.404426	-0.116591	-1.225506	-0.388063	-0.267869	0.000000	0.377827	0.032232	0.647672	-0.679685	0.061768	-0.143114	-0.626111	-1.092947	2.710159	-4.877180	-0.512129	-0.615260	-0.432188	-1.822229	-0.728299	-1.837493	-1.488784	-1.520099	0.590907	0.000000	0.007281	-1.835845	-3.647887	-2.953917	1.171564	-0.549410	0.000000
-0.594545	1.384662	0.934171	-0.073496	0.009700	-0.024363	0.996951	0.087751	-0.084790	-0.446608	0.849854	-0.342954	-0.038257	-0.205548	-0.201964	-0.557837	1.401508	-0.493914	-0.064401	-0.086631	-0.930218	-0.000347	-0.941814	-1.005535	-0.569678	0.215959	0.000000	-0.596419	-0.440561	-0.187262	-1.287498	-0.363397	-0.278469	0.000000	0.385846	0.121593	0.526848	-0.468697	-0.037812	-0.155078	-0.417242	-0.727376	2.780655	-5.503997	-0.377160	-0.348233	-0.382687	-1.807532	-0.573606	-1.684175	-1.808275	-1.332179	0.513499	0.000000	-0.131927	-1.742694	-3.361466	-3.304613	1.269553	-0.495587	0.000000
-0.597051	1.390232	0.934830	-0.072112	0.010159	-0.024842	0.997035	0.095646	-0.081589	-0.437561	0.842292	-0.344645	-0.041716	-0.211237	-0.212195	-0.502796	1.285917	-0.499046	-0.067327	-0.093879	-0.964952	-0.011264	-0.971572	-1.044498	-0.592029	0.225521	0.000000	-0.601248	-0.474134	-0.251050	-1.357690	-0.337281	-0.287693	0.000000	0.384169	0.205031	0.320071	-0.219946	-0.107893	-0.190321	-0.165800	-0.360707	2.709414	-6.078508	-0.096647	0.320777	-0.317399	-1.761553	-0.532688	-1.265059	-2.194652	-0.936887	0.542383	0.000000	-0.351226	-1.642258	-3.036670	-3.719407	1.301557	-0.421375	0.000000
-0.599211	1.396165	0.934547	-0.068529	0.010155	-0.025002	0.997284	0.103118	-0.076589	-0.433805	0.841057	-0.347270	-0.045869	-0.212180	-0.216392	-0.449460	1.158367	-0.497780	-0.051570	-0.099327	-1.000680	-0.021655	-0.992416	-1.093321	-0.607153	0.237654	0.000000	-0.610468	-0.506252	-0.308729	-1.436274	-0.311335	-0.295324	0.000000	0.352233	0.259542	0.070290	0.019982	-0.150282	-0.201130	0.021611	-0.241878	2.552316	-6.478989	0.282366	1.030312	-0.239903	-1.892689	-0.486423	-0.927897	-2.649924	-0.733703	0.663055	0.000000	-0.573240	-1.564191	-2.763807	-4.115870	1.263361	-0.402024	0.000000
-0.600918	1.402517	0.933619	-0.065760	0.009217	-0.024393	0.997495	0.109735	-0.071207	-0.434749	0.843091	-0.350656	-0.049761	-0.210373	-0.221870	-0.400703	1.026757	-0.487751	-0.026114	-0.103475	-1.040660	-0.030721	-1.008687	-1.150495	-0.621377	0.252043	0.000000	-0.624178	-0.536702	-0.361602	-1.522325	-0.286747	-0.303774	0.000000	0.316878	0.270851	-0.129104	0.162712	-0.163782	-0.224468	0.149265	-0.452096	2.278432	-6.502946	0.814252	1.466306	-0.180215	-2.063185	-0.506783	-0.725320	-3.193995	-0.675792	0.740873	0.000000	-0.854512	-1.446502	-2.477917	-4.500031	1.097411	-0.412215	0.000000
-0.602351	1.409323	0.932176	-0.062799	0.007761	-0.023320	0.997724	0.115793	-0.065755	-0.438969	0.847565	-0.353821	-0.054848	-0.206209	-0.234476	-0.358323	0.898249	-0.465210	0.007082	-0.106535	-1.083208	-0.041926	-1.021429	-1.221081	-0.634185	0.267289	0.000000	-0.644649	-0.564112	-0.407846	-1.616275	-0.267439	-0.311813	0.000000	0.294594	0.333044	-0.223197	0.267623	-0.187307	-0.232230	0.267928	-0.734102	1.803578	-5.977664	1.707487	1.607185	-0.111189	-2.190891	-0.418260	-0.475922	-3.732398	-0.672956	0.712360	0.000000	-1.077285	-1.311792	-2.107509	-4.963723	0.874477	-0.406090	0.000000
-0.603863	1.416731	0.930395	-0.058687	0.006211	-0.021745	0.998020	0.121519	-0.057885	-0.443677	0.853796	-0.358149	-0.059051	-0.199655	-0.251234	-0.328560	0.787651	-0.419452	0.038173	-0.107922	-1.128296	-0.047451	-1.027724	-1.299791	-0.648295	0.280538	0.000000	-0.667269	-0.589173	-0.445903	-1.720874	-0.251767	-0.320017	0.000000	0.349659	0.440889	-0.144077	0.248219	-0.163614	-0.214176	0.397575	0.205560	1.188978	-4.523970	4.245152	1.947391	-0.027620	-2.173164	-0.193110	-0.137120	-3.851625	-0.707684	0.556824	0.000000	-1.110838	-1.179856	-1.649559	-5.089438	0.705585	-0.440966	0.000000
-0.605707	1.425103	0.929197	-0.053657	0.005145	-0.020821	0.998329	0.129779	-0.048119	-0.444732	0.857494	-0.360366	-0.063415	-0.190306	-0.226253	-0.310764	0.717291	-0.295404	0.084978	-0.107640	-1.170134	-0.049651	-1.026914	-1.375146	-0.662492	0.289562	0.000000	-0.689082	-0.611306	-0.473828	-1.819853	-0.239215	-0.329452	0.000000	0.485442	0.619827	0.166810	-0.007719	-0.073648	-0.208994	0.407937	0.777877	0.978508	-2.586198	2.610128	2.353791	0.087516	-1.872036	-0.181004	0.180408	-3.394383	-0.607026	0.353168	0.000000	-1.082177	-1.064622	-1.114102	-4.443324	0.554969	-0.416102	0.000000
-0.607785	1.434583	0.929481	-0.045982	0.004831	-0.020709	0.998716	0.140937	-0.033092	-0.437005	0.853488	-0.361095	-0.067410	-0.183338	-0.220119	-0.289420	0.684203	-0.315046	0.132325	-0.104422	-1.203177	-0.054692	-1.020508	-1.435566	-0.672576	0.294665	0.000000	-0.710557	-0.631758	-0.490467	-1.898607	-0.229569	-0.336661	0.000000	0.530028	0.837969	0.508551	-0.287424	0.001482	-0.173912	0.446943	0.769373	0.397177	-0.756530	-0.577627	1.381464	0.168302	-1.410210	-0.321993	0.456434	-2.862242	-0.407292	0.161257	0.000000	-1.072730	-0.938885	-0.584634	-3.774717	0.391585	-0.286204	0.000000
-0.609706	1.444243	0.930213	-0.036898	0.005273	-0.020063	0.999104	0.150981	-0.014601	-0.424390	0.845997	-0.360307	-0.070372	-0.172428	-0.195478	-0.294876	0.687029	-0.318509	0.140236	-0.100908	-1.226543	-0.062530	-1.008657	-1.489635	-0.678784	0.296012	0.000000	-0.731992	-0.648861	-0.497213	-1.970842	-0.223552	-0.340900	0.000000	0.484669	1.037629	0.681247	-0.525191	0.148249	-0.159761	0.550536	1.191003	-0.484636	0.241306	0.090600	0.106397	0.144301	-0.900206	-0.315781	0.578712	-2.576676	-0.267336	-0.163590	0.000000	-0.995597	-0.589558	-0.092811	-3.427523	0.159152	-0.207242	0.000000
-0.610596	1.453529	0.932077	-0.025902	0.004956	-0.019411	0.999464	0.160323	0.008413	-0.409755	0.832480	-0.355165	-0.073801	-0.161316	-0.172479	-0.308805	0.693855	-0.311422	0.136580	-0.098650	-1.239185	-0.067323	-0.997359	-1.538633	-0.683270	0.288121	0.000000	-0.750380	-0.655341	-0.494179	-2.035708	-0.223203	-0.344951	0.000000	0.480586	1.204743	0.804457	-0.773810	0.329598	-0.182873	0.559742	1.256706	-0.674813	0.270328	0.401433	-0.260948	0.082135	-0.447938	-0.085633	0.542071	-2.306488	-0.261405	-0.502351	0.000000	-0.811636	-0.029863	0.365669	-2.918485	-0.115534	-0.254764	0.000000
-0.611120	1.462848	0.934585	-0.013715	0.004633	-0.018930	0.999716	0.170204	0.033589	-0.392212	0.815044	-0.347123	-0.077687	-0.150039	-0.145210	-0.321869	0.697843	-0.302451	0.129799	-0.097623	-1.244460	-0.065956	-0.986974	-1.581895	-0.689240	0.275918	0.000000	-0.764457	-0.650056	-0.482587	-2.087581	-0.228173	-0.351090	0.000000	0.504247	1.242552	0.926961	-0.913265	0.404227	-0.244641	0.557938	1.323039	-0.558893	0.114349	0.376027	-0.287686	0.051217	-0.145787	0.269055	0.528279	-1.962137	-0.365885	-0.577298	0.000000	-0.545581	0.399375	0.750572	-2.234590	-0.249515	-0.321416	0.000000
-0.611617	1.472323	0.936837	-0.001414	0.004419	-0.018366	0.999821	0.180493	0.058115	-0.372676	0.795949	-0.338996	-0.083586	-0.138999	-0.119557	-0.331161	0.698429	-0.296381	0.125073	-0.096601	-1.245017	-0.056561	-0.976228	-1.617119	-0.697905	0.265029	0.000000	-0.772204	-0.639366	-0.464156	-2.125091	-0.233183	-0.357808	0.000000	0.533065	1.141411	0.933345	-0.868879	0.342788	-0.349689	0.561523	1.144554	-0.373458	0.001718	0.146406	-0.300295	0.038772	0.068736	0.515323	0.567332	-1.547012	-0.413775	-0.319199	0.000000	-0.188173	0.553755	0.996431	-1.405686	-0.178590	-0.271519	0.000000
-0.612203	1.482152	0.938127	0.009452	0.004411	-0.017770	0.999788	0.191527	0.079246	-0.354878	0.780289	-0.333411	-0.091674	-0.127578	-0.099428	-0.336807	0.697911	-0.296595	0.117787	-0.096072	-1.241711	-0.045343	-0.964280	-1.643775	-0.705791	0.263150	0.000000	-0.771984	-0.627906	-0.442729	-2.143808	-0.235317	-0.361951	0.000000	0.541914	0.969895	0.837520	-0.691161	0.242194	-0.388759	0.560649	0.861209	-0.200062	-0.034653	-0.155867	-0.489604	0.036539	0.324443	0.529428	0.464906	-0.941867	-0.255074	-0.023244	0.000000	0.149818	0.624199	1.114612	-0.532717	-0.172807	-0.118340	0.000000
-0.612694	1.491917	0.938614	0.018394	0.004798	-0.016952	0.999676	0.202170	0.096911	-0.339175	0.768303	-0.329308	-0.099137	-0.116573	-0.085109	-0.339163	0.697043	-0.302616	0.105489	-0.095139	-1.232039	-0.035383	-0.957632	-1.654794	-0.708108	0.264099	0.000000	-0.766211	-0.614398	-0.419572	-2.146400	-0.240095	-0.362541	0.000000	0.550113	0.853842	0.756087	-0.529847	0.190978	-0.251084	0.545440	0.759807	-0.095623	-0.008532	-0.323530	-0.517596	-0.007136	1.009962	0.876886	0.331423	-0.212425	-0.038728	-0.174788	0.000000	0.420702	1.139687	1.760134	0.189781	-0.466735	-0.059751	0.000000
-0.613021	1.502366	0.938622	0.026343	0.005550	-0.016104	0.999508	0.213531	0.113399	-0.324635	0.759095	-0.325772	-0.101717	-0.105760	-0.069036	-0.340632	0.697570	-0.309536	0.097083	-0.096357	-1.201312	-0.010267	-0.951023	-1.652272	-0.707340	0.256159	0.000000	-0.755156	-0.582318	-0.372324	-2.136217	-0.253986	-0.364341	0.000000	0.591809	0.744671	0.615120	-0.261229	0.150406	-0.066492	0.544604	0.754669	-0.049463	0.101243	-0.313166	-0.311566	0.077781	1.633668	1.034518	0.243808	0.593975	0.181769	-0.565371	0.000000	0.666958	1.451984	2.190058	0.822705	-0.691174	-0.045108	0.000000
-0.612933	1.512043	0.938199	0.032293	0.007134	-0.016168	0.999322	0.225842	0.126698	-0.314571	0.757854	-0.323292	-0.101796	-0.094789	-0.054922	-0.341142	0.701092	-0.315143	0.093026	-0.092028	-1.166692	0.005997	-0.947880	-1.631035	-0.700837	0.241484	0.000000	-0.739533	-0.556318	-0.331970	-2.113492	-0.267742	-0.364346	0.000000	0.539306	0.614874	0.356225	0.099346	0.179346	0.088042	0.485975	0.649920	-0.068326	0.196533	-0.256290	-0.147170	0.215539	1.933083	0.742532	0.286067	1.493850	0.343998	-0.877696	0.000000	0.921746	1.350816	2.130451	1.560831	-0.676668	0.003491	0.000000
-0.612523	1.521330	0.937662	0.037932	0.008405	-0.015145	0.999130	0.235103	0.137994	-0.310386	0.763069	-0.318598	-0.098196	-0.086321	-0.043039	-0.343365	0.705431	-0.319788	0.091196	-0.087736	-1.123989	0.019434	-0.939581	-1.592518	-0.693581	0.221051	0.000000	-0.718286	-0.528285	-0.287106	-2.073784	-0.281053	-0.364201	0.000000	0.541422	0.648509	0.202981	0.463706	0.194850	0.274652	0.505832	0.674242	-0.162582	0.415426	-0.241269	-0.277345	0.287872	2.031595	0.592187	0.462057	2.290326	0.212687	-1.107806	0.000000	1.196718	1.363482	2.208679	2.274746	-0.631013	0.102544	0.000000
-0.612186	1.530568	0.936913	0.045057	0.010799	-0.015426	0.998807	0.247499	0.152638	-0.306451	0.776402	-0.315498	-0.090810	-0.074556	-0.027952	-0.347645	0.717710	-0.324793	0.081932	-0.080513	-1.085428	0.029685	-0.929397	-1.539422	-0.692330	0.197172	0.000000	-0.691664	-0.501779	-0.243622	-2.022502	-0.292983	-0.360244	0.000000	0.576387	0.637651	-0.032163	0.922710	0.210621	0.504977	0.565783	0.633700	-0.262807	0.674687	-0.254964	-0.604202	0.369894	2.017111	0.349184	0.516078	2.927604	0.098130	-1.224864	0.000000	1.436588	1.355384	2.166389	2.719200	-0.613636	0.273807	0.000000
-0.611181	1.539125	0.936038	0.050693	0.013007	-0.015387	0.998511	0.258159	0.163500	-0.311672	0.799978	-0.310174	-0.077997	-0.063690	-0.017691	-0.353878	0.732419	-0.329986	0.067028	-0.072940	-1.043304	0.033401	-0.918938	-1.475414	-0.689655	0.172056	0.000000	-0.660823	-0.474070	-0.200451	-1.965016	-0.305598	-0.353249	0.000000	0.405893	0.469715	-0.424348	1.293494	0.307346	0.724176	0.452923	0.453290	-0.282811	0.619991	-0.197716	-0.617316	0.338798	2.282868	-0.099500	0.539276	3.456813	0.330733	-1.294489	0.000000	1.570781	1.486102	2.163313	3.019860	-0.699899	0.363299	0.000000
-0.610022	1.546968	0.935620	0.055278	0.014523	-0.014058	0.998266	0.263735	0.171427	-0.323425	0.828142	-0.303204	-0.061843	-0.056439	-0.009821	-0.358957	0.742509	-0.332702	0.057240	-0.066961	-0.994114	0.025705	-0.907826	-1.401149	-0.679101	0.145393	0.000000	-0.628833	-0.442335	-0.157090	-1.901708	-0.320979	-0.345712	0.000000	0.280084	0.355149	-0.965200	2.055396	0.380271	1.245148	0.381539	0.366602	-0.291050	0.648600	-0.201266	-0.601200	0.311784	2.624249	-0.604088	0.546324	3.911799	0.962760	-1.346854	0.000000	1.543188	1.699082	2.009865	3.187168	-0.883993	0.263922	0.000000
-0.608413	1.554192	0.934483	0.058585	0.016691	-0.013628	0.998050	0.269362	0.177706	-0.350280	0.882194	-0.294963	-0.028191	-0.048428	-0.003027	-0.365520	0.758363	-0.338037	0.042980	-0.060469	-0.938334	0.009238	-0.897085	-1.318942	-0.651145	0.118182	0.000000	-0.599095	-0.406107	-0.120056	-1.837529	-0.340958	-0.342692	0.000000	0.105120	-0.258563	-1.571689	2.863833	0.512087	1.275975	0.324851	0.237058	-0.357739	0.728415	-0.185566	-0.526461	0.260413	2.399355	-0.947822	0.453432	4.251993	1.449125	-1.273428	0.000000	1.455489	1.632925	1.642121	3.408906	-0.881491	0.039867	0.000000
-0.606250	1.560358	0.933639	0.059200	0.017823	-0.012521	0.998009	0.267940	0.161084	-0.386293	0.942695	-0.282720	-0.010804	-0.043445	-0.000338	-0.373267	0.771646	-0.340125	0.036181	-0.056545	-0.898140	-0.012208	-0.889689	-1.231069	-0.621136	0.094455	0.000000	-0.570613	-0.377018	-0.091405	-1.765351	-0.356239	-0.344117	0.000000	-0.184350	-1.173872	-2.162211	3.571023	0.327852	1.234627	0.218913	0.020017	-0.338206	0.585318	-0.061365	-0.252775	0.185632	1.538858	-0.888256	0.155261	4.232478	1.164767	-1.008957	0.000000	1.437131	1.091433	1.256475	3.597078	-0.468809	-0.087437	0.000000
-0.603883	1.565480	0.933097	0.057356	0.018847	-0.011514	0.998110	0.261988	0.130751	-0.436769	1.025034	-0.281849	0.021194	-0.039672	-0.002226	-0.379048	0.781775	-0.340492	0.032869	-0.053043	-0.876780	-0.026292	-0.890874	-1.149643	-0.604554	0.077824	0.000000	-0.541610	-0.362450	-0.069797	-1.693646	-0.359710	-0.346190	0.000000	-0.242861	-1.085541	-2.647202	4.402126	-0.037143	1.547190	0.207407	-0.144602	-0.271457	0.434639	-0.013950	-0.127579	0.136154	0.980344	-0.735126	-0.198866	4.149932	0.853388	-0.836875	0.000000	1.344037	0.706544	1.040241	3.704095	-0.149716	-0.050692	0.000000
-0.601633	1.570288	0.932595	0.054702	0.019285	-0.010980	0.998256	0.258225	0.117662	-0.492181	1.118780	-0.284206	0.051083	-0.035148	-0.006122	-0.384125	0.789031	-0.340683	0.031078	-0.051099	-0.858926	-0.041613	-0.897644	-1.065072	-0.587000	0.060980	0.000000	-0.516852	-0.348756	-0.049795	-1.617188	-0.362227	-0.346145	0.000000	-0.136887	-0.451094	-3.076877	5.084583	-0.216334	0.919636	0.265631	-0.208178	-0.433818	0.458717	-0.003065	-0.097410	0.049718	0.771934	-0.948648	-0.558472	5.046124	1.195245	-0.961401	0.000000	0.922590	1.101755	0.898845	4.588514	-0.474302	-0.170990	0.000000
-0.598940	1.574793	0.931475	0.052264	0.018053	-0.011260	0.998407	0.256513	0.112708	-0.559844	1.228418	-0.290502	0.057980	-0.029047	-0.010553	-0.396401	0.800124	-0.340614	0.028973	-0.051055	-0.845903	-0.064238	-0.913213	-0.947798	-0.556745	0.039368	0.000000	-0.504706	-0.318379	-0.033843	-1.510105	-0.378682	-0.353029	0.000000	-0.141041	-0.291083	-2.908614	5.120242	-0.273411	0.263303	0.286671	-0.125109	-0.306014	0.267471	0.038393	-0.037044	0.057054	0.148605	-0.763235	-0.953466	4.602593	0.792925	-0.836458	0.000000	0.385191	1.253676	0.526571	4.318624	-0.679195	-0.298022	0.000000
-0.597404	1.579330	0.931575	0.051767	0.018536	-0.011107	0.998425	0.252583	0.106019	-0.608526	1.323590	-0.295142	0.061615	-0.023682	-0.011127	-0.396366	0.799730	-0.339147	0.029597	-0.048817	-0.852982	-0.072143	-0.935782	-0.880968	-0.555283	0.027522	0.000000	-0.501444	-0.298609	-0.028733	-1.444443	-0.389395	-0.358066	0.000000	-0.270361	-0.434954	-2.239181	4.661191	-0.210870	0.094400	0.236979	0.030073	0.119927	-0.105619	0.087740	0.134995	0.123441	-0.329497	-0.348451	-1.069200	2.910113	-0.007717	-0.544138	0.000000	0.132631	0.830555	0.175051	2.886739	-0.437411	-0.249460	0.000000
-0.596704	1.583547	0.932271	0.051584	0.019239	-0.011349	0.998419	0.245698	0.095309	-0.649411	1.414865	-0.298937	0.061756	-0.019567	-0.009350	-0.391603	0.795899	-0.337105	0.034372	-0.046117	-0.859083	-0.078176	-0.955981	-0.831394	-0.557053	0.017602	0.000000	-0.499401	-0.285157	-0.026841	-1.394636	-0.396179	-0.363008	0.000000	-0.427897	-0.560307	-2.021690	4.585111	-0.255854	-0.272328	0.166997	0.110350	0.229981	-0.164145	0.093031	0.314323	0.155179	-0.278611	-0.588924	-1.358390	2.994138	-0.047004	-0.648970	0.000000	0.026220	0.773193	0.038374	3.181154	-0.273211	-0.198651	0.000000
-0.596226	1.587155	0.932675	0.052252	0.020926	-0.010994	0.998354	0.235468	0.083607	-0.689393	1.506994	-0.305377	0.050722	-0.017002	-0.006713	-0.387167	0.793164	-0.335426	0.042169	-0.042609	-0.864126	-0.095700	-0.990118	-0.761203	-0.557163	0.001563	0.000000	-0.500395	-0.267682	-0.027198	-1.317196	-0.400323	-0.366012	0.000000	-0.581902	-0.621081	-1.886949	4.440248	-0.296389	-0.725518	0.104873	0.168791	0.252604	-0.194970	0.111382	0.368238	0.148464	-0.129870	-0.791486	-1.422668	2.796480	0.045513	-0.816677	0.000000	-0.125058	1.012299	-0.271018	3.078961	-0.323546	0.033072	0.000000
-0.596070	1.590382	0.933388	0.053855	0.022023	-0.010382	0.998252	0.222422	0.070466	-0.724889	1.592475	-0.310792	0.032735	-0.015373	-0.002599	-0.381499	0.788101	-0.332649	0.049102	-0.040178	-0.864277	-0.109836	-1.012888	-0.719534	-0.555233	-0.015065	0.000000	-0.504403	-0.244665	-0.037682	-1.271477	-0.409121	-0.361685	0.000000	-0.745039	-0.732807	-1.461726	3.769124	-0.147736	-0.861766	0.044967	0.182977	0.351346	-0.337276	0.127527	0.336843	0.102530	-0.114462	-0.534647	-0.751460	1.386130	0.046793	-0.479056	0.000000	-0.255185	0.816740	-0.514435	1.516768	-0.340538	0.125963	0.000000
-0.596228	1.593357	0.934947	0.055393	0.023511	-0.009133	0.998146	0.205666	0.054295	-0.747862	1.657759	-0.311286	0.016252	-0.015203	0.000606	-0.373113	0.779673	-0.330325	0.055643	-0.038508	-0.868704	-0.117085	-1.020176	-0.705758	-0.555292	-0.017599	0.000000	-0.510603	-0.235012	-0.047775	-1.256526	-0.413945	-0.360973	0.000000	-0.879324	-0.986379	-1.194541	3.100547	-0.045031	-1.082476	-0.023645	0.040320	0.458299	-0.502282	0.089096	0.447342	-0.004884	-0.408050	-0.421177	-0.370008	0.431235	-0.094508	0.066958	0.000000	-0.473766	0.397057	-0.821368	0.426403	-0.242615	-0.029423	0.000000
-0.596557	1.595751	0.936263	0.054216	0.024246	-0.007924	0.998203	0.187249	0.031011	-0.772671	1.716497	-0.312594	-0.010564	-0.016318	-0.000986	-0.363167	0.768009	-0.329086	0.066996	-0.040374	-0.880599	-0.126683	-1.027688	-0.702285	-0.559013	-0.012387	0.000000	-0.523354	-0.228783	-0.070537	-1.254421	-0.418825	-0.362862	0.000000	-0.902885	-1.077134	-1.004635	2.518648	-0.082672	-1.079287	-0.047663	-0.048221	0.464322	-0.566050	0.059304	0.645429	-0.096781	-0.672908	-0.572740	-0.406444	0.018729	-0.216757	0.315080	0.000000	-0.647727	0.154997	-1.094077	-0.027239	-0.138536	-0.018493	0.000000
-0.597166	1.598243	0.937803	0.052922	0.024455	-0.006412	0.998279	0.169551	0.011209	-0.788048	1.758505	-0.314593	-0.026920	-0.017110	-0.001322	-0.354540	0.757031	-0.327953	0.081460	-0.042379	-0.895621	-0.139995	-1.036434	-0.705008	-0.563962	-0.004996	0.000000	-0.536512	-0.228812	-0.091538	-1.257615	-0.419486	-0.361713	0.000000	-0.926590	-0.907547	-0.693306	1.807135	-0.146830	-0.471576	-0.093722	-0.112806	0.446102	-0.591159	0.068127	0.633749	-0.122176	-0.868191	-0.726148	-0.363734	-0.515689	-0.258695	0.507690	0.000000	-0.732033	-0.235566	-1.033917	-0.459209	0.074381	0.086624	0.000000
-0.597639	1.600013	0.939349	0.050856	0.024423	-0.004532	0.998397	0.150186	-0.005291	-0.800403	1.788783	-0.318467	-0.029427	-0.020067	-0.005498	-0.345323	0.744363	-0.326360	0.092346	-0.045261	-0.915327	-0.155729	-1.042238	-0.722913	-0.569361	0.007921	0.000000	-0.552635	-0.238206	-0.111893	-1.272790	-0.415850	-0.359397	0.000000	-1.018939	-0.772294	-0.413705	1.078513	-0.126395	-0.135670	-0.175653	-0.220932	0.403601	-0.592950	0.094835	0.428521	-0.129065	-1.303419	-0.833268	-0.343382	-1.266055	-0.413120	0.913249	0.000000	-0.996999	-0.625693	-1.324885	-1.130676	0.184903	0.102010	0.000000
-0.598059	1.601196	0.940830	0.049487	0.024312	-0.002817	0.998475	0.128793	-0.019682	-0.804596	1.801646	-0.319649	-0.032347	-0.024136	-0.010160	-0.338396	0.733313	-0.324159	0.098601	-0.047542	-0.947758	-0.173326	-1.050169	-0.755651	-0.580487	0.031534	0.000000	-0.576392	-0.253840	-0.144533	-1.302842	-0.412090	-0.357633	0.000000	-1.014305	-0.613910	0.109601	0.104070	-0.053978	-0.318777	-0.187255	-0.135215	0.319949	-0.544098	0.137010	0.180676	-0.084676	-1.820509	-0.641553	-0.508058	-1.844427	-0.803956	1.235969	0.000000	-1.252559	-1.149552	-1.633444	-1.880753	0.324358	0.041872	0.000000
-0.598671	1.602393	0.942501	0.049460	0.023479	0.000088	0.998500	0.109613	-0.029847	-0.796019	1.792945	-0.320626	-0.042178	-0.027557	-0.010907	-0.332525	0.722599	-0.320880	0.099573	-0.048648	-0.988147	-0.181391	-1.062560	-0.796690	-0.601519	0.057360	0.000000	-0.602738	-0.284188	-0.177231	-1.348020	-0.402876	-0.357722	0.000000	-0.876470	-0.285487	0.692210	-0.889647	-0.152406	-0.389020	-0.162642	0.038400	0.265729	-0.483635	0.120256	0.000975	-0.010296	-1.826632	-0.303762	-0.480416	-2.014387	-0.930566	1.205451	0.000000	-1.174250	-1.562154	-1.442406	-2.233651	0.549574	0.004905	0.000000
-0.599362	1.603596	0.943843	0.051307	0.023108	0.002298	0.998413	0.093734	-0.031102	-0.776907	1.766060	-0.325745	-0.047907	-0.030641	-0.008624	-0.327767	0.713968	-0.319349	0.098640	-0.047954	-1.020823	-0.185476	-1.069386	-0.836226	-0.617709	0.079752	0.000000	-0.623362	-0.316326	-0.202230	-1.392188	-0.390107	-0.357436	0.000000	-0.726333	0.218916	1.211233	-1.814070	-0.450623	-0.031432	-0.152243	0.157953	0.227956	-0.417587	0.062795	-0.070387	0.028818	-1.618603	-0.369424	-0.283962	-2.365905	-0.648093	1.184884	0.000000	-1.108870	-1.755954	-1.294656	-2.476382	0.738541	-0.003204	0.000000
-0.600410	1.604704	0.945107	0.054189	0.022653	0.004454	0.998264	0.080560	-0.021091	-0.747570	1.720383	-0.338651	-0.043435	-0.033647	-0.004589	-0.323407	0.705896	-0.318368	0.096757	-0.047495	-1.052892	-0.196168	-1.073918	-0.891326	-0.627443	0.104755	0.000000	-0.647092	-0.354426	-0.229017	-1.447075	-0.373334	-0.357850	0.000000	-0.604992	0.719229	1.732656	-2.766869	-0.737915	0.358286	-0.156480	0.192515	0.260556	-0.386581	0.027066	-0.087067	0.053889	-1.533064	-0.726162	-0.155494	-3.171663	-0.220528	1.294972	0.000000	-1.172601	-1.885357	-1.292408	-2.788502	0.864769	-0.052614	0.000000
-0.601691	1.605633	0.946208	0.056817	0.022855	0.006566	0.998101	0.069535	-0.002333	-0.707601	1.655385	-0.355262	-0.033576	-0.036900	-0.000923	-0.317344	0.698505	-0.318266	0.095157	-0.045798	-1.082145	-0.214523	-1.075606	-0.963093	-0.626530	0.131551	0.000000	-0.670266	-0.391740	-0.253926	-1.503728	-0.355517	-0.359541	0.000000	-0.471607	1.071315	2.188280	-3.722185	-0.883927	0.333236	-0.126781	0.159582	0.272658	-0.343765	-0.008352	-0.108919	0.080543	-1.730642	-0.586403	-0.154200	-3.768760	-0.124654	1.343488	0.000000	-1.205942	-1.972294	-1.315345	-3.043118	1.008856	-0.164029	0.000000
-0.603090	1.606742	0.947030	0.059123	0.022696	0.008132	0.997960	0.061696	0.021762	-0.660038	1.571495	-0.374008	-0.030106	-0.038718	0.001795	-0.312501	0.692145	-0.318702	0.092400	-0.044273	-1.122117	-0.219624	-1.080086	-1.042076	-0.632429	0.158495	0.000000	-0.695330	-0.433318	-0.281631	-1.568800	-0.332980	-0.364411	0.000000	-0.379365	1.140586	2.516127	-4.629144	-0.989091	0.252646	-0.092889	0.149032	0.213848	-0.274275	-0.047515	-0.117750	0.085046	-1.908946	-0.008052	-0.218374	-3.703432	-0.386630	1.189202	0.000000	-1.238295	-2.032192	-1.281570	-3.264081	1.153180	-0.277697	0.000000
-0.604751	1.607933	0.947615	0.061573	0.022456	0.009621	0.997804	0.054360	0.043291	-0.606956	1.470219	-0.394825	-0.023470	-0.040616	0.005038	-0.308791	0.687534	-0.320167	0.090447	-0.042396	-1.158503	-0.214845	-1.084341	-1.111230	-0.641996	0.179119	0.000000	-0.719797	-0.473028	-0.305189	-1.634292	-0.309389	-0.370649	0.000000	-0.340225	0.868688	2.647260	-5.362067	-0.890530	0.586061	-0.045845	0.180249	0.149529	-0.210816	-0.088655	-0.091304	0.070308	-1.859507	0.351639	-0.179610	-3.556985	-0.531454	0.961894	0.000000	-1.279025	-2.077291	-1.083036	-3.597817	1.272491	-0.299050	0.000000
-0.606349	1.609287	0.947698	0.063199	0.021858	0.010346	0.997708	0.048087	0.056509	-0.554148	1.357013	-0.409629	-0.006664	-0.040552	0.009005	-0.306520	0.683712	-0.322249	0.088748	-0.041461	-1.196498	-0.205558	-1.087271	-1.184356	-0.653687	0.196970	0.000000	-0.746491	-0.516409	-0.324952	-1.712713	-0.282080	-0.376373	0.000000	-0.301126	0.495380	2.713570	-6.001744	-0.708360	0.412558	0.027886	0.186327	0.106975	-0.143196	-0.152382	-0.109319	0.015420	-1.857916	0.458658	-0.059137	-3.770721	-0.572564	0.801573	0.000000	-1.267913	-2.150498	-0.926525	-4.052448	1.396514	-0.345050	0.000000
-0.608200	1.610536	0.947361	0.064915	0.020891	0.010646	0.997615	0.042315	0.063106	-0.498413	1.230150	-0.423160	-0.006968	-0.039501	0.012491	-0.304511	0.681806	-0.326262	0.086075	-0.041780	-1.232820	-0.196498	-1.086706	-1.262059	-0.664898	0.211182	0.000000	-0.770514	-0.559048	-0.342250	-1.796390	-0.253529	-0.384451	0.000000	-0.282447	0.178891	2.730224	-6.511500	-0.456060	-0.105559	0.077808	0.174982	0.035058	-0.007732	-0.230650	-0.228152	-0.083249	-1.749071	0.428942	0.133604	-3.695700	-0.550261	0.648167	0.000000	-1.175313	-1.952985	-0.742237	-3.977111	1.299551	-0.440166	0.000000
-0.610235	1.611923	0.946504	0.066381	0.019884	0.010600	0.997540	0.036789	0.063665	-0.444939	1.096552	-0.427871	-0.010886	-0.037440	0.016004	-0.305117	0.683403	-0.331475	0.079622	-0.044791	-1.266460	-0.188401	-1.081927	-1.332184	-0.675698	0.222897	0.000000	-0.793504	-0.594529	-0.354642	-1.871797	-0.230098	-0.393980	0.000000	-0.279260	-0.135291	2.496352	-6.558521	0.004399	-0.224384	0.106269	0.083637	0.004687	0.097662	-0.344767	-0.363366	-0.288478	-1.624027	0.462496	0.308964	-3.589553	-0.585324	0.521604	0.000000	-1.107413	-1.645885	-0.492319	-3.759664	1.124670	-0.563997	0.000000
-0.612619	1.613221	0.945174	0.066280	0.019331	0.010382	0.997560	0.031145	0.057694	-0.398559	0.967809	-0.422984	-0.015943	-0.035250	0.015837	-0.304324	0.685712	-0.340053	0.071540	-0.053319	-1.297781	-0.177999	-1.074348	-1.405641	-0.688311	0.232046	0.000000	-0.814811	-0.624883	-0.361943	-1.946776	-0.208542	-0.407011	0.000000	-0.264362	-0.504556	1.911561	-5.951743	0.949827	-0.341147	0.135810	-0.070382	0.046130	0.094555	-0.482684	-0.200505	-0.506809	-1.338732	0.502001	0.408989	-3.335309	-0.587484	0.357991	0.000000	-1.056689	-1.245034	-0.174420	-3.463957	0.829411	-0.575938	0.000000
-0.614960	1.614458	0.943484	0.064841	0.018103	0.009505	0.997686	0.026215	0.043483	-0.368477	0.858483	-0.389878	-0.024532	-0.032007	0.013189	-0.303272	0.687185	-0.350782	0.071602	-0.065063	-1.320010	-0.168321	-1.065567	-1.465596	-0.699197	0.237217	0.000000	-0.835771	-0.644330	-0.361619	-2.010355	-0.196922	-0.417017	0.000000	-0.230749	-0.702947	1.095445	-4.163293	2.691661	-0.135915	0.138157	-0.177686	0.068288	0.060047	-0.377218	-0.064798	-0.576041	-0.936860	0.369594	0.349492	-2.647564	-0.483373	0.192687	0.000000	-0.959685	-0.844276	0.089911	-2.790397	0.440043	-0.396525	0.000000
-0.617124	1.615262	0.942706	0.062203	0.017319	0.008744	0.997875	0.021915	0.029576	-0.354741	0.801277	-0.315317	-0.021380	-0.029724	0.008729	-0.301592	0.688114	-0.355141	0.068948	-0.076360	-1.335255	-0.163215	-1.060368	-1.511543	-0.707646	0.239754	0.000000	-0.853198	-0.658654	-0.358346	-2.058392	-0.190940	-0.422872	0.000000	-0.207432	-0.269857	0.694897	-1.735106	1.211119	0.435618	0.002882	-0.227873	0.153440	-0.073943	-0.181857	-0.141986	-0.545034	-0.725976	0.022509	0.267795	-2.081165	-0.392008	0.203578	0.000000	-0.874691	-0.778516	0.165341	-2.129841	0.275206	-0.163099	0.000000
-0.618891	1.614873	0.943022	0.058655	0.016703	0.009611	0.998092	0.017917	0.032689	-0.340681	0.789079	-0.341434	-0.007107	-0.031892	0.004074	-0.297134	0.684228	-0.358056	0.065923	-0.086865	-1.349049	-0.167420	-1.054855	-1.548843	-0.714877	0.245360	0.000000	-0.870759	-0.675471	-0.355005	-2.095549	-0.185914	-0.423541	0.000000	-0.087146	-0.160896	0.394841	-0.398435	-0.718608	0.509913	-0.022492	-0.312939	0.151594	-0.120507	-0.065414	-0.159816	-0.440283	-0.468916	-0.219173	0.184929	-1.446441	-0.250266	0.190067	0.000000	-0.611056	-0.649473	0.137208	-1.371592	0.205391	-0.020030	0.000000
-0.620125	1.615009	0.943530	0.054107	0.015839	0.009089	0.998368	0.018429	0.023140	-0.338948	0.785340	-0.344062	-0.000983	-0.030623	-0.003788	-0.295529	0.683294	-0.357758	0.062555	-0.093972	-1.354012	-0.171982	-1.052971	-1.569401	-0.717657	0.247357	0.000000	-0.877640	-0.684633	-0.352858	-2.113256	-0.182725	-0.423673	0.000000	-0.009548	-0.565708	-0.076579	-0.088553	0.181820	0.227857	0.031679	-0.497663	0.119565	-0.104794	0.075913	-0.198852	-0.335668	-0.139794	-0.303744	0.058198	-1.038501	-0.090620	0.078587	0.000000	-0.237726	-0.460428	0.117772	-0.811309	0.184337	0.000346	0.000000
-0.620936	1.614911	0.944982	0.047423	0.015028	0.009075	0.998721	0.017535	0.010060	-0.343744	0.785536	-0.334161	0.002007	-0.030625	-0.015833	-0.292352	0.680036	-0.355020	0.057968	-0.100291	-1.354640	-0.179570	-1.052527	-1.590383	-0.718502	0.248503	0.000000	-0.880268	-0.693888	-0.350294	-2.128001	-0.178540	-0.423528	0.000000	-0.008263	-0.797553	-0.322950	-0.074963	0.522462	0.041170	0.016123	-0.776094	0.087686	-0.215055	0.220549	-0.191453	-0.331329	0.116304	-0.389688	-0.040513	-0.987095	0.010978	-0.001244	0.000000	0.032978	-0.381665	0.137703	-0.596857	0.206491	-0.007894	0.000000
-0.620348	1.615047	0.946636	0.037797	0.013107	0.008941	0.999160	0.018098	-0.008762	-0.351866	0.782341	-0.323163	0.000664	-0.029978	-0.034832	-0.292021	0.674692	-0.348936	0.054897	-0.107225	-1.349360	-0.187569	-1.054591	-1.608885	-0.717218	0.247307	0.000000	-0.876321	-0.699900	-0.347350	-2.137130	-0.174465	-0.423989	0.000000	0.057060	-0.964273	-0.438844	-0.156859	0.531675	-0.157183	0.038534	-0.894916	-0.041842	-0.257041	0.313365	-0.119147	-0.294551	0.394255	-0.319329	-0.164226	-0.795963	0.099301	-0.143420	0.000000	0.363395	-0.157504	0.191940	-0.317484	0.157229	-0.036909	0.000000
-0.618977	1.615222	0.947852	0.029490	0.010977	0.008701	0.999467	0.019818	-0.028511	-0.361298	0.779262	-0.312894	-0.004280	-0.029084	-0.051629	-0.294026	0.669754	-0.342485	0.053203	-0.112074	-1.338870	-0.192343	-1.059096	-1.622221	-0.714530	0.242766	0.000000	-0.865732	-0.700188	-0.342617	-2.140701	-0.172251	-0.425004	0.000000	0.077138	-0.819775	-0.359488	-0.176427	0.405843	-0.403907	0.025513	-0.641327	-0.093996	-0.217053	0.241797	-0.069817	-0.141073	0.764439	-0.094213	-0.320846	-0.577214	0.197582	-0.397920	0.000000	0.787450	0.251631	0.386912	-0.075340	-0.013844	-0.070032	0.000000
-0.617871	1.615240	0.948291	0.025157	0.009565	0.008826	0.999599	0.021184	-0.041553	-0.366245	0.775284	-0.306929	-0.015493	-0.028958	-0.060485	-0.295781	0.666010	-0.339264	0.052105	-0.112868	-1.318782	-0.191338	-1.067425	-1.631973	-0.709314	0.231390	0.000000	-0.844823	-0.689835	-0.331873	-2.140144	-0.175019	-0.426790	0.000000	0.045635	-0.369921	-0.145461	-0.164154	0.124291	-0.409217	0.002070	-0.261480	-0.073308	-0.140545	0.036857	-0.008740	0.079362	1.199979	0.323056	-0.454161	-0.373113	0.260174	-0.768839	0.000000	1.238684	0.767709	0.615946	0.115001	-0.214846	-0.133014	0.000000
-0.617010	1.615071	0.947879	0.024782	0.009092	0.008890	0.999612	0.021643	-0.043307	-0.367116	0.772696	-0.307922	-0.020649	-0.029001	-0.062089	-0.296958	0.664132	-0.341011	0.052853	-0.108899	-1.290871	-0.179421	-1.077263	-1.637146	-0.704123	0.212013	0.000000	-0.816185	-0.669479	-0.317979	-2.136101	-0.180845	-0.430324	0.000000	0.005605	0.057891	-0.008126	-0.105727	-0.105421	-0.241206	-0.005138	0.026591	-0.082740	-0.048886	-0.112827	-0.008133	0.264867	1.442742	0.809886	-0.405160	-0.078461	0.230846	-1.034579	0.000000	1.463966	1.150374	0.718726	0.318831	-0.321533	-0.185628	0.000000
-0.616291	1.614768	0.947105	0.027707	0.008856	0.009098	0.999536	0.021408	-0.039237	-0.366570	0.771055	-0.311146	-0.025141	-0.029163	-0.059422	-0.299091	0.664054	-0.343777	0.051779	-0.102273	-1.261073	-0.158942	-1.083632	-1.635112	-0.700080	0.190007	0.000000	-0.786264	-0.643820	-0.303124	-2.127390	-0.187880	-0.434215	0.000000	-0.014229	0.275051	0.022630	-0.029255	-0.168188	-0.192013	0.000235	0.217224	-0.135937	0.048675	-0.130779	-0.115464	0.378107	1.558912	1.130947	-0.188550	0.284514	0.215721	-1.103803	0.000000	1.509212	1.390482	0.786501	0.628841	-0.373470	-0.187843	0.000000
-0.615316	1.614353	0.946225	0.031694	0.009028	0.009177	0.999415	0.021074	-0.032305	-0.366211	0.771526	-0.314650	-0.028329	-0.028991	-0.053400	-0.302395	0.666079	-0.346242	0.048234	-0.093775	-1.228515	-0.134183	-1.084805	-1.625765	-0.695494	0.167861	0.000000	-0.755816	-0.613860	-0.286519	-2.110947	-0.195784	-0.437838	0.000000	-0.004353	0.330538	-0.043493	0.098929	-0.161655	-0.101680	0.024267	0.282426	-0.188379	0.132093	-0.116394	-0.201607	0.410564	1.714781	1.189360	0.009611	0.630936	0.304644	-1.055948	0.000000	1.520872	1.515800	0.860229	1.072353	-0.401711	-0.146626	0.000000
-0.614089	1.613832	0.945365	0.034536	0.009147	0.009019	0.999321	0.021234	-0.026016	-0.368310	0.775012	-0.317612	-0.029208	-0.028193	-0.048124	-0.306626	0.669338	-0.348433	0.043715	-0.085851	-1.192481	-0.111368	-1.083247	-1.609874	-0.687895	0.147769	0.000000	-0.725430	-0.583188	-0.268715	-2.084496	-0.203948	-0.440080	0.000000	0.144461	0.248613	-0.223887	0.375381	-0.148991	0.023041	0.172690	0.173928	-0.209331	0.222562	-0.043343	-0.247995	0.811576	2.022964	0.802630	-0.039914	0.956669	0.630425	-1.017979	0.000000	1.651229	1.363093	0.722498	1.689875	-0.330071	-0.108168	0.000000
-0.612153	1.612585	0.944536	0.036116	0.010034	0.005515	0.999282	0.026852	-0.022361	-0.375166	0.786541	-0.320609	-0.027408	-0.022084	-0.046443	-0.310769	0.674982	-0.347976	0.038315	-0.061312	-1.147596	-0.102078	-1.086401	-1.587498	-0.670277	0.127142	0.000000	-0.689767	-0.559336	-0.257619	-2.043352	-0.208986	-0.442165	0.000000	0.190298	0.041167	-0.387096	0.514853	-0.005365	0.087412	0.213448	0.004100	-0.222243	0.246455	0.046147	-0.211836	0.785179	2.534813	0.464827	-0.012434	1.510766	1.034653	-1.043635	0.000000	1.908308	1.494494	0.624660	2.538869	-0.450761	-0.063673	0.000000
-0.610508	1.612123	0.944202	0.035772	0.010034	0.004596	0.999299	0.028846	-0.024369	-0.383794	0.795606	-0.317827	-0.025712	-0.019655	-0.047960	-0.315516	0.679196	-0.346587	0.035242	-0.054443	-1.091089	-0.092775	-1.083745	-1.549444	-0.646509	0.106023	0.000000	-0.649097	-0.523408	-0.243729	-1.982942	-0.221979	-0.442627	0.000000	0.121394	-0.154944	-0.512648	0.567539	0.200052	0.123555	0.143149	-0.152209	-0.219499	0.218007	0.064192	-0.161008	0.280933	2.750146	0.462742	0.323868	2.045515	1.141012	-0.923697	0.000000	1.901937	1.839434	0.804719	3.217274	-0.711735	0.059787	0.000000
-0.608645	1.611660	0.943778	0.033429	0.010369	0.002745	0.999384	0.031708	-0.028559	-0.395672	0.809242	-0.312607	-0.022466	-0.016358	-0.052531	-0.319549	0.683702	-0.345408	0.031874	-0.050074	-1.037590	-0.083568	-1.073447	-1.505678	-0.624637	0.090194	0.000000	-0.613690	-0.485759	-0.225430	-1.914661	-0.237456	-0.439773	0.000000	0.158735	-0.253970	-0.717771	0.808451	0.239830	0.204449	0.181141	-0.309042	-0.231619	0.241053	0.024534	-0.164964	0.181581	2.885485	0.424837	0.726053	2.471039	1.248237	-0.763415	0.000000	1.729268	1.757918	1.015626	3.915215	-0.650246	0.246801	0.000000
-0.606348	1.611194	0.942904	0.030174	0.010368	0.000827	0.999491	0.035195	-0.034528	-0.412505	0.827944	-0.308234	-0.017534	-0.012409	-0.060322	-0.324780	0.688838	-0.345606	0.028643	-0.047180	-0.975670	-0.075781	-1.054702	-1.450602	-0.596579	0.075487	0.000000	-0.579926	-0.453091	-0.203104	-1.826333	-0.247989	-0.432755	0.000000	0.261299	-0.344843	-1.120010	1.291259	0.223073	0.285320	0.279603	-0.438261	-0.363430	0.351712	-0.023199	-0.169927	0.111935	3.461593	0.198705	1.201710	3.325698	1.963176	-0.776189	0.000000	1.540320	1.329118	1.385473	5.272609	-0.125172	0.615990	0.000000
-0.603280	1.610986	0.941373	0.025823	0.009957	-0.002387	0.999614	0.042160	-0.042352	-0.440473	0.860893	-0.303684	-0.011053	-0.005174	-0.070061	-0.334086	0.697771	-0.346336	0.025077	-0.045597	-0.899127	-0.075620	-1.025378	-1.372650	-0.546110	0.059146	0.000000	-0.552077	-0.432594	-0.170011	-1.703757	-0.242463	-0.415134	0.000000	0.294797	-0.351188	-1.427259	1.721229	0.262748	0.274980	0.301474	-0.393608	-0.488210	0.482610	-0.061720	-0.149813	0.127619	3.433846	-0.099134	1.800278	4.278403	2.693698	-0.661085	0.000000	0.955108	1.045407	2.132628	7.039100	0.344125	1.249523	0.000000
-0.600204	1.610456	0.939536	0.022842	0.009801	-0.004704	0.999680	0.046987	-0.048575	-0.469595	0.896793	-0.297724	-0.006535	-0.000350	-0.076066	-0.344309	0.708143	-0.348075	0.022651	-0.042075	-0.838316	-0.079747	-0.982691	-1.279466	-0.488831	0.049043	0.000000	-0.541722	-0.411275	-0.117798	-1.544769	-0.234224	-0.382774	0.000000	0.189890	-0.294572	-1.479895	1.824750	0.376422	0.198863	0.182041	-0.250874	-0.528004	0.526255	-0.083850	-0.110320	0.261337	2.586141	-0.187840	2.187841	4.715910	2.815677	-0.539191	0.000000	-0.039637	1.335441	2.986353	7.702041	0.041398	1.807412	0.000000
-0.597192	1.609807	0.937800	0.021251	0.009659	-0.006004	0.999710	0.049756	-0.054135	-0.499668	0.933883	-0.288627	-0.003098	0.002108	-0.080096	-0.355206	0.718821	-0.349690	0.020664	-0.035144	-0.795681	-0.083134	-0.937865	-1.184013	-0.433483	0.037579	0.000000	-0.553662	-0.379177	-0.050557	-1.395675	-0.240807	-0.342837	0.000000	0.073429	-0.227177	-1.540763	2.092879	0.536636	0.123441	0.069310	-0.134101	-0.547307	0.595295	-0.094675	-0.119215	0.364994	1.898640	0.020778	2.824116	4.786956	2.734014	0.040281	0.000000	-0.796120	1.802521	3.583742	6.839853	-0.705674	1.991887	0.000000
-0.594240	1.608877	0.935972	0.020350	0.009707	-0.005878	0.999729	0.049924	-0.057662	-0.531226	0.980508	-0.276258	-0.001597	0.002422	-0.081430	-0.366201	0.731954	-0.351862	0.017882	-0.027476	-0.762370	-0.078916	-0.869727	-1.087988	-0.379471	0.050655	0.000000	-0.573567	-0.339174	0.025551	-1.271175	-0.262451	-0.303099	0.000000	-0.040503	-0.227798	-1.639545	2.642074	0.218404	-0.188555	-0.004747	-0.014645	-0.543232	0.644253	-0.077242	-0.088725	0.415912	1.600473	-0.108900	3.182647	4.201198	2.883987	0.675829	0.000000	-0.923382	1.622911	3.843087	5.420035	-0.868259	1.736406	0.000000
-0.591299	1.607904	0.934469	0.021087	0.010646	-0.006603	0.999699	0.048136	-0.063247	-0.565250	1.039566	-0.279891	-0.010640	0.001918	-0.080682	-0.376935	0.744591	-0.352780	0.017115	-0.018507	-0.731662	-0.087490	-0.810559	-1.015965	-0.318123	0.064612	0.000000	-0.590598	-0.314260	0.103167	-1.178874	-0.275537	-0.273381	0.000000	-0.096857	-0.133245	-1.791608	3.301871	-0.478253	-0.495667	-0.041419	0.067367	-0.563180	0.669454	0.008762	-0.193012	0.455404	1.270710	-0.321075	3.373816	3.090888	3.262976	1.198655	0.000000	-0.730680	0.964506	4.285462	4.188183	-0.173375	1.526843	0.000000
-0.588307	1.606960	0.933206	0.021328	0.011461	-0.006245	0.999687	0.046050	-0.062992	-0.602890	1.112583	-0.295389	-0.021424	0.000766	-0.078736	-0.388728	0.758733	-0.351511	0.010161	-0.009259	-0.711542	-0.091759	-0.734774	-0.964352	-0.248952	0.098601	0.000000	-0.602794	-0.300594	0.196970	-1.103647	-0.269386	-0.242025	0.000000	-0.133298	0.379363	-1.751658	3.700304	-0.656990	-0.504343	-0.115039	0.030642	-0.431360	0.515857	0.083545	-0.255039	0.532515	0.764920	0.264755	2.963440	2.125862	2.550659	1.493882	0.000000	-0.444718	0.579556	3.912024	2.821636	0.353957	1.368669	0.000000
-0.585850	1.606097	0.933029	0.021610	0.012223	-0.005014	0.999679	0.042804	-0.048073	-0.635317	1.187578	-0.306171	-0.030814	-0.002683	-0.079456	-0.394190	0.765225	-0.349438	0.006914	0.002794	-0.701065	-0.076900	-0.692021	-0.930931	-0.216097	0.124367	0.000000	-0.608386	-0.291078	0.259647	-1.066008	-0.261379	-0.218634	0.000000	-0.110177	0.993080	-1.876129	4.183966	-0.688326	-0.127680	-0.177678	-0.040068	-0.362616	0.406772	0.117902	-0.126754	0.505720	0.518239	1.678047	2.290606	2.470632	1.396788	1.403621	0.000000	-0.550273	0.949050	4.123158	1.990211	0.470773	1.635705	0.000000
-0.583873	1.604928	0.932839	0.021351	0.012179	-0.003962	0.999690	0.041643	-0.023269	-0.677935	1.279942	-0.322922	-0.026531	-0.006342	-0.080339	-0.403233	0.775003	-0.346795	0.005091	0.010969	-0.690812	-0.024637	-0.643150	-0.865527	-0.193080	0.154746	0.000000	-0.624805	-0.262632	0.361896	-1.024039	-0.250555	-0.176597	0.000000	0.059004	1.256887	-2.288294	4.825735	-0.879616	0.339436	-0.135797	-0.051396	-0.460494	0.438477	0.132371	-0.079328	0.432410	0.331727	2.241143	2.511226	2.437206	1.094259	1.360754	0.000000	-0.985768	1.476796	4.861829	1.397249	0.542085	1.946679	0.000000
-0.581752	1.603948	0.932312	0.020867	0.011896	-0.003372	0.999706	0.045164	0.002203	-0.726848	1.380607	-0.341356	-0.017237	-0.008115	-0.081512	-0.412609	0.782764	-0.344143	0.003741	0.020090	-0.687796	0.012746	-0.591572	-0.833443	-0.172326	0.178797	0.000000	-0.647817	-0.232006	0.454121	-1.010118	-0.239695	-0.140767	0.000000	0.228556	0.961626	-2.116360	4.537568	-0.705707	0.483160	-0.103705	-0.076574	-0.277909	0.126049	0.134763	-0.001042	0.469014	0.049080	1.442770	2.041642	1.090838	0.827200	0.934997	0.000000	-0.993985	1.173822	3.590225	0.470403	0.461392	1.335433	0.000000
-0.580499	1.602958	0.933136	0.019479	0.011100	-0.002540	0.999745	0.050785	0.015196	-0.762590	1.461445	-0.351150	-0.007204	-0.010490	-0.083401	-0.414349	0.780045	-0.341405	0.005050	0.029730	-0.688849	0.033074	-0.561484	-0.821893	-0.159992	0.192146	0.000000	-0.664564	-0.215679	0.505505	-1.005223	-0.232099	-0.123179	0.000000	0.381099	0.393684	-1.957873	4.101342	-0.426535	0.426488	-0.087024	-0.132047	-0.180210	-0.076219	0.125998	0.042039	0.438300	-0.277996	1.594300	2.492110	0.432457	0.961407	1.106695	0.000000	-1.542825	1.200584	3.731209	0.197494	0.695135	1.101153	0.000000
-0.579288	1.601985	0.933324	0.017967	0.009540	-0.002520	0.999790	0.060408	0.017950	-0.805163	1.544661	-0.358417	-0.000177	-0.011596	-0.086794	-0.419818	0.779716	-0.339103	0.005422	0.037622	-0.698916	0.076518	-0.491888	-0.816144	-0.133870	0.223065	0.000000	-0.709530	-0.183983	0.603369	-1.002218	-0.211890	-0.096721	0.000000	0.538803	-0.037100	-1.633295	3.537455	-0.281063	0.248940	-0.075411	-0.156407	-0.054314	-0.190921	0.115107	0.114706	0.433141	-0.580560	2.007433	3.001212	0.032057	1.019770	1.412529	0.000000	-2.090113	1.470186	3.934112	0.075266	0.830105	0.972832	0.000000
-0.579340	1.600776	0.934537	0.016426	0.008905	-0.002403	0.999823	0.072337	0.013712	-0.827921	1.602943	-0.362392	0.002753	-0.013506	-0.089658	-0.416522	0.772409	-0.336800	0.009638	0.047056	-0.712071	0.113371	-0.441436	-0.820611	-0.119201	0.248647	0.000000	-0.748169	-0.156871	0.662870	-1.002212	-0.198895	-0.084266	0.000000	0.671264	-0.289747	-0.947270	2.556580	-0.277357	0.148570	-0.110502	-0.193826	0.271873	-0.458845	0.130555	0.216646	0.453763	-0.790139	2.106614	2.664087	-0.547101	0.671804	1.394121	0.000000	-2.201371	1.519127	3.108042	-0.195661	0.754509	0.610915	0.000000
-0.579456	1.599234	0.935680	0.012401	0.008617	-0.002102	0.999884	0.087258	0.006360	-0.843054	1.646924	-0.369511	0.005766	-0.016016	-0.094547	-0.408943	0.761362	-0.333881	0.014088	0.055772	-0.730522	0.160783	-0.385324	-0.838028	-0.106998	0.278830	0.000000	-0.797585	-0.123218	0.727691	-1.010045	-0.181710	-0.072284	0.000000	0.796240	-0.395588	-0.531480	1.680827	-0.329621	0.100163	-0.126711	-0.300322	0.360280	-0.547598	0.111362	0.246516	0.390187	-0.903651	2.186177	2.578787	-1.100314	0.536511	1.326358	0.000000	-2.420862	1.520485	2.937357	-0.539696	0.874333	0.436206	0.000000
-0.579694	1.597612	0.936799	0.007691	0.007942	-0.002071	0.999937	0.104187	-0.002111	-0.849181	1.670176	-0.375577	0.006760	-0.018575	-0.101671	-0.402111	0.750505	-0.332346	0.019498	0.062663	-0.748217	0.200818	-0.338284	-0.864624	-0.097741	0.301701	0.000000	-0.845003	-0.096052	0.780364	-1.023800	-0.163922	-0.066818	0.000000	0.884578	-0.200462	0.018187	0.606984	-0.335598	0.107504	-0.137489	-0.363269	0.352716	-0.528912	0.058088	0.259365	0.335016	-0.939701	2.052110	2.440947	-1.579358	0.395608	1.209810	0.000000	-2.445249	1.335889	2.506268	-0.919449	0.936945	0.178438	0.000000
-0.580552	1.595863	0.937908	0.003677	0.007250	-0.001919	0.999965	0.122642	-0.001658	-0.842327	1.671204	-0.382935	0.010066	-0.021516	-0.109078	-0.394834	0.740205	-0.331557	0.024463	0.069173	-0.768110	0.242867	-0.287686	-0.901203	-0.091174	0.327222	0.000000	-0.895395	-0.069782	0.827941	-1.046823	-0.144232	-0.065147	0.000000	0.942655	0.208402	0.607628	-0.479349	-0.472738	0.348342	-0.149411	-0.330375	0.357363	-0.482616	0.006539	0.214603	0.304811	-0.965184	2.111121	2.396428	-2.009755	0.159117	1.247017	0.000000	-2.505958	1.230912	2.249965	-1.360151	1.043105	0.018869	0.000000
-0.581806	1.593921	0.938704	-0.000546	0.006539	-0.001708	0.999977	0.141893	0.006225	-0.824875	1.651002	-0.394487	0.020693	-0.024551	-0.114886	-0.387816	0.731200	-0.332084	0.028083	0.074856	-0.786825	0.285263	-0.242427	-0.945014	-0.091376	0.351582	0.000000	-0.945242	-0.046816	0.870362	-1.078206	-0.122197	-0.066063	0.000000	0.979935	0.571480	1.057830	-1.514646	-0.656050	0.639494	-0.135481	-0.333626	0.304490	-0.394666	-0.047537	0.129743	0.226347	-0.912581	2.100080	2.175951	-2.367979	-0.161276	1.161155	0.000000	-2.501173	1.114061	2.037921	-1.797456	1.178904	-0.030739	0.000000
-0.583325	1.591784	0.939225	-0.005163	0.005353	-0.001943	0.999971	0.161839	0.021201	-0.800013	1.610618	-0.409177	0.035646	-0.026935	-0.122423	-0.382655	0.724419	-0.333459	0.029652	0.078227	-0.804613	0.326870	-0.200648	-0.995922	-0.097625	0.373668	0.000000	-0.995442	-0.025220	0.909458	-1.118721	-0.097076	-0.066376	0.000000	0.962344	0.857159	1.481685	-2.602810	-0.709374	0.671413	-0.115786	-0.391646	0.222838	-0.283168	-0.082988	0.020605	0.124875	-0.909393	1.963886	2.139580	-2.912848	-0.319701	1.047716	0.000000	-2.578583	1.030629	1.871790	-2.304563	1.403626	-0.015034	0.000000
-0.585143	1.589281	0.939472	-0.010048	0.003948	-0.002389	0.999939	0.180387	0.040511	-0.765608	1.546890	-0.422862	0.047550	-0.029183	-0.130552	-0.378903	0.719873	-0.335404	0.028907	0.079851	-0.823200	0.363819	-0.156844	-1.061528	-0.104164	0.393490	0.000000	-1.048385	-0.005590	0.945234	-1.170389	-0.066052	-0.066664	0.000000	0.861728	0.940468	1.900852	-3.693831	-0.664204	0.331299	-0.110230	-0.446333	0.182216	-0.226152	-0.116441	0.050518	0.044153	-0.780338	1.797713	2.250895	-3.861835	-0.346701	0.858893	0.000000	-2.719666	0.874738	1.760766	-2.923563	1.793980	-0.046588	0.000000
-0.586842	1.586196	0.939376	-0.015155	0.002507	-0.003188	0.999877	0.196308	0.058820	-0.723979	1.462865	-0.435745	0.048898	-0.031344	-0.140276	-0.375366	0.715373	-0.338116	0.031673	0.079993	-0.835826	0.398779	-0.110613	-1.150395	-0.111493	0.408024	0.000000	-1.104228	0.009770	0.979889	-1.235664	-0.025317	-0.068240	0.000000	0.705805	0.834730	2.318308	-4.724160	-0.580359	-0.118021	-0.117243	-0.411911	0.166405	-0.165300	-0.114407	0.131875	0.036861	-0.545871	1.622062	2.229502	-4.652199	-0.429961	0.653149	0.000000	-2.644598	0.636420	1.623596	-3.352305	2.069690	-0.011726	0.000000
-0.589011	1.582220	0.939262	-0.018872	0.001358	-0.004356	0.999812	0.208619	0.073900	-0.672876	1.357923	-0.446076	0.042829	-0.033872	-0.147028	-0.372246	0.713261	-0.339980	0.034182	0.081325	-0.845035	0.428701	-0.067664	-1.247616	-0.121363	0.419616	0.000000	-1.154169	0.019866	1.010178	-1.304481	0.016735	-0.067133	0.000000	0.549251	0.525378	2.651696	-5.673542	-0.477587	-0.523593	-0.119526	-0.357660	0.154676	-0.067790	-0.131917	0.131735	0.050743	-0.368686	1.275085	2.121269	-5.492920	-0.471674	0.561284	0.000000	-2.365896	0.575206	1.338017	-3.843418	2.040014	0.063060	0.000000
-0.591310	1.577822	0.938572	-0.023330	0.000315	-0.005939	0.999710	0.218278	0.079835	-0.617911	1.235923	-0.454849	0.027954	-0.036125	-0.154583	-0.369179	0.712661	-0.343393	0.036942	0.082023	-0.850574	0.449782	-0.025762	-1.370112	-0.130360	0.430475	0.000000	-1.198864	0.032778	1.033410	-1.389400	0.056284	-0.065718	0.000000	0.369990	0.101546	2.822302	-6.360242	-0.407472	-0.889969	-0.165697	-0.412879	0.187381	0.002117	-0.252765	0.111729	0.026843	-0.190283	0.747282	2.029694	-6.400597	-0.305511	0.611447	0.000000	-1.883858	0.915808	0.823656	-4.520094	1.482790	-0.268517	0.000000
-0.594263	1.572638	0.937557	-0.027866	-0.000304	-0.006965	0.999587	0.223419	0.077962	-0.559984	1.103513	-0.462375	0.007230	-0.040500	-0.163543	-0.364751	0.713346	-0.350091	0.038651	0.082399	-0.852647	0.458592	0.013524	-1.503640	-0.133583	0.444074	0.000000	-1.229523	0.056499	1.043124	-1.485285	0.076047	-0.077874	0.000000	0.189779	-0.463854	2.721944	-6.538281	-0.206510	-1.062055	-0.243348	-0.507395	0.259092	0.065547	-0.388089	0.081416	-0.003436	-0.127284	0.312397	1.797279	-6.697148	-0.262340	0.640076	0.000000	-1.601380	0.859284	0.531900	-4.669079	0.893012	-0.657012	0.000000
-0.597451	1.566540	0.936056	-0.033958	-0.000607	-0.008191	0.999390	0.225869	0.061281	-0.509034	0.974392	-0.463109	-0.014528	-0.045859	-0.174879	-0.358815	0.715283	-0.358917	0.040199	0.081885	-0.855665	0.462278	0.046129	-1.637998	-0.140853	0.456079	0.000000	-1.262919	0.067149	1.054686	-1.576163	0.092005	-0.091998	0.000000	0.090786	-1.189953	2.290034	-6.119005	0.651074	-1.439552	-0.302166	-0.653839	0.317480	0.174208	-0.482311	0.102782	-0.097420	-0.173539	0.031896	1.519372	-6.570652	-0.565339	0.525740	0.000000	-1.720557	0.331819	0.556138	-4.361334	0.814449	-0.636323	0.000000
-0.600742	1.559763	0.934247	-0.041426	-0.000327	-0.009362	0.999098	0.227050	0.030364	-0.468382	0.858753	-0.436332	-0.050352	-0.052587	-0.189697	-0.352052	0.720314	-0.369383	0.042762	0.078502	-0.859588	0.459868	0.074299	-1.766466	-0.156197	0.465104	0.000000	-1.298346	0.069771	1.065370	-1.659738	0.108625	-0.103327	0.000000	-0.017276	-2.105653	1.944425	-5.068797	4.019494	-3.230197	-0.449501	-0.766279	0.465114	0.245908	-0.461047	0.152553	-0.192246	-0.192527	-0.383247	1.284809	-6.076851	-0.904563	0.386541	0.000000	-1.669794	0.021313	0.485715	-3.919801	0.760162	-0.499306	0.000000
-0.604422	1.551633	0.932716	-0.050323	0.001255	-0.009561	0.998686	0.225178	-0.022945	-0.431257	0.771640	-0.302329	-0.143736	-0.063839	-0.205530	-0.340211	0.725119	-0.377359	0.046301	0.074196	-0.863366	0.446948	0.097522	-1.881072	-0.177036	0.471540	0.000000	-1.329711	0.068002	1.074114	-1.732955	0.122411	-0.111970	0.000000	-0.269122	-2.097425	1.601519	-3.090631	3.527480	-3.673221	-0.645737	-0.904996	0.741356	0.126597	-0.274251	0.149734	-0.238456	-0.323069	-0.786595	0.920460	-4.790917	-0.946217	0.279935	0.000000	-1.344714	-0.129381	0.334883	-3.011096	0.598724	-0.342343	0.000000
-0.607675	1.542765	0.933035	-0.061191	0.003668	-0.008646	0.998082	0.216285	-0.053533	-0.404322	0.735128	-0.295233	-0.197281	-0.078416	-0.225897	-0.322398	0.725378	-0.380353	0.048752	0.068964	-0.872511	0.428404	0.111117	-1.958102	-0.194045	0.476301	0.000000	-1.352134	0.064596	1.078765	-1.780182	0.132574	-0.117021	0.000000	-0.469630	-1.081121	1.052232	-1.213500	-0.267138	-2.388733	-0.737736	-1.083567	0.951882	-0.003140	-0.136527	0.004173	-0.272861	-0.410460	-1.040048	0.535180	-3.364477	-0.776318	0.189202	0.000000	-0.857723	-0.185723	0.192037	-2.007031	0.448038	-0.212028	0.000000
-0.610664	1.533916	0.933617	-0.072233	0.006830	-0.007550	0.997336	0.206393	-0.066190	-0.389167	0.723100	-0.313015	-0.239286	-0.093349	-0.248872	-0.302135	0.724994	-0.382820	0.046468	0.063281	-0.879785	0.405346	0.118929	-2.015651	-0.208088	0.479108	0.000000	-1.364020	0.060573	1.081796	-1.813237	0.140333	-0.120451	0.000000	-0.560516	-1.027050	0.307568	-0.219673	-0.134004	-0.948776	-0.724295	-1.229325	0.988586	-0.082815	0.008412	-0.202109	-0.302377	-0.251451	-1.206025	0.282945	-2.371168	-0.560642	0.104092	0.000000	-0.274545	-0.209787	0.148126	-1.280850	0.279328	-0.138544	0.000000
-0.612520	1.525949	0.935392	-0.085470	0.008996	-0.006394	0.996280	0.193865	-0.094615	-0.392019	0.726341	-0.300593	-0.235232	-0.107388	-0.275070	-0.282854	0.722066	-0.380017	0.040667	0.056869	-0.882569	0.380163	0.122435	-2.052949	-0.216471	0.480465	0.000000	-1.363116	0.056205	1.084690	-1.831416	0.143747	-0.122563	0.000000	-0.668176	-1.466161	-0.349932	0.340550	0.695071	0.807386	-0.722875	-1.395797	0.965098	-0.225629	0.162126	-0.284519	-0.349999	-0.069717	-1.151278	0.128861	-1.362836	-0.264864	0.075597	0.000000	0.185394	-0.222677	0.173086	-0.591627	0.075850	-0.062794	0.000000
-0.613548	1.517948	0.937289	-0.100082	0.010232	-0.005001	0.994914	0.179666	-0.124837	-0.403165	0.736722	-0.285212	-0.206990	-0.122264	-0.304704	-0.263531	0.715968	-0.376335	0.035087	0.049281	-0.882573	0.359295	0.124083	-2.070165	-0.218683	0.482132	0.000000	-1.356604	0.051666	1.088719	-1.836902	0.143367	-0.122963	0.000000	-0.735282	-1.391439	-0.567851	0.524959	0.603767	1.422951	-0.792862	-1.457973	0.998445	-0.384466	0.197925	-0.119937	-0.416016	0.080210	-1.182019	0.071166	-0.748318	-0.043109	0.076527	0.000000	0.428748	-0.354369	0.283709	-0.113174	-0.040080	0.045990	0.000000
-0.613645	1.509535	0.938566	-0.114756	0.011180	-0.003378	0.993325	0.164453	-0.150273	-0.414733	0.747339	-0.276442	-0.178314	-0.139103	-0.333388	-0.242917	0.706687	-0.372100	0.035870	0.040228	-0.879361	0.332883	0.125282	-2.082882	-0.218195	0.483526	0.000000	-1.345966	0.042030	1.096038	-1.835943	0.142144	-0.120723	0.000000	-0.749747	-1.105618	-0.446215	0.500534	0.215739	1.365903	-0.834943	-1.292887	1.011647	-0.479071	0.189267	0.160529	-0.377405	0.272699	-1.333076	0.082213	-0.475049	0.032092	0.041980	0.000000	0.620729	-0.624689	0.400269	0.241679	-0.069500	0.156296	0.000000
-0.613589	1.500854	0.938970	-0.125416	0.012272	-0.002187	0.992026	0.149676	-0.169061	-0.421013	0.756743	-0.276583	-0.152354	-0.155662	-0.356420	-0.223066	0.696806	-0.368764	0.041509	0.034185	-0.871665	0.305972	0.127372	-2.089167	-0.217399	0.483811	0.000000	-1.331775	0.026678	1.104730	-1.827235	0.140587	-0.116711	0.000000	-0.744629	-0.656470	-0.106248	0.362737	-0.201552	1.103714	-0.834455	-0.870376	0.955935	-0.547729	0.205950	0.364195	-0.150310	0.948811	-1.910731	0.228334	-0.165033	-0.065908	-0.172214	0.000000	1.297727	-1.267772	0.651419	1.002905	-0.181207	0.329408	0.000000
-0.613611	1.491509	0.938882	-0.129970	0.013521	-0.000970	0.991425	0.134668	-0.176531	-0.418983	0.761849	-0.284504	-0.134165	-0.172481	-0.368203	-0.204679	0.684778	-0.363862	0.050438	0.034216	-0.841408	0.256453	0.134415	-2.089483	-0.220832	0.476637	0.000000	-1.294057	-0.008681	1.122095	-1.795827	0.134895	-0.107547	0.000000	-0.679052	-0.152775	0.167157	0.152299	-0.413837	0.554509	-0.744701	-0.298952	0.551597	-0.307103	0.199112	0.362399	0.077235	1.083130	-1.558214	0.246169	0.109047	-0.136085	-0.270632	0.000000	1.345581	-1.167038	0.533473	1.150939	-0.236042	0.294050	0.000000
-0.612867	1.482549	0.938058	-0.128849	0.014131	-0.000306	0.991563	0.122514	-0.175172	-0.414327	0.762835	-0.293136	-0.130174	-0.185450	-0.368378	-0.201002	0.684521	-0.360799	0.056005	0.037274	-0.828340	0.243644	0.137219	-2.084805	-0.222843	0.472986	0.000000	-1.277952	-0.020003	1.126069	-1.781197	0.131145	-0.104949	0.000000	-0.601317	0.224330	0.242091	0.101466	-0.464992	0.123289	-0.620762	0.160959	0.028359	0.095633	0.166677	0.229120	0.219078	1.144207	-0.818817	0.247506	0.642914	-0.187126	-0.312480	0.000000	1.498565	-0.783389	0.182638	1.351514	-0.445398	0.155706	0.000000
-0.611833	1.473521	0.936916	-0.123830	0.014745	0.000280	0.992194	0.110615	-0.167558	-0.409299	0.765908	-0.303104	-0.129234	-0.197311	-0.361765	-0.203545	0.688603	-0.357195	0.059602	0.042979	-0.795640	0.223701	0.144315	-2.063767	-0.228317	0.464138	0.000000	-1.234114	-0.040016	1.129401	-1.741766	0.117079	-0.101318	0.000000	-0.516359	0.380576	0.149789	0.229506	-0.450329	0.022012	-0.500670	0.375472	-0.273403	0.353415	0.193653	0.060691	0.230379	1.806906	-0.828094	0.342280	1.393932	-0.345296	-0.549692	0.000000	2.461269	-0.896494	-0.115323	2.357981	-0.792421	0.119466	0.000000
-0.610393	1.465197	0.935699	-0.118720	0.015200	-0.000180	0.992811	0.101860	-0.159949	-0.408335	0.772015	-0.311149	-0.129293	-0.205476	-0.353359	-0.211938	0.698658	-0.353053	0.058432	0.046489	-0.756064	0.210520	0.150910	-2.029047	-0.236655	0.450998	0.000000	-1.179501	-0.055863	1.121456	-1.686878	0.099448	-0.100171	0.000000	-0.457659	0.385478	0.011855	0.347862	-0.336416	0.026010	-0.419183	0.380719	-0.487213	0.595084	0.224296	-0.122856	0.126418	1.680675	-0.496920	0.235157	1.632628	-0.330339	-0.551181	0.000000	2.382821	-0.637545	-0.494245	2.486211	-0.753028	0.037476	0.000000
-0.608770	1.457138	0.934540	-0.113641	0.015696	-0.000246	0.993398	0.092309	-0.152139	-0.408825	0.779822	-0.316561	-0.128193	-0.214079	-0.346536	-0.223033	0.712406	-0.348223	0.054688	0.048035	-0.728413	0.203824	0.153722	-1.998462	-0.241530	0.442091	0.000000	-1.138802	-0.065518	1.109631	-1.642318	0.086958	-0.099819	0.000000	-0.592733	0.408755	-0.217719	0.578949	-0.225343	0.175588	-0.528863	0.376259	-0.918043	1.162425	0.177725	-0.270408	-0.099756	1.690710	-0.232721	0.253527	2.034733	-0.326595	-0.416543	0.000000	2.651989	-0.382243	-0.848535	2.773166	-0.945873	0.013371	0.000000
-0.606526	1.448996	0.933001	-0.108708	0.015258	0.001684	0.993955	0.078150	-0.143599	-0.417044	0.795173	-0.320163	-0.122270	-0.226631	-0.338309	-0.248660	0.745155	-0.345944	0.047616	0.042499	-0.688436	0.201211	0.161051	-1.947658	-0.249718	0.434337	0.000000	-1.073422	-0.071153	1.087515	-1.575951	0.061613	-0.099636	0.000000	-0.570581	0.294037	-0.301330	0.640246	-0.113010	0.259575	-0.475539	0.340793	-1.156793	1.598305	0.079903	-0.597833	-0.248260	1.651734	-0.230901	0.120154	2.420202	-0.268392	-0.364356	0.000000	2.951711	-0.142813	-1.299939	3.257328	-1.189443	-0.032756	0.000000
-0.604689	1.441443	0.932104	-0.105912	0.016001	0.001345	0.994246	0.069486	-0.140378	-0.420878	0.805432	-0.321081	-0.117810	-0.233100	-0.332905	-0.269305	0.776339	-0.345027	0.030775	0.038105	-0.662344	0.194588	0.158528	-1.901654	-0.252266	0.427517	0.000000	-1.020733	-0.071231	1.057633	-1.512025	0.039381	-0.101130	0.000000	-0.487116	0.263487	-0.277128	0.696503	-0.088841	0.422446	-0.317295	0.387698	-1.461361	2.258383	-0.076240	-1.353872	-0.219857	1.310511	-0.239573	-0.200926	2.447495	-0.201106	-0.328892	0.000000	2.840552	0.136661	-1.748878	3.126046	-1.466944	-0.224962	0.000000
-0.602764	1.434051	0.930732	-0.101861	0.016867	0.001872	0.994654	0.058666	-0.133060	-0.428129	0.823033	-0.323717	-0.105372	-0.239323	-0.322801	-0.307114	0.835490	-0.348994	-0.006539	0.033705	-0.636015	0.191628	0.153014	-1.849758	-0.257763	0.421181	0.000000	-0.959800	-0.065686	1.017559	-1.450909	0.002935	-0.108634	0.000000	-0.451489	0.349076	-0.263323	0.817397	-0.100841	0.596568	-0.143762	0.898997	-1.908880	3.273179	-0.038304	-1.987067	-0.230294	1.224397	-0.107673	-0.440323	2.777049	-0.321468	-0.321192	0.000000	2.910390	0.259440	-2.179696	3.111616	-1.877057	-0.421409	0.000000
-0.601389	1.427700	0.929666	-0.098407	0.018858	0.001232	0.994967	0.051426	-0.126415	-0.431411	0.838128	-0.325115	-0.093947	-0.238851	-0.296945	-0.345660	0.907266	-0.346559	-0.048708	0.028893	-0.613368	0.190281	0.140915	-1.790572	-0.265125	0.414669	0.000000	-0.904317	-0.060853	0.970445	-1.387560	-0.035702	-0.117986	0.000000	-0.349197	0.409991	-0.245578	0.845796	-0.114378	0.664779	0.136945	1.691449	-2.335117	4.356566	-0.223988	-2.221515	-0.221437	1.019228	0.053577	-0.736732	3.201929	-0.512771	-0.270020	0.000000	2.781017	0.295853	-2.612421	3.041977	-2.227618	-0.600781	0.000000
-0.599516	1.422054	0.928253	-0.093738	0.020529	0.000840	0.995385	0.044698	-0.116660	-0.437952	0.856865	-0.328292	-0.078781	-0.233845	-0.255143	-0.400519	1.009753	-0.357953	-0.095400	0.024847	-0.595246	0.193771	0.123545	-1.721681	-0.278273	0.410380	0.000000	-0.848559	-0.053852	0.913063	-1.329230	-0.086169	-0.132666	0.000000	-0.334791	0.468770	-0.315044	0.845547	-0.184138	0.661063	0.213081	1.592907	-2.871194	5.559374	-0.648841	-1.991818	-0.200784	0.721966	-0.162593	-1.272613	3.447345	-0.272947	-0.391705	0.000000	2.529526	0.178311	-2.869432	2.748382	-2.446557	-0.734259	0.000000
-0.597232	1.416843	0.926623	-0.089019	0.021851	0.000736	0.995790	0.038035	-0.107664	-0.444013	0.871950	-0.332480	-0.067505	-0.230327	-0.233228	-0.460508	1.129641	-0.372512	-0.128381	0.020862	-0.584489	0.183777	0.090010	-1.652678	-0.276043	0.399001	0.000000	-0.803136	-0.053721	0.855668	-1.277625	-0.133564	-0.147356	0.000000	-0.315591	0.392229	-0.270633	0.559747	-0.162618	0.441318	0.168812	0.567827	-2.953015	6.032390	-0.768940	-1.600366	-0.257660	0.220890	-0.756511	-1.703018	3.115275	0.494789	-0.613469	0.000000	1.942523	-0.097289	-2.716498	2.320695	-2.177568	-0.681311	0.000000
-0.594717	1.412163	0.925705	-0.085584	0.022166	0.000772	0.996084	0.032074	-0.100971	-0.448778	0.879255	-0.334796	-0.061128	-0.227092	-0.232430	-0.518639	1.251049	-0.388711	-0.159414	0.014541	-0.586410	0.163511	0.055424	-1.597070	-0.258482	0.385841	0.000000	-0.770858	-0.057744	0.804403	-1.236403	-0.173272	-0.159918	0.000000	-0.260724	0.223210	-0.131653	0.230299	-0.052205	0.215458	0.225644	-0.118923	-2.637491	5.827933	-0.904781	-1.465762	-0.387437	-0.138451	-1.008215	-1.859486	2.709925	1.005041	-0.708538	0.000000	1.470126	-0.322666	-2.616605	1.951504	-1.919027	-0.654028	0.000000
-0.593064	1.407817	0.925757	-0.084511	0.022265	0.000679	0.996174	0.027606	-0.098735	-0.449279	0.881162	-0.334568	-0.058887	-0.221302	-0.237985	-0.566008	1.362758	-0.408704	-0.187011	0.005364	-0.590027	0.143449	0.015631	-1.544281	-0.235841	0.370659	0.000000	-0.744331	-0.066627	0.751004	-1.199564	-0.210325	-0.173517	0.000000	-0.209988	0.016472	0.082733	-0.008036	0.028700	0.077187	0.383442	-0.136877	-2.288134	5.520370	-0.959019	-1.193748	-0.500439	-0.211665	-1.077013	-2.381088	3.004563	1.168526	-0.837962	0.000000	1.308903	-0.773345	-3.120197	1.940423	-1.933319	-0.816687	0.000000
-0.592123	1.404129	0.926004	-0.085181	0.023895	0.000139	0.996079	0.023675	-0.100312	-0.445468	0.878934	-0.333648	-0.058040	-0.211755	-0.237905	-0.610165	1.471863	-0.427072	-0.207164	-0.005476	-0.594877	0.120430	-0.039820	-1.476888	-0.211741	0.352323	0.000000	-0.718502	-0.088677	0.679595	-1.158786	-0.250605	-0.192585	0.000000	-0.197459	-0.131100	0.243966	-0.204304	0.097705	0.054614	0.568312	0.169531	-1.936410	4.919651	-0.675802	-0.684340	-0.563700	-0.271074	-1.104134	-2.944655	2.899718	1.088619	-0.907966	0.000000	1.004854	-1.132004	-3.428295	1.533359	-1.753119	-0.939736	0.000000
-0.591625	1.400406	0.927201	-0.087177	0.025082	-0.000196	0.995877	0.019707	-0.103979	-0.439520	0.872990	-0.330660	-0.056702	-0.198569	-0.231204	-0.643464	1.559544	-0.435736	-0.214385	-0.017184	-0.600870	0.099283	-0.102155	-1.428292	-0.192296	0.334341	0.000000	-0.704137	-0.111908	0.613872	-1.138230	-0.280450	-0.211107	0.000000	-0.195062	-0.205442	0.299295	-0.349863	0.173603	0.074560	0.730415	0.440193	-1.509272	3.932509	-0.346494	-0.037123	-0.609408	-0.369218	-0.942787	-3.284631	2.118030	0.849153	-0.889718	0.000000	0.555222	-1.226458	-3.240158	0.704291	-1.342440	-0.865776	0.000000
-0.591118	1.396914	0.928743	-0.089633	0.025771	-0.000522	0.995641	0.015872	-0.108530	-0.433497	0.864939	-0.326704	-0.055058	-0.182538	-0.220297	-0.670535	1.629164	-0.440931	-0.208649	-0.029853	-0.609646	0.082719	-0.171205	-1.392166	-0.177775	0.316734	0.000000	-0.696293	-0.137736	0.549988	-1.130614	-0.304303	-0.227217	0.000000	-0.180130	-0.232515	0.278986	-0.428277	0.220226	0.120053	0.854931	0.674587	-1.197998	2.960601	-0.165521	0.544594	-0.642053	-0.512168	-0.684083	-3.825692	1.542091	0.537734	-1.006553	0.000000	0.274353	-1.363194	-3.347256	0.082365	-1.137191	-0.773077	0.000000
-0.590490	1.393683	0.930538	-0.092116	0.025933	-0.000911	0.995410	0.012502	-0.113280	-0.428361	0.855858	-0.321851	-0.051900	-0.164372	-0.204221	-0.691384	1.677968	-0.442357	-0.192601	-0.042866	-0.621357	0.071920	-0.255183	-1.366608	-0.170787	0.294079	0.000000	-0.693163	-0.166435	0.479982	-1.134935	-0.325937	-0.242030	0.000000	-0.146921	-0.226102	0.223956	-0.449318	0.248758	0.166186	0.929015	0.910032	-0.878784	1.945600	-0.048997	0.987341	-0.629551	-0.774302	-0.576531	-4.086073	0.998232	0.202810	-1.014107	0.000000	0.031152	-1.514006	-3.621559	-0.473890	-1.004973	-0.762023	0.000000
-0.589949	1.390678	0.932348	-0.093604	0.025759	-0.001302	0.995275	0.009995	-0.117574	-0.424538	0.846966	-0.316754	-0.048411	-0.145378	-0.183896	-0.705687	1.706988	-0.442891	-0.169155	-0.055035	-0.640618	0.059657	-0.334648	-1.352237	-0.169662	0.276170	0.000000	-0.695047	-0.198296	0.405126	-1.149570	-0.344501	-0.257697	0.000000	-0.084501	-0.166651	0.182239	-0.464410	0.230528	0.212546	0.960422	1.124983	-0.498092	0.874826	0.029410	1.654569	-0.510187	-1.183397	-0.294103	-4.532907	0.688487	-0.400172	-1.132172	0.000000	-0.111270	-1.697768	-4.025612	-1.045445	-0.921719	-0.893737	0.000000
-0.589670	1.388078	0.934144	-0.094547	0.024707	-0.002541	0.995211	0.009122	-0.119946	-0.421071	0.837282	-0.312630	-0.043398	-0.125955	-0.159221	-0.711308	1.712961	-0.441180	-0.126418	-0.063273	-0.668693	0.060156	-0.436499	-1.339069	-0.186794	0.248792	0.000000	-0.697614	-0.234346	0.318957	-1.176753	-0.362806	-0.277779	0.000000	-0.051637	-0.002230	0.198471	-0.404373	0.152043	0.253453	0.911644	1.146374	-0.011711	-0.179270	-0.020247	1.897249	-0.352142	-1.522626	0.106226	-4.897948	0.551826	-1.053253	-1.392979	0.000000	-0.111032	-1.744795	-4.033390	-1.475003	-0.704560	-0.912764	0.000000
-0.589831	1.385607	0.935444	-0.092706	0.024430	-0.003468	0.995388	0.007930	-0.117663	-0.416600	0.830791	-0.310672	-0.038272	-0.108912	-0.138041	-0.706155	1.699817	-0.443701	-0.093265	-0.069121	-0.701523	0.063907	-0.530566	-1.330164	-0.211792	0.220451	0.000000	-0.699488	-0.268088	0.243790	-1.208570	-0.372684	-0.294208	0.000000	-0.061684	0.148464	0.249142	-0.291222	0.040878	0.233561	0.751068	0.827681	0.553502	-1.139694	-0.188033	1.494152	-0.246447	-1.776224	0.222688	-4.849027	0.362298	-1.404780	-1.502368	0.000000	-0.116205	-1.669449	-3.839758	-1.743013	-0.398950	-0.846738	0.000000
-0.590314	1.383231	0.936353	-0.090407	0.024566	-0.004253	0.995593	0.006655	-0.114007	-0.411106	0.825633	-0.310995	-0.034056	-0.095912	-0.126114	-0.689168	1.667373	-0.448701	-0.066652	-0.073131	-0.739742	0.069063	-0.630460	-1.324577	-0.242985	0.188697	0.000000	-0.702262	-0.301124	0.165367	-1.246474	-0.378764	-0.311649	0.000000	-0.067439	0.185042	0.288334	-0.254898	-0.039476	0.172853	0.538225	0.330150	1.110871	-2.113932	-0.338755	1.018845	-0.194814	-1.996422	0.199804	-4.817788	0.085932	-1.570395	-1.439283	0.000000	-0.179391	-1.737058	-3.884317	-1.965290	-0.087161	-0.949624	0.000000
-0.591134	1.381253	0.937117	-0.088422	0.024690	-0.004654	0.995766	0.005232	-0.110261	-0.405066	0.820596	-0.312251	-0.031358	-0.087383	-0.124835	-0.661720	1.615260	-0.457251	-0.052512	-0.076913	-0.781380	0.071899	-0.723277	-1.326727	-0.274608	0.162879	0.000000	-0.706664	-0.337570	0.088418	-1.287181	-0.376170	-0.332193	0.000000	-0.079277	0.151415	0.322289	-0.240824	-0.097633	0.084455	0.334363	-0.113912	1.620115	-3.048387	-0.468816	0.478428	-0.176655	-2.155231	0.156610	-4.582760	-0.294605	-1.641018	-1.147232	0.000000	-0.190970	-1.866979	-3.696546	-2.109137	0.352427	-0.941581	0.000000
-0.592266	1.379372	0.937530	-0.086926	0.025051	-0.004866	0.995888	0.003484	-0.107951	-0.398214	0.816000	-0.314900	-0.030677	-0.082538	-0.130671	-0.624363	1.545438	-0.467454	-0.047515	-0.080197	-0.825951	0.075328	-0.813771	-1.336361	-0.308626	0.142808	0.000000	-0.709901	-0.375803	0.017505	-1.330839	-0.364667	-0.349312	0.000000	-0.089689	0.066569	0.311380	-0.164600	-0.138211	0.040900	0.199410	-0.343030	2.067475	-3.929305	-0.483850	0.233936	-0.149656	-2.284528	0.163532	-4.488996	-0.733131	-1.738923	-0.882805	0.000000	-0.133365	-1.908181	-3.443264	-2.258876	0.786602	-0.761764	0.000000
-0.593620	1.377822	0.937557	-0.085616	0.025831	-0.004876	0.995982	0.001645	-0.107598	-0.392611	0.814012	-0.317780	-0.029722	-0.079406	-0.138556	-0.579021	1.458087	-0.476605	-0.043154	-0.082899	-0.872761	0.078440	-0.902837	-1.356052	-0.344165	0.127567	0.000000	-0.711998	-0.413897	-0.049313	-1.377536	-0.344706	-0.362664	0.000000	-0.106002	0.027166	0.238492	-0.036469	-0.167747	0.019094	0.130028	-0.380458	2.413577	-4.811472	-0.348236	0.367047	-0.141536	-2.373885	0.121699	-4.131004	-1.316231	-1.739673	-0.452569	0.000000	-0.262719	-1.607876	-3.328547	-2.600768	0.878662	-0.690485	0.000000
-0.595041	1.376672	0.937155	-0.084483	0.026299	-0.004498	0.996068	-0.000756	-0.106864	-0.388674	0.814541	-0.321610	-0.029914	-0.077337	-0.145889	-0.527820	1.352979	-0.481384	-0.032833	-0.085859	-0.920906	0.080196	-0.979011	-1.389010	-0.378213	0.124705	0.000000	-0.720410	-0.440118	-0.115637	-1.434870	-0.329521	-0.376932	0.000000	-0.151477	0.055598	0.121385	0.092487	-0.183935	-0.012917	0.084690	-0.314714	2.618284	-5.671909	-0.019847	0.637119	-0.140218	-2.327749	0.068687	-3.535476	-1.977491	-1.647770	0.073196	0.000000	-0.517860	-1.259956	-3.201274	-3.145385	0.779905	-0.723030	0.000000
-0.596385	1.375623	0.936350	-0.082753	0.026345	-0.003086	0.996217	-0.004414	-0.105375	-0.387756	0.817711	-0.325137	-0.030239	-0.076019	-0.151145	-0.474290	1.231211	-0.477399	-0.017669	-0.088508	-0.965871	0.081187	-1.044256	-1.435152	-0.410076	0.130495	0.000000	-0.732713	-0.464296	-0.177364	-1.503352	-0.313510	-0.391585	0.000000	-0.195625	0.124495	-0.056371	0.236018	-0.164901	-0.017747	0.095634	-0.059152	2.644475	-6.441632	0.350861	0.891424	-0.088898	-2.004561	-0.021639	-2.925932	-2.667692	-1.316830	0.316466	0.000000	-0.719801	-1.129018	-2.925462	-3.755450	0.787871	-0.738516	0.000000
-0.597826	1.375017	0.935116	-0.080589	0.025432	-0.001387	0.996422	-0.008581	-0.101884	-0.390929	0.823982	-0.328206	-0.030624	-0.073511	-0.148255	-0.422041	1.095314	-0.467349	0.002824	-0.089415	-1.001089	0.079330	-1.096048	-1.495718	-0.430886	0.137363	0.000000	-0.749202	-0.485279	-0.232655	-1.585088	-0.298006	-0.406472	0.000000	-0.228005	0.206021	-0.248302	0.398771	-0.169964	0.023534	0.147300	0.378319	2.477554	-6.904808	0.808907	1.236609	-0.009257	-1.681860	-0.062485	-2.138543	-3.377658	-0.829811	0.390972	0.000000	-0.853772	-1.085302	-2.507975	-4.332838	0.875561	-0.676448	0.000000
-0.599189	1.374765	0.933335	-0.077388	0.023878	0.000832	0.996715	-0.013535	-0.097134	-0.397688	0.833662	-0.331936	-0.029298	-0.070127	-0.136012	-0.375188	0.955019	-0.445043	0.031795	-0.088878	-1.033145	0.078688	-1.129798	-1.570258	-0.443268	0.146134	0.000000	-0.766864	-0.507708	-0.277683	-1.676665	-0.278488	-0.418643	0.000000	-0.246031	0.317152	-0.405749	0.573625	-0.194631	0.043597	0.187974	0.899791	1.990656	-6.608322	1.893723	1.047344	0.082592	-1.800153	0.196869	-1.224554	-3.884384	-0.703777	0.507079	0.000000	-0.897998	-1.132929	-1.939321	-4.719445	1.078332	-0.505242	0.000000
-0.600582	1.374923	0.931066	-0.072593	0.022033	0.003250	0.997113	-0.018423	-0.089198	-0.407159	0.846927	-0.335991	-0.028880	-0.065992	-0.112263	-0.342415	0.830981	-0.391600	0.044718	-0.086111	-1.073095	0.087205	-1.145030	-1.651093	-0.459037	0.157647	0.000000	-0.785122	-0.530596	-0.310228	-1.773866	-0.254872	-0.426682	0.000000	-0.116392	0.484587	-0.361234	0.576517	-0.071543	0.111809	0.225308	0.526727	1.216181	-3.937590	1.252489	-1.328719	0.220759	-1.979065	0.563361	-0.451282	-3.710461	-0.861654	0.554631	0.000000	-0.915302	-1.006211	-1.321928	-4.536846	1.102438	-0.325986	0.000000
-0.602221	1.376179	0.930116	-0.065196	0.021116	0.003984	0.997641	-0.018190	-0.077750	-0.412137	0.856723	-0.334797	-0.024825	-0.061115	-0.114943	-0.326541	0.797515	-0.394944	-0.021354	-0.080048	-1.112308	0.101222	-1.147849	-1.718677	-0.477735	0.168319	0.000000	-0.803476	-0.547956	-0.330560	-1.858139	-0.234390	-0.431682	0.000000	0.013368	0.587061	-0.183180	0.551067	-0.183938	0.085825	0.157715	0.308388	0.759990	-1.088610	-1.054452	-1.865480	0.319971	-1.822475	0.681270	-0.002566	-3.204417	-0.833687	0.466545	0.000000	-0.957350	-0.807832	-0.829629	-4.098105	0.988712	-0.232937	0.000000
-0.604198	1.377978	0.928221	-0.058032	0.021401	0.005022	0.998073	-0.017888	-0.065716	-0.414486	0.868970	-0.343349	-0.025447	-0.059684	-0.099928	-0.312015	0.787436	-0.433778	-0.029902	-0.073312	-1.145994	0.114456	-1.145133	-1.779270	-0.492384	0.176308	0.000000	-0.823416	-0.562909	-0.343413	-1.937790	-0.215324	-0.435999	0.000000	0.064681	0.684394	-0.078732	0.460213	-0.237811	-0.045653	0.078293	0.705401	0.368947	-0.396317	-0.914080	-0.120208	0.387402	-1.267749	0.625305	0.222358	-2.882361	-0.395073	0.285072	0.000000	-0.891322	-0.554506	-0.446100	-3.843051	0.916277	-0.263886	0.000000
-0.605019	1.380137	0.927924	-0.048843	0.021442	0.005338	0.998562	-0.015603	-0.050374	-0.415286	0.875131	-0.344310	-0.026651	-0.057983	-0.086727	-0.311783	0.781662	-0.431507	-0.026162	-0.064552	-1.163018	0.126235	-1.138955	-1.833971	-0.493538	0.179722	0.000000	-0.839129	-0.570136	-0.348404	-2.011861	-0.197739	-0.442238	0.000000	0.132549	0.903488	-0.001863	0.169933	0.055299	-0.047451	0.109160	0.888893	-0.102869	-0.265339	0.278782	0.202905	0.482014	-0.443488	0.465109	0.273985	-2.262256	0.191850	0.055961	0.000000	-0.616136	-0.142542	-0.101299	-3.111038	0.718807	-0.293384	0.000000
-0.604618	1.381887	0.928974	-0.037714	0.021242	0.005052	0.999050	-0.012586	-0.029576	-0.414561	0.875767	-0.341137	-0.027345	-0.055317	-0.064372	-0.316130	0.776823	-0.422627	-0.021785	-0.054032	-1.163733	0.133060	-1.134174	-1.869760	-0.484710	0.178547	0.000000	-0.848061	-0.568611	-0.347465	-2.062232	-0.186572	-0.447735	0.000000	0.134868	1.030752	0.119238	-0.093183	0.220227	0.007906	0.096680	1.153610	-0.125173	-0.364380	0.533985	0.430169	0.471672	0.299752	0.399133	0.293359	-1.788780	0.721907	-0.199126	0.000000	-0.285091	0.390111	0.210383	-2.528912	0.551502	-0.329896	0.000000
-0.603897	1.382824	0.930755	-0.027430	0.021301	0.004652	0.999386	-0.010208	-0.009144	-0.410517	0.871404	-0.335501	-0.026335	-0.054116	-0.040582	-0.316790	0.767087	-0.410147	-0.008955	-0.045685	-1.151028	0.142200	-1.127220	-1.905522	-0.464661	0.171757	0.000000	-0.850532	-0.554532	-0.339988	-2.113018	-0.175679	-0.455433	0.000000	0.138635	0.877223	0.284261	-0.305490	0.271220	-0.013342	0.071289	1.044057	0.132886	-0.603977	0.582887	0.798886	0.310070	0.824144	0.500869	0.372189	-1.491907	1.040480	-0.415813	0.000000	0.203532	0.908688	0.444394	-2.010620	0.517091	-0.375784	0.000000
-0.603695	1.383803	0.932647	-0.020646	0.021730	0.003951	0.999543	-0.007041	0.005513	-0.403191	0.863548	-0.330288	-0.027878	-0.052466	-0.022610	-0.310814	0.752664	-0.399311	0.010170	-0.041629	-1.130767	0.153095	-1.119286	-1.929437	-0.443091	0.161914	0.000000	-0.839920	-0.532264	-0.329689	-2.142656	-0.165888	-0.462766	0.000000	0.217305	0.530271	0.322610	-0.374758	0.229996	-0.124069	0.160739	0.612513	0.360890	-0.742462	0.438428	0.703561	0.120551	1.065159	0.580405	0.398886	-0.870410	0.984194	-0.519218	0.000000	0.743252	1.177230	0.535425	-1.023448	0.474856	-0.325989	0.000000
-0.603875	1.385600	0.934245	-0.018190	0.021879	0.002602	0.999592	-0.001516	0.012066	-0.397612	0.856413	-0.326301	-0.031298	-0.047686	-0.016082	-0.302354	0.737389	-0.392610	0.019187	-0.040863	-1.108421	0.165416	-1.111265	-1.940339	-0.425294	0.150988	0.000000	-0.820802	-0.507443	-0.318571	-2.153955	-0.156685	-0.468473	0.000000	0.297414	0.157721	0.169289	-0.246258	0.172191	-0.192103	0.277452	0.070364	0.427449	-0.718254	0.221395	0.250050	-0.013440	1.199517	0.622844	0.386789	-0.182077	0.784072	-0.544605	0.000000	1.087262	1.373433	0.625450	-0.163984	0.352823	-0.298285	0.000000
-0.604240	1.387926	0.935100	-0.019130	0.021668	0.001091	0.999582	0.004856	0.011821	-0.396419	0.853697	-0.323401	-0.035562	-0.041368	-0.019795	-0.293716	0.723934	-0.390456	0.020172	-0.042166	-1.082787	0.178009	-1.103814	-1.936720	-0.411728	0.140130	0.000000	-0.796429	-0.477326	-0.304671	-2.149216	-0.151775	-0.474697	0.000000	0.315523	-0.110264	-0.077990	-0.000359	0.155330	-0.210497	0.326874	-0.287709	0.358626	-0.579876	0.041945	-0.235812	-0.104662	1.429421	0.595120	0.380400	0.517678	0.621240	-0.510646	0.000000	1.204635	1.740347	0.780018	0.560570	0.095988	-0.295049	0.000000
-0.604295	1.390551	0.935398	-0.021791	0.021090	-0.000285	0.999540	0.011105	0.007656	-0.400732	0.856399	-0.320088	-0.039718	-0.034611	-0.027590	-0.288009	0.714194	-0.390932	0.009754	-0.045049	-1.051244	0.189221	-1.096049	-1.919631	-0.400444	0.130562	0.000000	-0.772617	-0.437829	-0.287371	-2.131533	-0.152845	-0.480275	0.000000	0.338570	-0.247601	-0.349222	0.312352	0.137739	-0.212358	0.353489	-0.355023	0.203066	-0.384258	-0.037128	-0.464158	-0.024070	1.671761	0.398560	0.376904	1.190296	0.492203	-0.458973	0.000000	1.214993	1.930179	0.945473	1.230717	-0.144732	-0.201155	0.000000
-0.603929	1.392889	0.935001	-0.024997	0.020517	-0.002384	0.999474	0.018399	0.001917	-0.410388	0.866191	-0.317891	-0.044057	-0.027228	-0.033996	-0.285594	0.708563	-0.391941	0.001606	-0.043129	-1.015916	0.193951	-1.088738	-1.889108	-0.392040	0.121771	0.000000	-0.747830	-0.400119	-0.266852	-2.099987	-0.157564	-0.482744	0.000000	0.296262	-0.254491	-0.514381	0.568356	0.095045	-0.175915	0.293494	-0.234971	0.055983	-0.186381	-0.065089	-0.222940	0.125006	1.991390	0.122165	0.497004	1.901484	0.431146	-0.363460	0.000000	1.265341	1.807790	1.110078	1.860625	-0.326514	-0.031713	0.000000
-0.603034	1.394918	0.934179	-0.026360	0.020303	-0.003273	0.999441	0.022955	-0.002524	-0.421307	0.879133	-0.316286	-0.046754	-0.022871	-0.036989	-0.285770	0.706739	-0.393536	0.000837	-0.040049	-0.971589	0.194108	-1.076169	-1.843572	-0.383198	0.116024	0.000000	-0.722003	-0.365517	-0.242968	-2.057108	-0.165906	-0.481543	0.000000	0.202961	-0.267506	-0.630450	0.841279	0.099063	-0.099309	0.186932	-0.139155	-0.001725	-0.039047	-0.122070	0.035809	0.163606	2.499311	-0.113559	0.946578	2.846849	0.473609	-0.293249	0.000000	1.320836	1.718122	1.369028	2.547005	-0.413756	0.184889	0.000000
-0.601734	1.396479	0.933107	-0.027795	0.020753	-0.003805	0.999391	0.026517	-0.008783	-0.435606	0.899843	-0.313928	-0.048029	-0.019751	-0.039562	-0.285663	0.707002	-0.396824	0.003038	-0.036585	-0.915944	0.189409	-1.050875	-1.775234	-0.373096	0.110041	0.000000	-0.694996	-0.331394	-0.212091	-1.998107	-0.174115	-0.475348	0.000000	0.186408	-0.379319	-0.883920	1.304680	0.207724	-0.018327	0.144460	-0.134055	0.018116	0.022902	-0.186245	0.233900	0.218038	2.728514	-0.358301	1.589829	3.755948	0.417119	-0.231662	0.000000	1.305264	1.538156	1.631566	3.219730	-0.329190	0.443059	0.000000
-0.599959	1.397547	0.931858	-0.029384	0.022216	-0.004838	0.999310	0.030412	-0.017697	-0.456664	0.931321	-0.307977	-0.047488	-0.017093	-0.042351	-0.285045	0.707655	-0.400986	0.010193	-0.031328	-0.862448	0.179776	-1.012576	-1.693334	-0.366513	0.106758	0.000000	-0.669793	-0.303991	-0.177705	-1.928319	-0.179073	-0.463821	0.000000	0.248973	-0.705870	-1.390888	2.084601	0.418173	0.119562	0.181597	-0.191787	0.041960	0.041352	-0.247099	0.690225	0.254354	2.570151	-0.626605	2.377209	4.664037	0.113098	-0.043101	0.000000	1.184741	1.222596	1.945968	4.014721	-0.118088	0.784019	0.000000
-0.597626	1.398549	0.930096	-0.031384	0.024291	-0.006881	0.999189	0.036476	-0.037018	-0.491241	0.983227	-0.297202	-0.043247	-0.012487	-0.047234	-0.283984	0.708656	-0.406707	0.030647	-0.026411	-0.813138	0.164344	-0.955787	-1.588673	-0.368572	0.108317	0.000000	-0.647607	-0.282490	-0.134253	-1.837518	-0.178838	-0.443987	0.000000	0.184755	-1.289531	-1.752493	2.599391	0.663079	0.307075	0.120401	-0.169017	-0.070085	0.193298	-0.103594	0.535039	0.244900	2.478960	-1.088150	3.052466	5.391267	-0.042180	0.193067	0.000000	0.870515	1.059908	2.319554	4.758510	0.013249	1.094899	0.000000
-0.595297	1.398772	0.928796	-0.033904	0.025211	-0.007282	0.999081	0.037802	-0.069278	-0.526764	1.035296	-0.281454	-0.035204	-0.012277	-0.049112	-0.287848	0.715387	-0.405129	0.031594	-0.021532	-0.763290	0.136249	-0.890477	-1.477684	-0.368201	0.114480	0.000000	-0.634972	-0.261595	-0.084923	-1.737978	-0.178543	-0.420025	0.000000	0.107389	-1.454697	-2.026132	3.140712	0.599282	0.249022	0.084033	-0.145448	-0.330563	0.508548	-0.028901	-0.106653	0.198833	2.492192	-1.623133	3.373185	5.604890	0.374552	0.366551	0.000000	0.370046	0.958770	2.704671	5.119669	-0.005642	1.346768	0.000000
-0.592674	1.399186	0.927248	-0.036734	0.026032	-0.008731	0.998948	0.040772	-0.095206	-0.572287	1.108855	-0.273230	-0.033286	-0.009126	-0.053052	-0.297207	0.728998	-0.407864	0.026381	-0.018457	-0.713450	0.099419	-0.820859	-1.364477	-0.353590	0.122979	0.000000	-0.632805	-0.244140	-0.026066	-1.632731	-0.179064	-0.390117	0.000000	0.181627	-0.731681	-2.252489	3.884623	0.110371	-0.039931	0.147241	-0.140264	-0.419325	0.629753	-0.076745	-0.165853	0.176009	2.378534	-1.867941	3.507660	5.539358	1.194719	0.400065	0.000000	-0.087987	0.839188	3.164508	5.249795	0.008394	1.563208	0.000000
-0.590531	1.399764	0.925844	-0.038236	0.027002	-0.009841	0.998855	0.045067	-0.098545	-0.616863	1.190681	-0.277039	-0.036802	-0.006387	-0.054722	-0.304621	0.740577	-0.408199	0.024960	-0.014491	-0.668149	0.061532	-0.750171	-1.256109	-0.320412	0.130483	0.000000	-0.638491	-0.228027	0.041657	-1.527986	-0.178208	-0.357497	0.000000	0.211764	0.267853	-2.056801	4.066711	-0.307305	-0.022442	0.105237	-0.046680	-0.258349	0.453657	0.023562	-0.036657	0.279336	1.896985	-1.375658	3.069615	4.650173	1.713897	0.322409	0.000000	-0.151506	0.628619	3.305732	4.643011	0.156439	1.480754	0.000000
-0.589068	1.400440	0.925478	-0.038422	0.028126	-0.010441	0.998811	0.049242	-0.084491	-0.654559	1.271523	-0.285522	-0.034183	-0.004916	-0.054919	-0.307541	0.747144	-0.406921	0.024915	-0.007284	-0.637571	0.044393	-0.698075	-1.178470	-0.285034	0.135876	0.000000	-0.638865	-0.218995	0.106164	-1.447011	-0.172806	-0.330886	0.000000	0.208529	0.751918	-1.870085	4.064861	-0.441273	0.202269	0.043019	-0.006584	-0.120687	0.263844	0.089644	-0.011869	0.326488	1.144689	-0.514932	2.378629	3.685302	1.620280	0.344007	0.000000	-0.219904	0.640160	3.289133	3.982845	0.225256	1.399232	0.000000
-0.588096	1.401109	0.925682	-0.038364	0.028857	-0.010464	0.998792	0.053408	-0.068468	-0.691667	1.353276	-0.294690	-0.028711	-0.004667	-0.054986	-0.309449	0.751130	-0.404614	0.024486	-0.001432	-0.622361	0.040935	-0.655025	-1.108697	-0.255601	0.144243	0.000000	-0.647288	-0.202421	0.173223	-1.368672	-0.169197	-0.301528	0.000000	0.250160	0.695774	-2.079967	4.276288	-0.401203	0.191641	0.022630	0.014753	-0.203925	0.219119	0.127068	-0.010165	0.285661	0.581194	0.105906	2.461444	3.315824	1.548970	0.890495	0.000000	-0.641210	1.209631	3.662390	3.710085	0.002896	1.630165	0.000000
-0.586812	1.401883	0.925636	-0.038174	0.028607	-0.010049	0.998811	0.059249	-0.056661	-0.737757	1.442575	-0.301571	-0.026518	-0.004011	-0.054329	-0.315698	0.755909	-0.401838	0.024508	0.004142	-0.614323	0.048629	-0.599617	-1.045837	-0.223075	0.171495	0.000000	-0.664513	-0.170610	0.252659	-1.298607	-0.172690	-0.265680	0.000000	0.245028	0.413530	-1.774785	3.833312	-0.402162	0.003341	-0.041497	0.063036	-0.073249	-0.001489	0.206818	0.001305	0.379612	0.252719	0.380401	1.698513	1.967877	0.963834	0.860594	0.000000	-0.558572	1.058103	2.570405	2.093980	-0.112107	1.145057	0.000000
-0.586770	1.402105	0.927235	-0.037408	0.028981	-0.008907	0.998840	0.063209	-0.051927	-0.762658	1.506608	-0.310776	-0.028577	-0.006326	-0.052464	-0.312379	0.751071	-0.396341	0.024538	0.013753	-0.612252	0.056151	-0.587085	-1.029982	-0.217047	0.178667	0.000000	-0.669630	-0.160097	0.276039	-1.284913	-0.173682	-0.255725	0.000000	0.298863	0.136919	-1.514682	3.403199	-0.444161	-0.169399	-0.076111	0.120189	0.016806	-0.132108	0.233921	-0.021148	0.477229	0.076747	0.836272	1.412359	1.292448	0.618008	0.799896	0.000000	-0.648168	0.949179	2.558813	1.017001	0.080334	0.976352	0.000000
-0.586438	1.402177	0.927746	-0.035523	0.028275	-0.008270	0.998935	0.071203	-0.051184	-0.798345	1.578703	-0.319337	-0.033294	-0.007055	-0.049521	-0.315026	0.750624	-0.392481	0.023662	0.023232	-0.611253	0.082080	-0.543123	-0.994139	-0.198355	0.203491	0.000000	-0.690440	-0.132642	0.355012	-1.257927	-0.169477	-0.226626	0.000000	0.484472	-0.013120	-1.648582	3.079617	-0.307175	-0.220275	-0.015752	0.155148	-0.219624	-0.138804	0.265789	-0.034957	0.503820	-0.162680	0.876615	1.946610	1.084796	0.862639	1.121587	0.000000	-1.003450	0.859690	3.242503	0.967646	0.396963	1.149983	0.000000
-0.585907	1.402358	0.929086	-0.034134	0.025596	-0.008284	0.999055	0.082588	-0.052452	-0.828601	1.629793	-0.323063	-0.037388	-0.006956	-0.046258	-0.321164	0.745519	-0.385709	0.023140	0.033906	-0.618759	0.091215	-0.509220	-0.986590	-0.182542	0.223530	0.000000	-0.709768	-0.125709	0.405739	-1.246207	-0.157803	-0.209726	0.000000	0.574522	-0.050502	-1.336393	2.307266	-0.203554	-0.091499	-0.056284	0.099018	-0.189279	-0.296347	0.274668	0.149273	0.479315	-0.634788	0.724110	2.299444	0.335829	1.015435	1.390713	0.000000	-1.495795	0.515143	3.553094	0.726643	0.859356	1.164381	0.000000
-0.586070	1.401712	0.930123	-0.033827	0.023236	-0.007541	0.999129	0.094184	-0.053204	-0.851800	1.670994	-0.327479	-0.036954	-0.009307	-0.045561	-0.322597	0.738770	-0.381495	0.029633	0.042404	-0.636645	0.111044	-0.451145	-0.980706	-0.157737	0.259120	0.000000	-0.750272	-0.112037	0.497135	-1.228862	-0.135103	-0.180051	0.000000	0.608644	-0.006425	-0.831880	1.555604	-0.235505	0.085634	-0.135055	0.026038	0.000146	-0.360833	0.222027	0.260830	0.417200	-0.927915	1.018363	2.617151	0.078881	1.040043	1.605255	0.000000	-2.087398	0.704972	4.218637	0.681978	1.043341	1.251530	0.000000
-0.586701	1.400518	0.931402	-0.034016	0.021736	-0.006906	0.999161	0.106934	-0.052709	-0.861877	1.692017	-0.332484	-0.033963	-0.012359	-0.045217	-0.321158	0.731085	-0.376828	0.033573	0.050594	-0.655876	0.131950	-0.404534	-0.983435	-0.140940	0.287741	0.000000	-0.793264	-0.097510	0.574485	-1.218928	-0.116069	-0.159665	0.000000	0.675796	0.138857	-0.239025	0.565439	-0.236689	0.167914	-0.160332	0.002678	0.086608	-0.379321	0.219286	0.152953	0.387391	-1.069968	1.140923	2.352056	-0.294456	0.762795	1.436051	0.000000	-2.368137	0.818087	3.948686	0.333813	0.937613	0.944503	0.000000
-0.587694	1.399098	0.932746	-0.034296	0.020462	-0.006275	0.999183	0.121216	-0.047650	-0.861361	1.693611	-0.336947	-0.030237	-0.015720	-0.045453	-0.319132	0.723598	-0.372723	0.035751	0.057900	-0.679443	0.156681	-0.357063	-0.992484	-0.127226	0.316562	0.000000	-0.844997	-0.079313	0.655083	-1.215509	-0.097598	-0.142270	0.000000	0.733195	0.403618	0.273645	-0.405076	-0.299529	0.231964	-0.168363	0.003497	0.084322	-0.353059	0.217997	0.035757	0.324756	-1.212855	1.283937	2.378727	-0.549072	0.651342	1.498566	0.000000	-2.705026	0.877373	3.906371	0.123999	0.987564	0.745761	0.000000
-0.588968	1.397485	0.934129	-0.034834	0.018980	-0.005663	0.999197	0.136262	-0.036564	-0.850931	1.675814	-0.344465	-0.024684	-0.019093	-0.045077	-0.317785	0.716963	-0.368108	0.035003	0.063584	-0.704390	0.183307	-0.309385	-1.005398	-0.114886	0.347683	0.000000	-0.901465	-0.062415	0.730739	-1.213968	-0.076567	-0.129834	0.000000	0.777515	0.602729	0.777900	-1.426369	-0.426887	0.440558	-0.141334	-0.000088	0.052467	-0.311334	0.193225	-0.062966	0.285292	-1.304039	1.312952	2.280114	-0.818077	0.592034	1.539642	0.000000	-2.865644	0.889459	3.567889	-0.038028	1.101426	0.547063	0.000000
-0.590539	1.396127	0.935381	-0.035542	0.016162	-0.004901	0.999225	0.152316	-0.023540	-0.830245	1.636556	-0.354022	-0.012615	-0.021373	-0.045457	-0.317034	0.711144	-0.364994	0.033233	0.069312	-0.731605	0.209199	-0.265858	-1.025207	-0.103544	0.378147	0.000000	-0.959623	-0.043735	0.797798	-1.217030	-0.053541	-0.120388	0.000000	0.752107	0.638597	1.252908	-2.467057	-0.494634	0.626519	-0.132187	-0.066817	0.036988	-0.255899	0.151253	-0.136222	0.232005	-1.426403	1.214999	2.104518	-1.211426	0.594570	1.479752	0.000000	-2.884199	1.009111	3.125624	-0.281495	1.131932	0.450659	0.000000
-0.592325	1.394033	0.936387	-0.037540	0.014138	-0.004568	0.999185	0.166346	-0.011020	-0.800815	1.577132	-0.364250	0.000376	-0.024381	-0.047750	-0.316306	0.706727	-0.362058	0.029554	0.072864	-0.761446	0.231907	-0.225205	-1.053855	-0.091103	0.406873	0.000000	-1.016833	-0.022051	0.855764	-1.225228	-0.031290	-0.111808	0.000000	0.666812	0.715475	1.706195	-3.470817	-0.496021	0.540399	-0.154718	-0.088168	0.004750	-0.191794	0.116190	-0.107205	0.166309	-1.529813	1.163346	1.921278	-1.599142	0.545318	1.371819	0.000000	-2.873258	1.101703	2.707695	-0.599834	1.106058	0.379263	0.000000
-0.594016	1.391456	0.937092	-0.038450	0.012209	-0.004455	0.999176	0.178989	0.005079	-0.761998	1.497724	-0.373863	0.009001	-0.027562	-0.048984	-0.316844	0.703472	-0.360347	0.028944	0.075964	-0.792797	0.255733	-0.189007	-1.089173	-0.081731	0.433020	0.000000	-1.074553	0.000333	0.906106	-1.241024	-0.009299	-0.105217	0.000000	0.576616	0.865536	2.219807	-4.462087	-0.516583	0.345130	-0.179200	0.033746	-0.017951	-0.162607	0.106989	0.038992	0.181154	-1.601771	1.227735	1.816852	-1.958767	0.403227	1.319384	0.000000	-2.912858	1.147269	2.204055	-0.947997	1.158363	0.224205	0.000000
-0.595785	1.388171	0.937748	-0.038040	0.010679	-0.004532	0.999209	0.189411	0.023601	-0.712022	1.398648	-0.384913	0.014182	-0.031549	-0.046400	-0.317024	0.700223	-0.357779	0.031114	0.080110	-0.825517	0.281017	-0.152531	-1.132206	-0.074974	0.459649	0.000000	-1.133348	0.023840	0.943927	-1.263148	0.015045	-0.102840	0.000000	0.457402	0.774635	2.671656	-5.324414	-0.565733	0.011974	-0.207687	0.199264	-0.012761	-0.125034	0.107749	0.080607	0.229915	-1.626812	1.322367	1.700574	-2.351436	0.234311	1.284656	0.000000	-2.866751	1.293404	1.639724	-1.279661	1.182440	-0.023190	0.000000
-0.597774	1.384214	0.938063	-0.035533	0.008890	-0.004627	0.999318	0.197285	0.036064	-0.655131	1.284747	-0.396492	0.009480	-0.035870	-0.041013	-0.317354	0.698471	-0.356037	0.032169	0.085160	-0.857870	0.308628	-0.120984	-1.183230	-0.072359	0.484406	0.000000	-1.189224	0.052069	0.971695	-1.292210	0.037999	-0.106145	0.000000	0.336850	0.319802	3.002730	-5.988667	-0.653277	-0.342914	-0.219436	0.306938	0.063477	-0.074236	0.015151	-0.108834	0.238474	-1.626098	1.484449	1.649206	-2.933154	0.057144	1.297047	0.000000	-2.686247	1.550129	1.289532	-1.693019	1.017596	-0.246670	0.000000
-0.600725	1.379771	0.937939	-0.032948	0.008229	-0.004865	0.999411	0.202885	0.036393	-0.591913	1.159101	-0.411044	0.000465	-0.040326	-0.034122	-0.314485	0.697253	-0.357173	0.026760	0.089649	-0.890561	0.340394	-0.086562	-1.249532	-0.072689	0.511530	0.000000	-1.240798	0.085845	0.995508	-1.330869	0.055749	-0.112707	0.000000	0.281891	-0.429996	3.130810	-6.389406	-0.723541	-0.553096	-0.204833	0.293424	0.169784	-0.064002	-0.161975	-0.124850	0.227400	-1.466952	1.642280	1.578169	-3.381824	-0.219713	1.292221	0.000000	-2.393889	1.581392	1.054658	-2.022818	0.782479	-0.318970	0.000000
-0.604289	1.374964	0.937153	-0.030002	0.007713	-0.005699	0.999504	0.208561	0.018864	-0.529899	1.029171	-0.425434	-0.012644	-0.044063	-0.029276	-0.310563	0.695911	-0.362516	0.027175	0.094256	-0.916548	0.374319	-0.057857	-1.318503	-0.081148	0.536095	0.000000	-1.284979	0.115325	1.013881	-1.373123	0.069298	-0.118904	0.000000	0.234449	-1.097320	2.900393	-6.176090	-0.448480	-0.608429	-0.197748	0.282126	0.282823	-0.148469	-0.286279	0.151846	0.208867	-1.263182	1.637721	1.452220	-3.835398	-0.468205	1.150316	0.000000	-2.218130	1.423091	0.845438	-2.363744	0.660647	-0.298941	0.000000
-0.608262	1.369572	0.936252	-0.026343	0.007600	-0.006726	0.999602	0.212262	-0.007500	-0.475897	0.912058	-0.428984	-0.023872	-0.048236	-0.022837	-0.303172	0.691315	-0.368624	0.032834	0.098004	-0.941088	0.405903	-0.028474	-1.402948	-0.091417	0.557543	0.000000	-1.329523	0.142769	1.029325	-1.425419	0.082175	-0.124664	0.000000	0.136468	-1.368042	2.410685	-5.267057	1.138412	-1.226469	-0.228622	0.322560	0.425760	-0.264585	-0.339269	0.464170	0.198125	-1.118214	1.499955	1.436650	-4.276890	-0.556039	1.007645	0.000000	-2.151591	1.151427	0.634414	-2.632898	0.663919	-0.299185	0.000000
-0.612180	1.363438	0.935172	-0.022584	0.008105	-0.007917	0.999681	0.214019	-0.035858	-0.433472	0.818489	-0.379898	-0.061703	-0.053208	-0.016374	-0.293532	0.685328	-0.376086	0.045742	0.102181	-0.961277	0.434317	-0.000391	-1.489579	-0.103389	0.576401	0.000000	-1.371043	0.161382	1.039258	-1.478439	0.095855	-0.130871	0.000000	-0.047611	-1.253519	2.100056	-4.001477	3.768096	-3.085844	-0.300903	0.283599	0.513406	-0.333676	-0.282377	0.609737	0.146856	-0.949180	1.360847	1.238683	-4.395178	-0.631423	0.810370	0.000000	-1.993051	0.761443	0.416231	-2.597868	0.684228	-0.311773	0.000000
-0.615821	1.356604	0.934637	-0.021188	0.008522	-0.008467	0.999703	0.210358	-0.057640	-0.391895	0.751999	-0.278260	-0.147306	-0.060272	-0.011493	-0.282635	0.677967	-0.379919	0.057224	0.103878	-0.979056	0.460337	0.021074	-1.578755	-0.116674	0.589958	0.000000	-1.409245	0.173226	1.045975	-1.529333	0.109544	-0.137135	0.000000	-0.275059	-0.461906	1.586916	-2.126399	1.600689	-2.787224	-0.407388	0.086204	0.615938	-0.359066	-0.147498	0.444810	0.021290	-0.833184	1.126753	0.893142	-4.006213	-0.605916	0.502355	0.000000	-1.591682	0.497758	0.246251	-2.232051	0.553840	-0.258191	0.000000
-0.618550	1.349334	0.934949	-0.021886	0.010360	-0.008330	0.999672	0.203017	-0.054334	-0.369995	0.733433	-0.315870	-0.173192	-0.069503	-0.012926	-0.268895	0.670965	-0.381986	0.063534	0.103033	-0.994604	0.479387	0.035334	-1.649827	-0.127626	0.596495	0.000000	-1.434710	0.181293	1.049108	-1.567721	0.118008	-0.141199	0.000000	-0.380766	-0.076138	0.746652	-0.642844	-0.916773	-1.067534	-0.436264	-0.251460	0.638347	-0.329454	-0.004600	0.222564	-0.107022	-0.695767	0.870684	0.649621	-3.379402	-0.545723	0.230300	0.000000	-0.987184	0.382572	0.053111	-1.811314	0.338404	-0.192875	0.000000
-0.620865	1.342019	0.936094	-0.026050	0.011294	-0.008400	0.999562	0.195127	-0.060686	-0.362029	0.726285	-0.314931	-0.190007	-0.077723	-0.021552	-0.257102	0.664789	-0.380103	0.066126	0.099597	-1.006886	0.495165	0.047059	-1.713931	-0.138503	0.599170	0.000000	-1.448732	0.188529	1.048099	-1.601786	0.123080	-0.144850	0.000000	-0.459189	-0.581253	-0.021913	-0.020392	0.235965	0.105298	-0.407676	-0.604617	0.515963	-0.313793	0.264426	0.054663	-0.194623	-0.486697	0.696045	0.537332	-2.886155	-0.557475	0.093842	0.000000	-0.397220	0.298842	-0.080377	-1.521173	0.146436	-0.157023	0.000000
-0.622300	1.334898	0.938215	-0.033801	0.010853	-0.008431	0.999334	0.184649	-0.077584	-0.370871	0.732617	-0.306431	-0.168980	-0.085810	-0.037110	-0.248256	0.658413	-0.371409	0.065721	0.095248	-1.014072	0.507229	0.056828	-1.765274	-0.149925	0.600249	0.000000	-1.450599	0.193246	1.045893	-1.628568	0.123866	-0.147480	0.000000	-0.507079	-0.816715	-0.595418	0.385047	0.376862	1.177334	-0.413785	-0.892506	0.382779	-0.333323	0.423949	0.040098	-0.231623	-0.293550	0.406592	0.429037	-2.514040	-0.473594	0.017717	0.000000	0.052202	0.117835	-0.062835	-1.263922	0.001608	-0.094874	0.000000
-0.623108	1.327615	0.939862	-0.043567	0.009213	-0.008586	0.998971	0.174844	-0.093355	-0.385846	0.741687	-0.299856	-0.142914	-0.094274	-0.057252	-0.241790	0.651456	-0.363145	0.067730	0.090332	-1.018628	0.511428	0.064220	-1.814492	-0.157446	0.599879	0.000000	-1.446644	0.193243	1.045586	-1.652343	0.123144	-0.148645	0.000000	-0.481255	-0.768093	-0.743979	0.499348	0.226058	1.275491	-0.420461	-0.955704	0.324466	-0.349104	0.352546	0.238883	-0.196374	-0.109816	0.095588	0.302381	-2.371261	-0.317543	-0.052817	0.000000	0.242588	-0.198563	0.050184	-1.042831	0.002473	-0.012777	0.000000
-0.623631	1.320222	0.940548	-0.052163	0.007724	-0.008969	0.998568	0.165399	-0.108308	-0.400631	0.752591	-0.297389	-0.117960	-0.102629	-0.075338	-0.235278	0.644449	-0.357308	0.075276	0.087393	-1.018464	0.511053	0.068923	-1.860124	-0.162626	0.598136	0.000000	-1.440895	0.185304	1.047900	-1.670281	0.123965	-0.147991	0.000000	-0.455314	-0.604451	-0.607101	0.499658	0.000294	1.052302	-0.418779	-0.766335	0.283693	-0.264768	0.197955	0.277318	-0.073011	0.069425	-0.032809	0.131453	-1.668942	-0.187782	-0.093958	0.000000	0.259393	-0.415774	0.138775	-0.549608	0.045228	0.054896	0.000000
-0.623904	1.312767	0.940429	-0.057725	0.006967	-0.009280	0.998265	0.156632	-0.117533	-0.410130	0.761673	-0.299845	-0.100822	-0.111025	-0.087905	-0.230443	0.640866	-0.355227	0.078823	0.087412	-1.015851	0.510116	0.069478	-1.881250	-0.164958	0.596120	0.000000	-1.436268	0.176612	1.051137	-1.674327	0.124953	-0.146449	0.000000	-0.418276	-0.362825	-0.392319	0.444464	-0.203533	0.611175	-0.413521	-0.505612	0.212783	-0.154455	0.079985	0.212280	0.067012	0.302961	-0.062750	-0.027012	-1.158702	-0.150143	-0.168911	0.000000	0.402892	-0.621483	0.241822	-0.074127	0.032049	0.116763	0.000000
-0.623824	1.305315	0.939725	-0.059717	0.006797	-0.009797	0.998144	0.148668	-0.122821	-0.416323	0.770369	-0.305530	-0.093513	-0.119170	-0.095563	-0.226766	0.638271	-0.354108	0.083767	0.090074	-1.006346	0.508543	0.067842	-1.906472	-0.168632	0.591380	0.000000	-1.424780	0.160444	1.057573	-1.673246	0.125247	-0.143320	0.000000	-0.400944	-0.167285	-0.238548	0.382997	-0.275584	0.237347	-0.417210	-0.275739	0.135735	-0.102460	0.047660	0.256537	0.177430	0.779003	-0.119469	-0.125275	-1.030543	-0.181205	-0.299075	0.000000	0.863838	-0.849128	0.371403	0.270373	-0.117257	0.186942	0.000000
-0.623193	1.297978	0.938817	-0.060430	0.006874	-0.009824	0.998101	0.140594	-0.124224	-0.419672	0.776993	-0.310868	-0.091328	-0.127714	-0.098935	-0.225013	0.636767	-0.353320	0.089084	0.094509	-0.984691	0.505337	0.064467	-1.922472	-0.172206	0.584157	0.000000	-1.401715	0.142647	1.065993	-1.663512	0.120263	-0.138972	0.000000	-0.452105	0.002869	-0.122495	0.369416	-0.241770	0.026990	-0.474970	-0.072684	0.109733	-0.054656	0.029767	0.318974	0.230391	1.550493	-0.311085	-0.115733	-0.637692	-0.178922	-0.417845	0.000000	1.591408	-0.932572	0.473154	0.697064	-0.420505	0.244068	0.000000
-0.623006	1.290015	0.937759	-0.059505	0.007370	-0.009639	0.998154	0.130584	-0.122706	-0.421223	0.785146	-0.315201	-0.092433	-0.138168	-0.098470	-0.222377	0.636085	-0.352917	0.096526	0.099289	-0.944326	0.496099	0.063213	-1.931980	-0.175789	0.574666	0.000000	-1.361123	0.123142	1.076499	-1.645363	0.108426	-0.133558	0.000000	-0.470567	-0.012605	-0.168153	0.443363	-0.168409	-0.031423	-0.497741	-0.044042	0.103930	-0.007221	0.048709	0.337705	0.160747	2.590856	-0.683156	0.099738	-0.386631	-0.213300	-0.535691	0.000000	2.422419	-1.030836	0.546724	1.111418	-0.696023	0.292179	0.000000
-0.622614	1.282082	0.936774	-0.060006	0.007707	-0.009681	0.998121	0.121771	-0.124728	-0.426398	0.794728	-0.317604	-0.092585	-0.147623	-0.100697	-0.220856	0.636478	-0.351372	0.102593	0.100939	-0.881057	0.478011	0.068457	-1.937937	-0.180738	0.562730	0.000000	-1.304818	0.101413	1.087862	-1.619056	0.092422	-0.127284	0.000000	-0.440060	-0.212359	-0.343358	0.542663	-0.061758	0.045884	-0.474147	-0.225232	0.099903	0.029102	0.100412	0.373672	-0.015633	3.540009	-1.148394	0.376318	-0.123888	-0.191851	-0.618513	0.000000	2.920133	-1.129577	0.482371	1.523197	-0.714582	0.299376	0.000000
-0.622018	1.273992	0.935794	-0.063141	0.007846	-0.010006	0.997924	0.112982	-0.131200	-0.434957	0.806853	-0.317671	-0.090598	-0.157134	-0.107479	-0.218381	0.637249	-0.348901	0.111473	0.098664	-0.802726	0.450163	0.078266	-1.936935	-0.183463	0.549926	0.000000	-1.244318	0.077959	1.095794	-1.584435	0.079843	-0.121583	0.000000	-0.435812	-0.415274	-0.459810	0.611746	-0.007050	0.135153	-0.480372	-0.389831	0.098573	0.118816	0.144125	0.415527	-0.178768	3.921622	-1.468022	0.422263	0.254774	-0.046952	-0.615327	0.000000	2.976561	-1.189891	0.318018	1.873261	-0.536684	0.271837	0.000000
-0.621114	1.265791	0.934740	-0.067811	0.008042	-0.010417	0.997611	0.104339	-0.141339	-0.444790	0.819197	-0.317886	-0.087179	-0.166838	-0.116290	-0.216913	0.641231	-0.345607	0.119214	0.093788	-0.724192	0.419290	0.085347	-1.927746	-0.182616	0.538117	0.000000	-1.185756	0.053818	1.100582	-1.544125	0.070955	-0.116411	0.000000	-0.402331	-0.449591	-0.456615	0.605814	-0.036807	0.203459	-0.439715	-0.394046	-0.008115	0.317213	0.183097	0.298966	-0.239671	3.943899	-1.555805	0.314266	0.737327	0.058743	-0.554714	0.000000	3.072813	-1.180093	0.177708	2.187073	-0.523125	0.257183	0.000000
-0.620129	1.257807	0.933604	-0.071539	0.008428	-0.011415	0.997337	0.096888	-0.149184	-0.453222	0.831085	-0.319144	-0.082460	-0.174723	-0.123241	-0.218706	0.649937	-0.341577	0.123432	0.089077	-0.644970	0.387931	0.090836	-1.907442	-0.181113	0.527737	0.000000	-1.121405	0.030755	1.102903	-1.496953	0.058918	-0.111295	0.000000	-0.410563	-0.313424	-0.447149	0.697339	-0.109094	0.382097	-0.423665	-0.289921	-0.264151	0.718847	0.179528	0.201638	-0.251196	3.980011	-1.482589	0.319920	1.370433	-0.041481	-0.504693	0.000000	3.184977	-1.101132	0.115085	2.553165	-0.633060	0.253068	0.000000
-0.619134	1.249715	0.932090	-0.073485	0.008827	-0.011775	0.997188	0.087916	-0.153876	-0.462676	0.847091	-0.322250	-0.071895	-0.183785	-0.127887	-0.227479	0.669985	-0.338426	0.127279	0.083740	-0.564992	0.359986	0.098144	-1.872929	-0.184275	0.517929	0.000000	-1.058357	0.009772	1.105186	-1.441998	0.045632	-0.106288	0.000000	-0.418557	-0.157883	-0.396865	0.721560	-0.178574	0.483088	-0.412350	-0.164887	-0.669386	1.342611	0.144804	-0.035823	-0.232053	3.907494	-1.344466	0.393427	1.976687	-0.244487	-0.484240	0.000000	3.117228	-0.953880	0.100854	2.900240	-0.726015	0.278654	0.000000
-0.618079	1.242123	0.930629	-0.074451	0.009260	-0.012421	0.997104	0.080146	-0.155499	-0.469097	0.859948	-0.326287	-0.063136	-0.191217	-0.129837	-0.245481	0.703642	-0.335785	0.121999	0.079795	-0.488670	0.334153	0.106574	-1.828375	-0.190893	0.508367	0.000000	-0.996716	-0.007400	1.106937	-1.380943	0.029877	-0.100149	0.000000	-0.372618	0.013997	-0.199834	0.534993	-0.168858	0.346388	-0.326915	-0.068540	-1.033729	1.921786	0.195520	-0.526411	-0.162318	3.417458	-1.352491	0.290449	2.240407	-0.141298	-0.382011	0.000000	2.811787	-0.754954	0.048253	2.972817	-0.743947	0.315455	0.000000
-0.617092	1.234886	0.929619	-0.073036	0.010790	-0.013714	0.997177	0.073011	-0.153316	-0.470670	0.868491	-0.329004	-0.058039	-0.196861	-0.130628	-0.268828	0.746856	-0.330605	0.106223	0.077248	-0.428293	0.305887	0.109762	-1.783313	-0.189927	0.502648	0.000000	-0.945885	-0.020426	1.107116	-1.323086	0.015875	-0.093670	0.000000	-0.355901	0.198155	-0.171615	0.506042	-0.125902	0.262261	-0.214591	0.168673	-1.628610	2.947378	0.348688	-0.570382	-0.080057	3.163941	-1.491788	-0.002814	2.659553	0.251663	-0.447498	0.000000	2.669118	-0.612390	0.066438	3.232548	-0.772330	0.405696	0.000000
-0.615471	1.228464	0.928187	-0.069512	0.011466	-0.014126	0.997415	0.065910	-0.147573	-0.475961	0.880189	-0.331323	-0.052646	-0.199800	-0.123090	-0.310625	0.821537	-0.321837	0.099183	0.076593	-0.362113	0.274481	0.106461	-1.721993	-0.180826	0.490467	0.000000	-0.889952	-0.031896	1.109594	-1.251641	-0.001016	-0.083921	0.000000	-0.331449	0.342166	-0.300024	0.550859	-0.044300	0.256248	0.003055	1.217353	-2.522324	4.486228	-0.036136	-0.575531	-0.020580	2.866420	-1.127457	-0.180451	2.931821	0.356546	-0.653109	0.000000	2.275494	-0.456233	0.203520	3.215963	-0.634997	0.454252	0.000000
-0.613246	1.222716	0.927066	-0.064950	0.011627	-0.014563	0.997715	0.059753	-0.139630	-0.482670	0.890525	-0.330776	-0.047789	-0.196739	-0.081934	-0.369721	0.926306	-0.332050	0.083202	0.076424	-0.313636	0.260789	0.102544	-1.666040	-0.175665	0.476524	0.000000	-0.854865	-0.038675	1.115257	-1.194447	-0.009525	-0.075500	0.000000	-0.281077	0.446412	-0.304114	0.407323	0.051356	0.244971	0.195902	1.854628	-3.083951	5.608322	-0.578950	-0.696619	0.015602	1.922168	-0.347044	-0.171676	2.315897	0.100774	-0.544193	0.000000	1.319264	-0.297877	0.296491	2.219596	-0.275610	0.369732	0.000000
-0.610713	1.217886	0.926282	-0.059346	0.011391	-0.014966	0.998060	0.054667	-0.129716	-0.488126	0.896482	-0.329269	-0.042847	-0.191964	-0.048905	-0.433983	1.045870	-0.344995	0.071319	0.077217	-0.285226	0.260599	0.099594	-1.629357	-0.176795	0.468700	0.000000	-0.837181	-0.043811	1.121454	-1.162857	-0.012040	-0.069132	0.000000	-0.217852	0.478091	-0.475453	0.492270	0.039610	0.249529	0.260711	1.171039	-3.448023	6.443033	-0.790817	-0.611131	0.041764	1.687695	0.093852	-0.220086	2.926725	-0.054989	-0.513304	0.000000	1.183102	-0.073116	0.361067	2.472144	-0.202947	0.471318	0.000000
-0.607717	1.213868	0.924784	-0.054771	0.010389	-0.015616	0.998323	0.051039	-0.120506	-0.501689	0.910216	-0.329192	-0.037808	-0.186311	-0.035093	-0.507642	1.184027	-0.363683	0.058756	0.078095	-0.246129	0.264543	0.093741	-1.548971	-0.177865	0.455992	0.000000	-0.807541	-0.041600	1.129699	-1.095562	-0.017643	-0.056647	0.000000	-0.144476	0.322148	-0.517362	0.461750	0.071528	0.249959	0.310710	0.047689	-3.354744	6.634226	-0.964201	-0.930466	-0.024768	1.235049	0.008051	-0.261443	2.635598	0.111017	-0.409277	0.000000	1.003252	0.134579	0.205013	2.120402	-0.264935	0.374516	0.000000
-0.605892	1.210347	0.924264	-0.053087	0.009592	-0.016429	0.998409	0.048888	-0.116831	-0.508820	0.914952	-0.326407	-0.032848	-0.179536	-0.046997	-0.568173	1.311239	-0.383564	0.034100	0.076226	-0.235824	0.260921	0.089136	-1.523933	-0.172355	0.452329	0.000000	-0.797051	-0.038428	1.129654	-1.078041	-0.022638	-0.054151	0.000000	-0.097787	0.068140	-0.444350	0.316924	0.086060	0.259430	0.370456	-0.860710	-2.969599	6.280127	-1.016966	-1.401385	-0.170159	0.442518	-0.270341	-0.235670	1.228824	0.400291	-0.141363	0.000000	0.453126	0.182193	0.011972	0.825578	-0.221861	0.092681	0.000000
-0.604606	1.207203	0.923468	-0.054026	0.008164	-0.017690	0.998349	0.047128	-0.117780	-0.519463	0.922893	-0.325750	-0.027431	-0.171492	-0.069521	-0.626426	1.435232	-0.404362	0.002701	0.071289	-0.228428	0.253729	0.084314	-1.499818	-0.161853	0.450337	0.000000	-0.789416	-0.034312	1.130178	-1.062538	-0.026518	-0.052940	0.000000	-0.070586	-0.078838	-0.465313	0.340375	0.048054	0.244983	0.487664	-0.940872	-2.575509	5.614695	-0.883716	-1.276171	-0.256358	0.223202	-0.279633	-0.157979	1.086628	0.503491	0.016516	0.000000	0.220497	0.240157	0.083855	0.673032	-0.103367	0.045808	0.000000
-0.603746	1.204114	0.923268	-0.055250	0.007150	-0.018881	0.998269	0.046064	-0.119984	-0.527433	0.928567	-0.324485	-0.023049	-0.160029	-0.084632	-0.671194	1.535826	-0.418912	-0.016947	0.065972	-0.226896	0.249736	0.082817	-1.480468	-0.152215	0.452989	0.000000	-0.788231	-0.028822	1.133009	-1.051120	-0.026772	-0.052319	0.000000	-0.052879	-0.068002	-0.244834	0.168878	0.064632	0.221093	0.651487	-0.428227	-1.885068	4.357991	-0.555396	-0.608204	-0.209467	-0.073531	-0.081705	0.012142	0.811026	0.388363	0.221951	0.000000	-0.095479	0.317354	0.199902	0.450221	0.074370	0.032355	0.000000
-0.603620	1.201325	0.923848	-0.055743	0.006743	-0.019909	0.998224	0.045013	-0.120500	-0.529256	0.929648	-0.323164	-0.018587	-0.145433	-0.086650	-0.701829	1.609552	-0.426578	-0.021627	0.062910	-0.231369	0.250461	0.084799	-1.467377	-0.146319	0.459215	0.000000	-0.793235	-0.021618	1.138174	-1.044530	-0.023543	-0.051646	0.000000	-0.053767	0.027439	0.046405	-0.085747	0.064865	0.168878	0.760205	0.161740	-1.208143	3.009918	-0.344620	0.146154	-0.079652	-0.367482	0.074663	0.125047	0.481841	0.258837	0.332585	0.000000	-0.402363	0.420875	0.283003	0.199398	0.229314	0.023327	0.000000
-0.603822	1.198719	0.925031	-0.055000	0.006664	-0.020701	0.998250	0.043914	-0.118887	-0.525577	0.925137	-0.321891	-0.016294	-0.129621	-0.078162	-0.719519	1.656223	-0.432697	-0.011101	0.062786	-0.241595	0.252723	0.087819	-1.461194	-0.141862	0.466293	0.000000	-0.804326	-0.011987	1.144329	-1.043144	-0.017600	-0.051386	0.000000	-0.055297	0.149858	0.298010	-0.363779	0.073753	0.093406	0.790703	0.466287	-0.589103	1.690379	-0.338298	0.420159	0.055506	-0.950748	0.216968	0.090320	0.134718	0.275805	0.398773	0.000000	-0.993563	0.757998	0.383657	-0.096619	0.499526	-0.040538	0.000000
-0.604207	1.196360	0.926666	-0.052437	0.006666	-0.021897	0.998362	0.042801	-0.114506	-0.517336	0.915097	-0.320214	-0.014851	-0.113805	-0.067999	-0.725393	1.677167	-0.440109	-0.004821	0.065130	-0.269399	0.259139	0.088412	-1.461988	-0.135286	0.475166	0.000000	-0.832978	0.008702	1.153521	-1.048394	-0.003562	-0.053267	0.000000	-0.029676	0.189954	0.472634	-0.588554	0.074285	0.043425	0.760661	0.355570	0.048040	0.390208	-0.390176	0.252951	0.136148	-1.478839	0.416028	-0.020945	-0.275093	0.240397	0.361814	0.000000	-1.433960	1.028946	0.312582	-0.405186	0.652449	-0.157811	0.000000
-0.605016	1.194373	0.928713	-0.050861	0.006629	-0.022641	0.998427	0.042727	-0.111288	-0.506671	0.901595	-0.318919	-0.014557	-0.099195	-0.063940	-0.717598	1.671831	-0.448304	-0.000983	0.068232	-0.300749	0.269364	0.086981	-1.472198	-0.132246	0.480765	0.000000	-0.861684	0.029171	1.156832	-1.059351	0.008498	-0.057698	0.000000	-0.017465	0.126037	0.455134	-0.609285	0.100410	-0.025869	0.645948	0.020631	0.612871	-0.802985	-0.405858	0.110958	0.132818	-1.803505	0.726336	-0.080956	-0.786835	0.046163	0.282271	0.000000	-1.639636	1.127879	0.078806	-0.792059	0.633038	-0.290161	0.000000
-0.605700	1.192553	0.930498	-0.049174	0.006407	-0.023521	0.998493	0.042102	-0.109465	-0.499130	0.890725	-0.316198	-0.015886	-0.087967	-0.067173	-0.700878	1.645047	-0.456344	-0.000383	0.070443	-0.341539	0.288193	0.085174	-1.493461	-0.133440	0.486457	0.000000	-0.898563	0.053817	1.156673	-1.080077	0.021760	-0.064874	0.000000	0.033307	0.040905	0.477248	-0.649105	0.083228	-0.162810	0.558468	-0.349847	1.175933	-1.934770	-0.415127	-0.114700	0.094335	-2.087282	1.110491	-0.071622	-1.234901	-0.169021	0.301286	0.000000	-1.890951	1.205210	-0.123662	-1.200512	0.640393	-0.412961	0.000000
-0.607045	1.191241	0.932387	-0.048911	0.006406	-0.024859	0.998473	0.044059	-0.109652	-0.487581	0.875631	-0.315590	-0.021069	-0.076856	-0.077934	-0.670560	1.594441	-0.464909	-0.005571	0.072005	-0.384240	0.313783	0.084116	-1.521594	-0.139007	0.492817	0.000000	-0.937322	0.077380	1.151886	-1.107372	0.034114	-0.074217	0.000000	0.049669	-0.042328	0.432681	-0.608909	0.039399	-0.229603	0.440712	-0.582543	1.605670	-2.891773	-0.500406	-0.130763	0.052088	-2.120766	1.315057	-0.021288	-1.506612	-0.324339	0.329992	0.000000	-1.979129	1.101446	-0.245094	-1.484734	0.611310	-0.462694	0.000000
-0.608102	1.189666	0.933543	-0.049319	0.005648	-0.025448	0.998443	0.044089	-0.111158	-0.481823	0.866369	-0.314622	-0.025070	-0.070338	-0.090475	-0.636651	1.529376	-0.476360	-0.005613	0.072526	-0.426370	0.340795	0.084322	-1.553726	-0.146413	0.499657	0.000000	-0.977728	0.097875	1.146869	-1.139466	0.046212	-0.083381	0.000000	0.032524	-0.157291	0.421409	-0.543654	-0.023855	-0.294704	0.337368	-0.682517	2.057359	-3.824735	-0.622506	-0.008739	0.002451	-2.105076	1.338749	0.024050	-1.716807	-0.355459	0.364244	0.000000	-2.049719	0.946909	-0.335920	-1.748645	0.600044	-0.496843	0.000000
-0.609917	1.188191	0.934619	-0.051381	0.006016	-0.026551	0.998308	0.045360	-0.115944	-0.470725	0.853885	-0.316544	-0.032858	-0.063361	-0.105234	-0.588266	1.441451	-0.489809	-0.005920	0.072103	-0.468443	0.367333	0.085078	-1.590266	-0.153225	0.507387	0.000000	-1.019311	0.115256	1.138449	-1.177318	0.058116	-0.094091	0.000000	0.053012	-0.264983	0.521054	-0.543147	-0.089804	-0.302416	0.314299	-0.748057	2.604349	-4.852948	-0.631344	0.102771	-0.023832	-2.231958	1.314086	0.031166	-2.013317	-0.264607	0.394540	0.000000	-2.209726	0.838774	-0.445330	-2.105516	0.634568	-0.534752	0.000000
-0.612163	1.186710	0.935330	-0.053680	0.006430	-0.027414	0.998161	0.046210	-0.121757	-0.460981	0.844643	-0.318214	-0.037167	-0.057767	-0.120397	-0.532477	1.335258	-0.501614	-0.001502	0.071573	-0.515648	0.393359	0.085569	-1.634259	-0.156998	0.515438	0.000000	-1.066118	0.131426	1.129056	-1.223687	0.071595	-0.104772	0.000000	0.003637	-0.257991	0.500914	-0.398406	-0.162596	-0.288404	0.226983	-0.753876	2.887087	-5.624029	-0.434723	0.320347	0.010006	-2.288154	1.310896	0.026930	-2.204871	-0.158866	0.380650	0.000000	-2.268541	0.728682	-0.509873	-2.385900	0.669116	-0.500457	0.000000
-0.614501	1.185276	0.935432	-0.055252	0.007590	-0.027810	0.998056	0.045505	-0.126263	-0.450688	0.837949	-0.323048	-0.044394	-0.054282	-0.135389	-0.472783	1.216490	-0.507198	0.006894	0.072503	-0.559969	0.419769	0.086155	-1.678461	-0.159580	0.522613	0.000000	-1.110052	0.144403	1.118054	-1.272754	0.084880	-0.114109	0.000000	-0.046340	-0.185469	0.500108	-0.289938	-0.260777	-0.343112	0.150063	-0.739841	3.049590	-6.282893	-0.232288	0.596395	0.061204	-2.171816	1.451856	0.067927	-2.184007	-0.237256	0.332175	0.000000	-2.141219	0.634094	-0.592062	-2.534705	0.646289	-0.445982	0.000000
-0.616970	1.183959	0.935244	-0.056053	0.008186	-0.027875	0.998005	0.044356	-0.129176	-0.440976	0.833046	-0.328645	-0.050891	-0.051764	-0.149991	-0.410494	1.083943	-0.510905	0.022354	0.074021	-0.602521	0.451433	0.088286	-1.721619	-0.166488	0.528725	0.000000	-1.151766	0.156790	1.105373	-1.325075	0.097446	-0.122611	0.000000	-0.086607	-0.163191	0.408474	-0.151730	-0.274228	-0.206256	0.108131	-0.702502	3.009506	-6.724152	-0.117300	0.748856	0.117140	-2.091654	1.564557	0.076436	-2.129978	-0.379301	0.250134	0.000000	-2.040601	0.544010	-0.649917	-2.655756	0.620470	-0.409191	0.000000
-0.619294	1.182420	0.934747	-0.057492	0.009513	-0.027780	0.997914	0.042041	-0.132791	-0.434349	0.831879	-0.334017	-0.052644	-0.049957	-0.163489	-0.352402	0.947524	-0.511890	0.036848	0.077189	-0.643635	0.482351	0.089213	-1.763660	-0.174752	0.532618	0.000000	-1.191676	0.166164	1.092057	-1.378984	0.109699	-0.130476	0.000000	-0.144589	-0.082283	0.153297	0.034426	-0.277150	-0.032224	0.079324	-0.645902	2.409967	-6.380753	0.260395	0.837543	0.222522	-2.052021	1.331191	0.051411	-2.041915	-0.328552	0.176640	0.000000	-1.974598	0.455452	-0.610027	-2.561352	0.600239	-0.367254	0.000000
-0.620839	1.180779	0.933633	-0.057408	0.008718	-0.027122	0.997944	0.038572	-0.132467	-0.434845	0.834423	-0.339731	-0.052180	-0.048591	-0.175827	-0.314095	0.828713	-0.500490	0.055855	0.082922	-0.684602	0.504681	0.090343	-1.803295	-0.179630	0.535791	0.000000	-1.230750	0.175008	1.080972	-1.427529	0.121456	-0.137301	0.000000	-0.154913	0.014259	0.071789	0.084855	-0.255318	0.032629	0.074326	-0.465567	1.786806	-5.624721	1.743000	1.220379	0.305183	-2.069892	1.049769	0.027485	-2.029434	-0.130360	0.141086	0.000000	-1.934925	0.426180	-0.597349	-2.471083	0.586939	-0.330937	0.000000
-0.622681	1.179646	0.933046	-0.057368	0.008406	-0.026652	0.997962	0.035845	-0.132221	-0.431478	0.835274	-0.344230	-0.051339	-0.046984	-0.182112	-0.280930	0.722535	-0.442170	0.085663	0.089396	-0.726431	0.524342	0.090312	-1.844838	-0.179966	0.538261	0.000000	-1.269073	0.183211	1.068163	-1.477827	0.133177	-0.143714	0.000000	-0.055647	0.040283	0.261323	-0.078885	-0.148602	0.050953	0.118068	0.397658	1.118889	-3.443138	3.902231	0.252716	0.338266	-1.857114	0.954998	-0.018848	-1.900512	-0.035642	0.077581	0.000000	-1.685920	0.452314	-0.592899	-2.233496	0.522612	-0.296122	0.000000
-0.624641	1.179037	0.933590	-0.054924	0.009352	-0.027055	0.998080	0.036346	-0.130856	-0.424392	0.831267	-0.345675	-0.050142	-0.043868	-0.159921	-0.269340	0.690987	-0.344400	0.065964	0.096453	-0.758886	0.542880	0.089589	-1.879316	-0.181056	0.538894	0.000000	-1.298187	0.193100	1.057256	-1.516869	0.142360	-0.149146	0.000000	0.060629	0.167116	0.347660	-0.184731	-0.093501	0.002142	0.056880	0.572953	0.692625	-1.178175	1.973825	0.043678	0.361652	-1.443186	0.948045	-0.038795	-1.611862	-0.113627	-0.002769	0.000000	-1.298860	0.469157	-0.541490	-1.811317	0.413527	-0.257480	0.000000
-0.626324	1.178889	0.934298	-0.051640	0.009854	-0.028045	0.998223	0.038270	-0.125536	-0.417571	0.827884	-0.347970	-0.051253	-0.044709	-0.159194	-0.253225	0.675408	-0.363217	0.087410	0.103862	-0.784158	0.562264	0.088760	-1.909312	-0.184511	0.538151	0.000000	-1.321028	0.201977	1.046504	-1.550280	0.149718	-0.154013	0.000000	0.038809	0.346928	0.323509	-0.216827	-0.027242	-0.011561	-0.019780	0.347682	0.485387	-0.570720	-0.279775	0.754634	0.386043	-1.132321	1.019795	0.079781	-1.390970	-0.306543	0.007758	0.000000	-1.024860	0.474472	-0.512528	-1.604193	0.335686	-0.226855	0.000000
-0.627427	1.178233	0.935564	-0.046473	0.009754	-0.028238	0.998473	0.037899	-0.116979	-0.411451	0.822594	-0.346765	-0.050604	-0.044660	-0.146013	-0.249924	0.668158	-0.355591	0.096149	0.111895	-0.804179	0.583672	0.092780	-1.934955	-0.193317	0.539205	0.000000	-1.339181	0.212079	1.036755	-1.581037	0.155788	-0.158220	0.000000	0.002855	0.570440	0.295052	-0.341511	0.084209	0.007748	0.038929	0.724735	-0.061903	-0.214475	0.485474	0.077835	0.421424	-0.795437	0.937329	0.275193	-1.039654	-0.454242	0.087571	0.000000	-0.711390	0.484754	-0.381547	-1.282096	0.237323	-0.180691	0.000000
-0.628110	1.177724	0.937170	-0.038816	0.008685	-0.028620	0.998799	0.038384	-0.102719	-0.405769	0.814224	-0.344602	-0.050943	-0.043151	-0.130205	-0.255701	0.666829	-0.343798	0.090524	0.120719	-0.815976	0.599757	0.099768	-1.950898	-0.202681	0.541653	0.000000	-1.349483	0.221367	1.031242	-1.601564	0.159211	-0.161241	0.000000	0.035173	0.736543	0.275472	-0.473353	0.129227	-0.037829	0.086670	0.807330	-0.323440	-0.069901	0.573862	-0.291063	0.401768	-0.523321	0.812569	0.388576	-0.798434	-0.497944	0.129396	0.000000	-0.453329	0.508255	-0.259289	-1.063094	0.146412	-0.153762	0.000000
-0.628392	1.177377	0.938844	-0.031223	0.007238	-0.029109	0.999062	0.039306	-0.087517	-0.400432	0.803660	-0.341596	-0.052118	-0.041193	-0.113720	-0.262862	0.665362	-0.332637	0.084507	0.127965	-0.825112	0.616175	0.108323	-1.966892	-0.213235	0.544380	0.000000	-1.357315	0.232409	1.026384	-1.623560	0.161644	-0.164371	0.000000	0.046234	0.685601	0.232925	-0.514928	0.126372	-0.079302	0.089728	0.729152	-0.362579	-0.038409	0.497203	-0.284697	0.277572	-0.340027	0.721665	0.432446	-0.769630	-0.481771	0.124834	0.000000	-0.252131	0.512863	-0.169852	-1.052397	0.063875	-0.121330	0.000000
-0.628341	1.177207	0.940018	-0.025783	0.005772	-0.029521	0.999215	0.040233	-0.075294	-0.396452	0.793627	-0.339547	-0.054115	-0.039562	-0.101038	-0.270204	0.665293	-0.323910	0.079136	0.131822	-0.829577	0.628624	0.117066	-1.981683	-0.221952	0.546647	0.000000	-1.359569	0.241882	1.024448	-1.643660	0.161766	-0.166094	0.000000	0.035030	0.483534	0.149402	-0.442840	0.053938	-0.088959	0.058501	0.467098	-0.315037	0.001276	0.329400	-0.174880	0.088875	-0.071205	0.489525	0.464209	-0.633043	-0.389420	0.110173	0.000000	0.060868	0.328710	0.002769	-0.867864	-0.043118	-0.033576	0.000000
-0.628177	1.177116	0.940543	-0.023706	0.004732	-0.029670	0.999267	0.040707	-0.068176	-0.394456	0.785946	-0.339438	-0.055676	-0.038853	-0.095036	-0.275463	0.665413	-0.319461	0.077512	0.131520	-0.827960	0.635756	0.126891	-1.992214	-0.228812	0.548787	0.000000	-1.354880	0.245558	1.026494	-1.658275	0.159920	-0.165714	0.000000	0.019081	0.195851	0.077379	-0.339140	-0.027840	-0.084345	0.024987	0.147113	-0.191128	-0.001684	0.133304	-0.024709	-0.116202	0.350417	0.231986	0.683761	-0.367215	-0.380512	0.126183	0.000000	0.558978	-0.093666	0.262383	-0.593573	-0.151372	0.096239	0.000000
-0.628061	1.177136	0.940526	-0.023669	0.003842	-0.029811	0.999268	0.040997	-0.067460	-0.393357	0.780061	-0.340660	-0.057489	-0.038563	-0.095154	-0.277850	0.665226	-0.318578	0.078147	0.127174	-0.815560	0.637903	0.144417	-1.996372	-0.237172	0.551694	0.000000	-1.337210	0.238135	1.034943	-1.667403	0.155711	-0.162244	0.000000	-0.003002	-0.065334	0.019773	-0.204106	-0.103533	-0.059514	-0.000118	-0.124788	-0.070922	0.008249	-0.031073	0.003243	-0.280930	1.051760	-0.125110	1.171087	0.091612	-0.479128	0.143830	0.000000	1.349586	-0.786814	0.661185	-0.256920	-0.270056	0.268669	0.000000
-0.627986	1.177208	0.940023	-0.027264	0.003052	-0.029677	0.999183	0.040587	-0.070789	-0.393665	0.777782	-0.343580	-0.058057	-0.038857	-0.100028	-0.278300	0.665743	-0.320704	0.077641	0.120283	-0.785890	0.630752	0.173735	-1.988549	-0.247977	0.554541	0.000000	-1.300896	0.214085	1.052942	-1.668552	0.149117	-0.154967	0.000000	-0.040928	-0.174036	-0.026967	-0.054514	-0.172830	-0.006380	-0.032475	-0.260353	-0.020371	0.073358	-0.169181	-0.080684	-0.352270	1.795945	-0.689301	1.776308	0.658414	-0.562248	0.168613	0.000000	2.271989	-1.545059	1.113936	0.121400	-0.376328	0.400519	0.000000
-0.628020	1.177212	0.939186	-0.030180	0.002915	-0.029225	0.999113	0.039360	-0.074422	-0.394436	0.777881	-0.347574	-0.057744	-0.039862	-0.105568	-0.278664	0.668160	-0.325345	0.074920	0.113083	-0.743722	0.610331	0.215469	-1.970035	-0.259662	0.558439	0.000000	-1.246330	0.176333	1.079500	-1.662547	0.140658	-0.146224	0.000000	-0.064530	-0.138436	-0.069717	0.042307	-0.194331	0.019091	-0.048758	-0.232238	-0.072511	0.170971	-0.248562	-0.183864	-0.341370	2.192268	-1.288900	1.956546	1.101220	-0.432112	0.056137	0.000000	2.919436	-1.982216	1.383272	0.494355	-0.449632	0.383668	0.000000
-0.627817	1.177343	0.938272	-0.031754	0.002727	-0.028668	0.999081	0.038006	-0.076326	-0.396454	0.779474	-0.351353	-0.057293	-0.040808	-0.109317	-0.281200	0.672582	-0.330646	0.070287	0.106628	-0.698199	0.579196	0.251997	-1.944500	-0.265262	0.556786	0.000000	-1.184119	0.134797	1.108273	-1.648777	0.131132	-0.139620	0.000000	-0.063314	-0.003303	-0.162288	0.128515	-0.147622	0.040099	-0.036519	-0.093452	-0.228316	0.274147	-0.236216	-0.241785	-0.286174	2.335787	-1.784664	1.955551	1.490536	-0.199912	-0.215815	0.000000	3.444535	-2.199382	1.507422	0.830173	-0.553302	0.205334	0.000000
-0.627237	1.177695	0.937467	-0.031643	0.002210	-0.028131	0.999101	0.036827	-0.074554	-0.400927	0.783021	-0.353478	-0.056140	-0.041323	-0.109306	-0.287797	0.679126	-0.334794	0.065249	0.101636	-0.650291	0.538945	0.293691	-1.910414	-0.267659	0.549806	0.000000	-1.108549	0.088357	1.139797	-1.629340	0.118526	-0.138010	0.000000	-0.096616	0.175944	-0.275697	0.200367	-0.057472	0.034572	-0.059323	0.093615	-0.439071	0.384821	-0.200374	-0.263378	-0.432543	2.396260	-1.907812	2.181158	1.975355	-0.183799	-0.315560	0.000000	3.853339	-2.259583	1.874736	1.156139	-0.735340	0.406011	0.000000
-0.626433	1.178396	0.936693	-0.028725	0.000669	-0.026322	0.999241	0.034141	-0.069289	-0.407482	0.787489	-0.353652	-0.055910	-0.043181	-0.105573	-0.298763	0.687975	-0.338661	0.059752	0.089327	-0.602349	0.502883	0.339243	-1.865486	-0.272614	0.544164	0.000000	-1.029985	0.044413	1.183262	-1.602532	0.101718	-0.123380	0.000000	-0.114500	0.258534	-0.356617	0.274402	0.018186	0.040742	-0.069299	0.186277	-0.547720	0.448765	-0.171554	-0.314025	-0.497171	2.373233	-2.010304	2.217185	2.335074	-0.118882	-0.381215	0.000000	4.148397	-2.333822	1.914012	1.478595	-0.816483	0.667780	0.000000
-0.625442	1.178768	0.935879	-0.026126	-0.000395	-0.025299	0.999339	0.032247	-0.064213	-0.415192	0.793997	-0.352751	-0.054511	-0.044094	-0.101855	-0.309706	0.697076	-0.341656	0.052688	0.081749	-0.555362	0.458532	0.382378	-1.817011	-0.272414	0.534557	0.000000	-0.942613	-0.004995	1.216358	-1.570196	0.085866	-0.111299	0.000000	-0.088301	0.285521	-0.382605	0.365078	0.028078	0.119215	-0.036085	0.226215	-0.541045	0.476044	-0.144759	-0.375844	-0.363299	2.214685	-2.302168	1.803595	2.513942	0.172749	-0.559610	0.000000	4.591173	-2.496949	1.310393	1.868668	-0.965535	0.568578	0.000000
-0.624722	1.179111	0.935045	-0.023043	-0.001274	-0.024498	0.999434	0.030609	-0.057868	-0.422786	0.802092	-0.352529	-0.051141	-0.044624	-0.096524	-0.320405	0.707017	-0.344452	0.044718	0.074795	-0.513761	0.410796	0.411387	-1.764929	-0.265704	0.521779	0.000000	-0.846339	-0.055465	1.235678	-1.527785	0.063097	-0.100637	0.000000	-0.105435	0.302942	-0.379284	0.434098	0.031084	0.194453	-0.052400	0.252747	-0.506619	0.490570	-0.133342	-0.353170	-0.417693	1.981825	-2.484625	1.147676	2.885976	0.504737	-0.785504	0.000000	5.270391	-2.496493	0.553197	2.524978	-1.505450	0.574931	0.000000
-0.623899	1.179164	0.934199	-0.020514	-0.001782	-0.023519	0.999511	0.028030	-0.052095	-0.430363	0.811361	-0.351508	-0.046733	-0.046190	-0.091745	-0.329971	0.716699	-0.346990	0.038561	0.065042	-0.476089	0.359147	0.428285	-1.701572	-0.252224	0.503137	0.000000	-0.731797	-0.104855	1.238486	-1.469197	0.025648	-0.088302	0.000000	-0.089002	0.307045	-0.286321	0.431775	-0.010972	0.232923	-0.055167	0.300954	-0.375387	0.405368	-0.126441	-0.213208	-0.543649	1.565325	-2.488368	0.339037	3.268126	0.956068	-1.078434	0.000000	5.792913	-2.136237	-0.409859	3.354254	-2.294902	0.629405	0.000000
-0.623672	1.179724	0.933371	-0.016944	-0.001588	-0.022927	0.999592	0.027049	-0.045586	-0.434239	0.819363	-0.352967	-0.041824	-0.046831	-0.084486	-0.335420	0.723231	-0.349509	0.036190	0.053049	-0.451148	0.311262	0.424948	-1.634204	-0.227461	0.478642	0.000000	-0.614622	-0.140914	1.219283	-1.393615	-0.028699	-0.075460	0.000000	-0.050429	0.284867	-0.116696	0.355670	-0.073346	0.206920	-0.048470	0.341712	-0.144234	0.226934	-0.125837	0.017262	-0.647764	0.982782	-2.288134	-0.714052	3.758976	1.578551	-1.397671	0.000000	5.843735	-1.466603	-1.530337	4.247072	-3.101469	0.723543	0.000000
-0.623689	1.180244	0.932695	-0.014314	-0.000708	-0.022302	0.999649	0.026012	-0.040700	-0.435031	0.825588	-0.354441	-0.038456	-0.048129	-0.078077	-0.335740	0.725776	-0.352023	0.039251	0.039131	-0.436777	0.267622	0.399723	-1.551213	-0.189082	0.447230	0.000000	-0.498048	-0.163519	1.177272	-1.299314	-0.098410	-0.059360	0.000000	-0.032582	0.238197	0.014775	0.257148	-0.083634	0.121531	-0.052184	0.316887	0.048305	0.058036	-0.109586	0.190494	-0.685324	0.625701	-1.926322	-1.919612	4.493210	2.005892	-1.774210	0.000000	5.322366	-1.067671	-2.515087	5.114573	-3.146206	0.673532	0.000000
-0.623934	1.180609	0.932227	-0.011754	0.000373	-0.022054	0.999688	0.025746	-0.036058	-0.433648	0.829649	-0.356313	-0.036963	-0.048918	-0.071811	-0.333488	0.725553	-0.353893	0.043809	0.025636	-0.426120	0.234209	0.348164	-1.454475	-0.147225	0.407673	0.000000	-0.401727	-0.183621	1.118680	-1.189032	-0.154547	-0.048519	0.000000	-0.021039	0.209757	0.117917	0.166684	-0.083844	0.071715	-0.042091	0.269854	0.172117	-0.051454	-0.099012	0.233191	-0.689438	0.226174	-1.555669	-3.209922	5.174908	2.366421	-2.283875	0.000000	4.652533	-0.793242	-3.336200	6.005794	-2.631109	0.543286	0.000000
-0.624308	1.181267	0.931987	-0.009872	0.001796	-0.021526	0.999718	0.025171	-0.032310	-0.430315	0.832255	-0.357795	-0.035587	-0.049813	-0.067282	-0.328855	0.723718	-0.355984	0.048579	0.011554	-0.427730	0.205395	0.271326	-1.344217	-0.094425	0.355875	0.000000	-0.311946	-0.195249	1.043824	-1.059082	-0.203655	-0.037629	0.000000	-0.028210	0.246847	0.150923	0.065123	-0.078417	0.057578	-0.041109	0.310218	0.136360	-0.066628	-0.058952	0.163613	-0.713925	-0.331267	-1.247342	-4.135591	5.422646	2.753263	-2.502310	0.000000	4.074477	-0.400843	-4.063437	6.861378	-2.139562	0.484269	0.000000
-0.624591	1.181512	0.931916	-0.006303	0.002288	-0.021146	0.999754	0.024617	-0.026184	-0.427611	0.832254	-0.359449	-0.034660	-0.050563	-0.059402	-0.328034	0.722888	-0.356251	0.050354	-0.002921	-0.439371	0.184315	0.182740	-1.237569	-0.037095	0.307581	0.000000	-0.238748	-0.199655	0.956143	-0.914577	-0.240130	-0.029148	0.000000	-0.015713	0.245265	0.311927	-0.107965	-0.037907	0.046514	-0.023480	0.308418	0.240927	-0.156702	0.025211	0.087865	-0.758864	-0.823817	-1.147539	-4.680778	4.686445	2.949141	-2.211934	0.000000	3.429147	-0.094364	-4.613666	7.328559	-1.670771	0.443505	0.000000
-0.626038	1.181947	0.932799	-0.004341	0.003949	-0.020932	0.999764	0.024542	-0.022499	-0.417838	0.827937	-0.359311	-0.033727	-0.050752	-0.054946	-0.319218	0.717450	-0.354975	0.052094	-0.018801	-0.460683	0.159494	0.084095	-1.156759	0.023540	0.267398	0.000000	-0.174781	-0.199023	0.859277	-0.765940	-0.270486	-0.019888	0.000000	-0.041808	0.296613	0.304385	-0.193514	0.023054	0.049098	-0.044040	0.336981	0.198337	-0.231415	0.109272	0.086479	-0.766447	-0.878476	-1.176451	-4.897748	3.207397	2.434069	-1.630098	0.000000	2.975740	-0.203466	-4.718530	7.179832	-1.281542	0.452198	0.000000
-0.626109	1.181035	0.933344	0.000383	0.003535	-0.020690	0.999780	0.022945	-0.014320	-0.415436	0.824514	-0.358527	-0.032696	-0.052324	-0.045923	-0.320100	0.713631	-0.351880	0.053813	-0.033579	-0.474510	0.137257	-0.013170	-1.109273	0.060268	0.242377	0.000000	-0.119719	-0.207793	0.767401	-0.627384	-0.291391	-0.011060	0.000000	-0.057607	0.577296	0.108036	-0.164688	0.015306	0.063542	-0.055430	0.601767	-0.106974	-0.207043	0.172622	0.121346	-0.663089	-0.629893	-1.289193	-5.153511	1.597729	1.346082	-1.290707	0.000000	2.633770	-0.460655	-4.553874	6.661709	-1.044187	0.440190	0.000000
-0.626378	1.180498	0.933869	0.008664	0.002475	-0.020625	0.999747	0.022238	0.000592	-0.413516	0.821349	-0.358699	-0.031185	-0.052969	-0.030875	-0.323497	0.709169	-0.348070	0.056947	-0.045325	-0.485879	0.107926	-0.122045	-1.092850	0.077383	0.215770	0.000000	-0.069430	-0.217450	0.677122	-0.499471	-0.312253	-0.002281	0.000000	-0.037971	0.838112	0.128079	-0.181368	-0.030652	0.050857	-0.041589	0.845898	-0.177404	-0.245184	0.186318	0.177904	-0.543421	-0.540280	-1.533521	-5.551920	0.343871	0.626943	-1.533141	0.000000	2.330903	-0.599617	-4.257980	5.911662	-1.009928	0.413909	0.000000
-0.626754	1.180133	0.934364	0.019111	0.001402	-0.020340	0.999609	0.021426	0.019205	-0.410312	0.817259	-0.359753	-0.030662	-0.053988	-0.012087	-0.327197	0.703824	-0.344427	0.060929	-0.055316	-0.496121	0.075916	-0.235247	-1.095519	0.085346	0.181052	0.000000	-0.026483	-0.231778	0.597082	-0.390917	-0.331789	0.005496	0.000000	-0.064631	1.021168	0.213780	-0.230838	-0.059790	-0.002380	-0.080852	1.034252	-0.180365	-0.272736	0.178130	0.213370	-0.455458	-0.587893	-1.684734	-5.702790	-0.409588	0.348989	-1.909357	0.000000	2.035105	-0.872754	-3.636673	4.898448	-0.799599	0.348324	0.000000
-0.627328	1.179917	0.934891	0.031548	0.000594	-0.019474	0.999312	0.019653	0.041439	-0.404965	0.812116	-0.361091	-0.031280	-0.056203	0.010495	-0.330712	0.698259	-0.340945	0.065482	-0.063543	-0.509394	0.040537	-0.350157	-1.109233	0.091343	0.139396	0.000000	0.011974	-0.252360	0.531656	-0.303533	-0.344237	0.011652	0.000000	-0.082696	1.305141	0.419635	-0.355461	-0.125817	-0.104100	-0.118604	1.337871	-0.155152	-0.299652	0.167854	0.232901	-0.266993	-0.853048	-1.686363	-6.064710	-0.824606	0.267944	-2.270676	0.000000	1.937081	-1.148705	-3.069347	4.002877	-0.465930	0.264988	0.000000
-0.628563	1.180542	0.935392	0.048083	0.000354	-0.018097	0.998679	0.018118	0.071410	-0.393527	0.803040	-0.364786	-0.034826	-0.058732	0.041428	-0.333403	0.691838	-0.337713	0.070245	-0.065996	-0.530243	0.008462	-0.477835	-1.128503	0.096064	0.090225	0.000000	0.051001	-0.277726	0.474308	-0.230802	-0.350426	0.016095	0.000000	-0.030784	1.523029	0.574046	-0.419053	-0.203855	-0.195926	-0.079962	1.535442	-0.138912	-0.287886	0.133778	0.165542	-0.127467	-1.204258	-1.248962	-6.358623	-0.986627	0.060613	-2.471602	0.000000	1.851071	-1.241676	-2.509132	3.142430	-0.145070	0.210040	0.000000
-0.629818	1.181623	0.935798	0.065378	0.000293	-0.017248	0.997711	0.018421	0.102360	-0.382003	0.795354	-0.369245	-0.039117	-0.059402	0.071913	-0.336268	0.686744	-0.335594	0.072104	-0.068642	-0.557565	-0.009422	-0.604502	-1.148698	0.093768	0.040531	0.000000	0.086017	-0.302027	0.431290	-0.177836	-0.350040	0.020054	0.000000	-0.010860	1.513006	0.628111	-0.452015	-0.192393	-0.266194	-0.067837	1.511106	-0.100229	-0.280400	0.125481	0.075112	-0.096242	-1.736219	-0.655159	-6.999610	-1.040021	-0.448932	-2.753188	0.000000	1.752329	-1.235091	-2.188674	2.336098	0.036632	0.246586	0.000000
-0.631017	1.182228	0.936362	0.081281	0.000640	-0.016167	0.996560	0.017684	0.131931	-0.368403	0.784960	-0.372482	-0.045474	-0.061445	0.101872	-0.337412	0.680622	-0.332694	0.073250	-0.069845	-0.599692	-0.017745	-0.757820	-1.170104	0.078106	-0.019903	0.000000	0.121094	-0.327130	0.386761	-0.137358	-0.348960	0.025959	0.000000	-0.022612	1.478462	0.669023	-0.510362	-0.143340	-0.258419	-0.089822	1.490868	-0.072061	-0.293641	0.175728	0.058475	-0.118891	-2.146114	-0.538778	-6.939427	-1.190719	-0.679079	-2.685806	0.000000	1.662259	-1.183373	-1.916026	1.621931	0.090597	0.258456	0.000000
-0.632356	1.183077	0.937131	0.097228	0.000795	-0.015234	0.995145	0.017517	0.161499	-0.355242	0.774939	-0.374979	-0.049454	-0.062995	0.131547	-0.339151	0.674998	-0.328565	0.074443	-0.073397	-0.643409	-0.030973	-0.882079	-1.196327	0.066604	-0.066901	0.000000	0.152508	-0.349362	0.354649	-0.112959	-0.346416	0.030392	0.000000	0.021199	1.333030	0.523703	-0.419161	-0.099282	-0.137530	-0.045029	1.331808	-0.141953	-0.243799	0.214186	0.057030	-0.299840	-1.986642	-0.912226	-5.457333	-1.459423	-0.310580	-2.047103	0.000000	1.474133	-1.050480	-1.371186	0.993479	0.191567	0.185489	0.000000
-0.633165	1.184000	0.937858	0.110747	0.000201	-0.014894	0.993737	0.018532	0.185252	-0.347455	0.768193	-0.376453	-0.050975	-0.063247	0.155145	-0.343090	0.670870	-0.324126	0.075531	-0.081839	-0.679158	-0.054234	-0.976113	-1.228481	0.065683	-0.101787	0.000000	0.180059	-0.369149	0.331914	-0.097619	-0.341298	0.033379	0.000000	0.055359	1.233688	0.379482	-0.429676	-0.052088	-0.125633	-0.017506	1.229830	-0.265037	-0.227076	0.299269	0.068450	-0.437954	-1.560420	-1.317896	-4.396419	-1.769602	0.262443	-1.737612	0.000000	1.282458	-0.940831	-1.141392	0.648405	0.263976	0.134834	0.000000
-0.633828	1.185017	0.938837	0.124181	-0.001412	-0.014612	0.992151	0.019731	0.210846	-0.340063	0.757752	-0.377062	-0.054479	-0.063695	0.180741	-0.349752	0.665915	-0.316594	0.077181	-0.090915	-0.705826	-0.083689	-1.057936	-1.267111	0.077102	-0.136405	0.000000	0.203806	-0.386995	0.308994	-0.087023	-0.335857	0.035785	0.000000	0.075281	1.170510	0.354612	-0.480936	-0.040638	-0.166619	-0.004321	1.157463	-0.290973	-0.230889	0.332601	0.068813	-0.470087	-1.469939	-1.583305	-3.623471	-2.153176	0.758005	-1.620487	0.000000	1.069566	-0.790588	-1.291936	0.477032	0.239307	0.111618	0.000000
-0.634488	1.186221	0.939631	0.135442	-0.002754	-0.014535	0.990675	0.021543	0.232072	-0.333270	0.748956	-0.378079	-0.057640	-0.063419	0.201443	-0.354729	0.661634	-0.310822	0.078283	-0.100643	-0.737955	-0.117566	-1.121052	-1.314608	0.096003	-0.166607	0.000000	0.222842	-0.400773	0.280236	-0.078538	-0.331725	0.037843	0.000000	0.086260	0.952505	0.282550	-0.412193	-0.038154	-0.147550	0.014147	0.940293	-0.256917	-0.194946	0.285888	0.053151	-0.519311	-1.845412	-1.675323	-2.690509	-2.575088	0.873177	-1.103479	0.000000	0.777819	-0.538475	-1.644531	0.386576	0.086623	0.107694	0.000000
-0.634952	1.187225	0.940446	0.144456	-0.004307	-0.014579	0.989394	0.023182	0.248947	-0.328761	0.741264	-0.378588	-0.060381	-0.063129	0.218352	-0.360029	0.658117	-0.305159	0.079307	-0.111688	-0.779643	-0.150702	-1.165556	-1.370115	0.112029	-0.180544	0.000000	0.234919	-0.408534	0.243212	-0.071560	-0.332392	0.040093	0.000000	0.093975	0.830289	0.224042	-0.389335	-0.017812	-0.127595	0.025873	0.839177	-0.269907	-0.168492	0.301307	0.058339	-0.539073	-2.060007	-1.505375	-2.384081	-2.871960	0.857964	-0.714205	0.000000	0.485443	-0.270925	-2.102647	0.337362	-0.119659	0.115808	0.000000
-0.635499	1.188519	0.941254	0.153085	-0.006004	-0.014746	0.988085	0.025302	0.265284	-0.324308	0.733383	-0.378791	-0.062743	-0.062384	0.235010	-0.365525	0.654895	-0.298770	0.080617	-0.122205	-0.820355	-0.177781	-1.216415	-1.429486	0.130322	-0.195175	0.000000	0.242259	-0.411610	0.196131	-0.065043	-0.336512	0.042476	0.000000	0.111947	0.753801	0.220165	-0.384420	-0.022743	-0.113009	0.044654	0.762874	-0.245758	-0.151263	0.294126	0.053486	-0.535488	-2.186902	-1.208855	-2.536416	-3.150541	0.885831	-0.814880	0.000000	0.245485	-0.015443	-2.574800	0.305153	-0.274467	0.112746	0.000000
-0.636318	1.190081	0.941931	0.159877	-0.007682	-0.014958	0.986994	0.027660	0.279099	-0.319954	0.725888	-0.379498	-0.064902	-0.061343	0.248867	-0.369859	0.652067	-0.293394	0.081446	-0.133107	-0.867119	-0.199056	-1.267013	-1.496136	0.147462	-0.213140	0.000000	0.244738	-0.409152	0.140220	-0.059354	-0.343371	0.044603	0.000000	0.125304	0.644685	0.219129	-0.356030	-0.043026	-0.103260	0.060090	0.656301	-0.188761	-0.140870	0.237690	0.071751	-0.548904	-2.369276	-0.936871	-2.200827	-3.265899	0.686631	-0.797329	0.000000	0.020149	0.227542	-2.712919	0.241676	-0.357140	0.092328	0.000000
-0.637502	1.191876	0.942592	0.165846	-0.009344	-0.015205	0.985990	0.030314	0.291071	-0.315543	0.719141	-0.380512	-0.066874	-0.059981	0.261262	-0.373076	0.649260	-0.289262	0.083487	-0.144162	-0.915126	-0.215256	-1.304448	-1.560122	0.157787	-0.227068	0.000000	0.243065	-0.402508	0.087614	-0.055376	-0.350797	0.046169	0.000000	0.131631	0.579666	0.217503	-0.326788	-0.045479	-0.093917	0.070289	0.591010	-0.147386	-0.139095	0.206202	0.106702	-0.517454	-2.434096	-0.829520	-1.695231	-3.185809	0.351561	-0.638675	0.000000	-0.143829	0.419703	-2.465130	0.163539	-0.351252	0.051972	0.000000
-0.638756	1.193746	0.943248	0.171226	-0.010951	-0.015432	0.985050	0.032925	0.302285	-0.311254	0.712816	-0.381317	-0.068658	-0.058531	0.272508	-0.375755	0.646503	-0.285146	0.085714	-0.153805	-0.964483	-0.232237	-1.334822	-1.623569	0.161525	-0.238687	0.000000	0.238985	-0.392364	0.041615	-0.052812	-0.357421	0.046682	0.000000	0.087327	0.556922	0.189690	-0.331087	-0.027442	-0.074946	0.033073	0.548741	-0.163475	-0.139147	0.230111	0.122458	-0.446055	-2.441272	-0.796990	-1.381770	-3.160578	0.085529	-0.560971	0.000000	-0.279835	0.580036	-2.293179	0.059189	-0.386795	-0.035721	0.000000
-0.639738	1.195014	0.943789	0.176313	-0.012674	-0.015273	0.984134	0.033807	0.313348	-0.307956	0.705898	-0.381610	-0.069872	-0.058658	0.283212	-0.379615	0.643694	-0.280058	0.088385	-0.162004	-1.012777	-0.247135	-1.359719	-1.686545	0.161208	-0.249507	0.000000	0.231872	-0.379306	-0.004113	-0.053009	-0.366269	0.044740	0.000000	0.020744	0.501921	0.144239	-0.285898	-0.012943	-0.015916	-0.017962	0.457879	-0.161684	-0.115353	0.210157	0.098346	-0.336896	-2.342594	-0.812269	-1.161656	-3.155413	-0.060098	-0.485372	0.000000	-0.340157	0.807269	-2.149206	-0.039075	-0.474239	-0.072892	0.000000
-0.640775	1.195921	0.944289	0.179973	-0.013936	-0.014924	0.983460	0.033755	0.322362	-0.305485	0.701380	-0.381835	-0.069295	-0.059250	0.290823	-0.382222	0.641889	-0.276739	0.089648	-0.167281	-1.058186	-0.264727	-1.381288	-1.749785	0.159121	-0.258102	0.000000	0.225379	-0.360073	-0.044353	-0.054375	-0.376390	0.043766	0.000000	0.003386	0.374314	0.098228	-0.179480	-0.014748	0.065912	-0.018269	0.323249	-0.107405	-0.072591	0.141248	0.036695	-0.202340	-2.016968	-0.824117	-1.001844	-2.982816	-0.095142	-0.415115	0.000000	-0.277226	1.013134	-1.815701	-0.133840	-0.558864	-0.085366	0.000000
-0.641821	1.196993	0.944692	0.182389	-0.015028	-0.014618	0.983003	0.033943	0.328321	-0.304027	0.698719	-0.382200	-0.067235	-0.059389	0.296142	-0.383911	0.640790	-0.274408	0.089853	-0.170097	-1.093456	-0.280100	-1.399793	-1.805858	0.157403	-0.266111	0.000000	0.220783	-0.338781	-0.076741	-0.058362	-0.388624	0.041325	0.000000	0.023378	0.314346	0.081043	-0.086051	-0.029545	0.099159	0.005082	0.281181	-0.072832	-0.031236	0.091035	-0.007907	-0.033553	-1.491633	-0.723083	-0.767174	-2.465221	-0.086327	-0.310553	0.000000	-0.169583	1.087923	-1.194779	-0.216345	-0.491763	-0.087182	0.000000
-0.642606	1.198089	0.944914	0.185434	-0.015540	-0.014435	0.982428	0.034690	0.334936	-0.302243	0.697938	-0.383017	-0.065328	-0.059047	0.302070	-0.385135	0.640639	-0.273098	0.089332	-0.168623	-1.117852	-0.293651	-1.411975	-1.848394	0.155668	-0.270524	0.000000	0.218595	-0.316556	-0.092144	-0.063029	-0.396061	0.040279	0.000000	0.041713	0.336644	0.082530	-0.006990	-0.035582	0.106656	0.020403	0.305308	-0.062247	0.006479	0.059874	-0.032523	0.166228	-1.018384	-0.670253	-0.591722	-1.972869	0.045099	-0.245554	0.000000	-0.050145	1.188663	-0.369915	-0.239646	-0.197719	-0.028249	0.000000
-0.643161	1.199178	0.945057	0.188762	-0.015760	-0.014275	0.981793	0.035611	0.341786	-0.300725	0.698439	-0.383623	-0.062969	-0.058573	0.308354	-0.386401	0.641049	-0.272013	0.088552	-0.163448	-1.134191	-0.306910	-1.423461	-1.884773	0.159206	-0.275934	0.000000	0.218777	-0.291235	-0.091538	-0.067948	-0.396533	0.040195	0.000000	0.050533	0.252292	0.072148	0.051285	-0.007386	0.103712	0.033870	0.246758	-0.025582	0.033301	0.045807	-0.049468	0.275073	-0.601235	-0.474084	-0.456318	-1.319605	0.158438	-0.237297	0.000000	0.009136	1.072375	0.225695	-0.198455	0.074138	0.038261	0.000000
-0.643531	1.200192	0.945172	0.190670	-0.015466	-0.014177	0.981430	0.036711	0.345028	-0.299357	0.699989	-0.383312	-0.061180	-0.057692	0.311940	-0.386158	0.641971	-0.271266	0.087353	-0.157620	-1.141901	-0.312614	-1.430228	-1.901178	0.162005	-0.280016	0.000000	0.218961	-0.273661	-0.083116	-0.070967	-0.393095	0.041809	0.000000	0.046035	0.125109	0.047295	0.099666	0.039076	0.090265	0.041498	0.144017	0.010242	0.065826	0.032422	-0.096193	0.334920	-0.336874	-0.202172	-0.370127	-0.709713	0.174232	-0.231371	0.000000	0.030011	0.982665	0.724546	-0.160656	0.316046	0.111655	0.000000
-0.643722	1.200989	0.945235	0.191664	-0.015188	-0.014032	0.981243	0.037453	0.346791	-0.298834	0.702426	-0.382060	-0.059358	-0.056913	0.314115	-0.385991	0.643682	-0.270716	0.084705	-0.150051	-1.147666	-0.314997	-1.438267	-1.913161	0.166176	-0.285188	0.000000	0.219978	-0.251928	-0.062556	-0.074374	-0.383891	0.044661	0.000000	0.042733	0.010713	0.016399	0.152978	0.075896	0.093073	0.054222	0.034970	0.050882	0.086281	-0.004245	-0.115527	0.389153	-0.182557	-0.016921	-0.372246	-0.492424	0.245991	-0.221346	0.000000	0.036645	1.116895	1.291743	-0.198746	0.588188	0.146393	0.000000
-0.643917	1.201775	0.945189	0.191626	-0.014301	-0.013956	0.981265	0.038420	0.345456	-0.298701	0.706109	-0.380276	-0.057457	-0.055523	0.313339	-0.384123	0.645423	-0.271435	0.082732	-0.142054	-1.149203	-0.313291	-1.445118	-1.920875	0.171845	-0.288869	0.000000	0.220427	-0.228985	-0.031447	-0.078917	-0.369568	0.047665	0.000000	0.042909	-0.151265	-0.008079	0.218730	0.096501	0.104971	0.076231	-0.131542	0.133166	0.105913	-0.069007	-0.149052	0.380239	0.054625	0.224286	-0.262415	-0.233907	0.308091	-0.110371	0.000000	-0.015926	1.133881	1.757774	-0.259284	0.821286	0.142090	0.000000
-0.644266	1.202520	0.945031	0.189292	-0.013111	-0.013867	0.981735	0.039169	0.340740	-0.299157	0.711175	-0.378200	-0.055160	-0.053863	0.308853	-0.380664	0.647919	-0.273476	0.078742	-0.134842	-1.145481	-0.306025	-1.448763	-1.922517	0.178499	-0.289603	0.000000	0.219341	-0.206573	0.007755	-0.084746	-0.351039	0.050345	0.000000	0.036193	-0.348885	-0.052264	0.285120	0.098328	0.124370	0.094781	-0.338910	0.211143	0.129990	-0.152785	-0.208975	0.342406	0.290638	0.495107	-0.111631	0.063580	0.344053	0.026365	0.000000	-0.111512	1.102956	2.037560	-0.317633	0.966399	0.135211	0.000000
-0.644588	1.203182	0.944740	0.184601	-0.011832	-0.013895	0.982644	0.039868	0.331501	-0.300792	0.717513	-0.376343	-0.052482	-0.051732	0.299783	-0.375677	0.650622	-0.277547	0.074373	-0.128358	-1.137578	-0.293487	-1.449583	-1.918332	0.185607	-0.287815	0.000000	0.215966	-0.184867	0.050056	-0.091622	-0.330912	0.053073	0.000000	0.032955	-0.581054	-0.114629	0.339705	0.074964	0.129847	0.110442	-0.558306	0.274436	0.135641	-0.235890	-0.215201	0.314798	0.486541	0.762052	0.041071	0.356227	0.348485	0.152963	0.000000	-0.223733	1.058339	2.105755	-0.353540	0.995237	0.136571	0.000000
-0.644822	1.203717	0.944270	0.177671	-0.010497	-0.013992	0.983935	0.040487	0.317498	-0.303742	0.724763	-0.375201	-0.049966	-0.049446	0.286521	-0.369687	0.653345	-0.282912	0.070134	-0.122250	-1.126020	-0.275543	-1.447120	-1.908268	0.192439	-0.283485	0.000000	0.210391	-0.164239	0.091985	-0.098887	-0.311230	0.055808	0.000000	0.027613	-0.773329	-0.162344	0.373368	0.050660	0.119143	0.116269	-0.750193	0.328268	0.137502	-0.297307	-0.208450	0.293215	0.644860	1.020214	0.197554	0.628406	0.323912	0.265943	0.000000	-0.332355	0.991896	2.000184	-0.365040	0.921755	0.130612	0.000000
-0.645070	1.204242	0.943652	0.168650	-0.009054	-0.014125	0.985533	0.040973	0.300568	-0.307285	0.732448	-0.374317	-0.047717	-0.047081	0.269775	-0.362547	0.656122	-0.289439	0.066035	-0.116629	-1.111783	-0.252678	-1.441681	-1.893196	0.198564	-0.277177	0.000000	0.202672	-0.145191	0.130063	-0.106224	-0.294042	0.058298	0.000000	0.023031	-0.921966	-0.180342	0.376123	0.022355	0.102255	0.116352	-0.912978	0.383332	0.131498	-0.359713	-0.181185	0.267581	0.738552	1.267290	0.354815	0.861982	0.256957	0.363686	0.000000	-0.436522	0.898210	1.769299	-0.368248	0.769540	0.111888	0.000000
-0.645322	1.204769	0.942897	0.157972	-0.007536	-0.014254	0.987312	0.041408	0.280619	-0.310956	0.739808	-0.374307	-0.045875	-0.044792	0.250002	-0.354354	0.658605	-0.297300	0.062887	-0.111547	-1.096478	-0.224852	-1.432928	-1.873789	0.202717	-0.268937	0.000000	0.192930	-0.128311	0.162757	-0.113617	-0.280448	0.060283	0.000000	0.012797	-1.057911	-0.177720	0.346172	-0.015104	0.078345	0.102188	-1.044005	0.428320	0.113578	-0.408265	-0.123094	0.250655	0.781408	1.505472	0.519204	1.059228	0.157562	0.452639	0.000000	-0.523336	0.777763	1.494074	-0.364021	0.581967	0.078537	0.000000
-0.645574	1.205123	0.942106	0.146008	-0.005972	-0.014321	0.989162	0.041485	0.258251	-0.314394	0.746295	-0.374921	-0.044583	-0.042993	0.228015	-0.345414	0.660665	-0.305770	0.061111	-0.106603	-1.080527	-0.192459	-1.420913	-1.850827	0.204866	-0.259072	0.000000	0.181739	-0.114081	0.189826	-0.120785	-0.270763	0.061439	0.000000	0.003979	-1.180992	-0.167002	0.300661	-0.022660	0.047762	0.088758	-1.157314	0.465190	0.093894	-0.416003	-0.068762	0.275494	0.827661	1.709985	0.673345	1.208612	0.081136	0.521732	0.000000	-0.582021	0.644887	1.240768	-0.357230	0.399980	0.039011	0.000000
-0.645770	1.205556	0.941429	0.132610	-0.004374	-0.014368	0.991055	0.041568	0.233380	-0.317636	0.751834	-0.375214	-0.043965	-0.041241	0.203709	-0.335746	0.662360	-0.313941	0.060137	-0.100527	-1.063371	-0.156452	-1.405994	-1.825444	0.205963	-0.248068	0.000000	0.169650	-0.102515	0.212388	-0.127906	-0.264449	0.061844	0.000000	0.062616	-1.474242	-0.085469	0.294298	-0.014534	0.025380	0.151659	-1.423985	0.659782	0.066802	-0.485673	-0.081324	0.252945	0.835556	1.890736	0.851023	1.278639	-0.051006	0.605612	0.000000	-0.607970	0.519261	1.073294	-0.343040	0.241574	0.013712	0.000000
-0.646613	1.207114	0.940981	0.115684	-0.001485	-0.014820	0.993174	0.043989	0.199281	-0.317813	0.758067	-0.375502	-0.043568	-0.036927	0.171055	-0.319023	0.663337	-0.325197	0.057858	-0.096485	-1.047105	-0.116830	-1.386872	-1.799681	0.202826	-0.234847	0.000000	0.157420	-0.093310	0.232758	-0.134506	-0.261100	0.061988	0.000000	0.073961	-1.627987	-0.052988	0.212191	0.031247	-0.008732	0.157380	-1.571422	0.739869	-0.009501	-0.466268	-0.070350	0.236975	0.811896	2.063511	1.016116	1.261514	-0.219805	0.675899	0.000000	-0.611644	0.371419	1.131098	-0.334658	0.209729	-0.009676	0.000000
-0.647288	1.208370	0.940839	0.099465	-0.000039	-0.014662	0.994933	0.044526	0.168260	-0.319755	0.760322	-0.373964	-0.044314	-0.034946	0.140852	-0.306151	0.661980	-0.332591	0.057323	-0.091048	-1.030895	-0.073912	-1.365349	-1.774984	0.197170	-0.221032	0.000000	0.145184	-0.087659	0.257632	-0.141293	-0.256060	0.061457	0.000000	0.008309	-1.488105	-0.146815	0.072613	0.085407	-0.039008	0.068695	-1.447058	0.559951	-0.089894	-0.308473	-0.004532	0.289601	1.102221	2.898893	1.434356	1.458246	-0.417351	0.816400	0.000000	-0.794830	0.235372	1.950168	-0.439098	0.392370	-0.100365	0.000000
-0.647648	1.209371	0.940694	0.084105	0.000428	-0.014283	0.996354	0.044322	0.139757	-0.323685	0.760971	-0.372086	-0.045128	-0.034179	0.113173	-0.296625	0.659742	-0.337536	0.057677	-0.084901	-1.003016	-0.000874	-1.329497	-1.741351	0.186132	-0.202191	0.000000	0.125627	-0.083895	0.310764	-0.152070	-0.245405	0.057973	0.000000	-0.018642	-1.527600	-0.141992	0.066076	0.082522	-0.025687	0.025907	-1.481929	0.578772	-0.107114	-0.335687	0.035579	0.335717	1.019379	2.739660	1.347417	1.123580	-0.380012	0.676841	0.000000	-0.662297	0.025943	2.258818	-0.368153	0.609119	-0.109932	0.000000
-0.648394	1.210630	0.940414	0.067503	0.002030	-0.013562	0.997625	0.043780	0.107156	-0.325435	0.762965	-0.370663	-0.045342	-0.033910	0.081575	-0.283000	0.657696	-0.346019	0.058746	-0.077619	-0.990120	0.035674	-1.311453	-1.730041	0.181970	-0.193958	0.000000	0.118692	-0.086621	0.347984	-0.156019	-0.231695	0.057060	0.000000	-0.011028	-1.485001	-0.123443	0.050737	0.053812	-0.017770	0.021729	-1.444188	0.591372	-0.146089	-0.334698	0.048947	0.391206	0.837694	2.555844	1.295891	0.569707	-0.264893	0.520597	0.000000	-0.480695	-0.274417	2.473034	-0.285107	0.910972	-0.072763	0.000000
-0.648746	1.211562	0.940167	0.052851	0.002510	-0.013301	0.998511	0.043880	0.080357	-0.328623	0.763001	-0.369934	-0.045839	-0.033310	0.055406	-0.272970	0.653898	-0.350923	0.059635	-0.069253	-0.969508	0.101360	-1.277662	-1.718563	0.175536	-0.181367	0.000000	0.106399	-0.094872	0.409686	-0.163474	-0.208966	0.055063	0.000000	-0.051218	-1.443480	-0.117035	0.028351	0.051653	-0.018959	-0.032334	-1.397768	0.590169	-0.191420	-0.332576	0.074694	0.408886	1.118264	2.965040	1.687381	0.290734	-0.049729	0.673048	0.000000	-0.521414	-0.455382	2.729155	-0.340677	1.006484	-0.107064	0.000000
-0.649319	1.212611	0.939841	0.037277	0.004016	-0.011917	0.999226	0.041732	0.049417	-0.330116	0.764099	-0.368597	-0.046100	-0.035203	0.025665	-0.259394	0.650039	-0.359322	0.061733	-0.061264	-0.945390	0.154276	-1.243957	-1.718411	0.179981	-0.167037	0.000000	0.097835	-0.104836	0.457151	-0.169646	-0.191436	0.052777	0.000000	-0.085033	-1.402688	-0.098750	0.029133	0.058527	-0.023858	-0.078529	-1.369593	0.589244	-0.179528	-0.364892	0.097924	0.463123	1.362659	2.748462	1.763549	-0.101200	0.398397	0.759059	0.000000	-0.415014	-0.525024	2.263782	-0.320830	0.783686	-0.128601	0.000000
-0.649574	1.213547	0.939486	0.023385	0.004776	-0.010945	0.999655	0.040479	0.024250	-0.332573	0.764166	-0.367592	-0.046793	-0.036451	0.000622	-0.249400	0.646717	-0.365519	0.063552	-0.050728	-0.915002	0.211298	-1.207120	-1.722611	0.191472	-0.151005	0.000000	0.089798	-0.115873	0.500237	-0.176308	-0.177619	0.049919	0.000000	-0.046189	-1.334627	-0.121351	0.010782	0.034979	-0.045562	-0.052899	-1.317899	0.542181	-0.200282	-0.325353	0.085629	0.528467	1.924241	3.106511	2.295563	-0.495920	1.197690	1.061083	0.000000	-0.333904	-0.660698	2.092959	-0.365220	0.580470	-0.167663	0.000000
-0.649983	1.214736	0.939114	0.008970	0.005630	-0.010117	0.999893	0.039884	-0.003968	-0.334970	0.764530	-0.367198	-0.047923	-0.037319	-0.027051	-0.237706	0.642028	-0.372336	0.065159	-0.040125	-0.868420	0.278536	-1.152135	-1.738248	0.227888	-0.124593	0.000000	0.084479	-0.131264	0.540869	-0.184255	-0.168217	0.046070	0.000000	-0.023559	-1.334142	-0.126192	0.019205	0.020227	-0.067468	-0.038281	-1.329010	0.521584	-0.157072	-0.339309	0.045125	0.566225	1.010472	2.767334	1.974672	-0.568739	0.806325	0.706105	0.000000	-0.160416	-0.550583	1.360856	-0.276400	0.282769	-0.129534	0.000000
-0.650539	1.215971	0.938644	-0.005136	0.006254	-0.009316	0.999924	0.039537	-0.029116	-0.337621	0.764934	-0.366783	-0.049492	-0.037982	-0.052538	-0.228537	0.640434	-0.379092	0.065357	-0.028079	-0.874583	0.321992	-1.128133	-1.745360	0.223725	-0.122761	0.000000	0.083382	-0.137896	0.554671	-0.187364	-0.166308	0.044737	0.000000	0.015231	-1.326828	-0.164795	0.019802	0.018676	-0.062375	-0.006672	-1.341505	0.483015	-0.143141	-0.311350	0.021496	0.561137	-0.447361	2.822712	1.448405	-0.483835	-0.417567	-0.040200	0.000000	-0.028561	-0.411655	0.791053	-0.177058	0.074822	-0.059056	0.000000
-0.651191	1.217108	0.938328	-0.019998	0.006480	-0.009164	0.999737	0.040493	-0.057041	-0.341562	0.765323	-0.366450	-0.050418	-0.037586	-0.080712	-0.218386	0.636302	-0.384790	0.066018	-0.017680	-0.886314	0.391445	-1.094199	-1.757601	0.211186	-0.126201	0.000000	0.083337	-0.147730	0.572511	-0.191337	-0.165224	0.043708	0.000000	0.069999	-1.436473	-0.269116	0.031801	0.046708	-0.053961	0.035901	-1.465353	0.466406	-0.222878	-0.255783	0.030773	0.481016	-0.394130	3.941438	2.075407	-0.871170	-0.511504	-0.126813	0.000000	0.021032	-0.555167	0.953002	-0.235284	-0.032274	-0.023253	0.000000
-0.651652	1.218376	0.938091	-0.035458	0.005986	-0.009284	0.999310	0.042337	-0.086575	-0.348386	0.766206	-0.364915	-0.051650	-0.036546	-0.111153	-0.209880	0.631519	-0.389323	0.066588	-0.008839	-0.890348	0.479649	-1.045117	-1.780207	0.203265	-0.127833	0.000000	0.084223	-0.160103	0.592791	-0.196775	-0.167599	0.043807	0.000000	0.094739	-1.407406	-0.350846	0.048055	0.082879	-0.060972	0.049730	-1.438493	0.386277	-0.221823	-0.205619	0.033412	0.463134	0.074010	4.029937	2.470118	-1.244184	-0.090686	0.053807	0.000000	0.064751	-0.595777	0.946777	-0.246976	-0.166013	0.015875	0.000000
-0.652159	1.219399	0.937930	-0.049976	0.005245	-0.009485	0.998692	0.044283	-0.113338	-0.355596	0.767245	-0.363135	-0.052856	-0.035597	-0.138251	-0.202935	0.627429	-0.393015	0.067355	0.000846	-0.883354	0.552642	-0.995394	-1.807369	0.207558	-0.124049	0.000000	0.085927	-0.171561	0.610382	-0.201216	-0.171864	0.044343	0.000000	0.089899	-1.294019	-0.350207	0.016405	0.094016	-0.045140	0.036060	-1.298150	0.313296	-0.198697	-0.155520	0.055311	0.474365	0.499015	3.429712	2.487108	-1.422492	0.423842	0.260051	0.000000	0.086698	-0.570572	0.798066	-0.194902	-0.250622	0.021803	0.000000
-0.652760	1.220192	0.937935	-0.063420	0.004174	-0.009581	0.997932	0.045933	-0.138336	-0.362394	0.766863	-0.361154	-0.053456	-0.035104	-0.163079	-0.197348	0.623571	-0.395544	0.068800	0.010136	-0.870388	0.616838	-0.945632	-1.837107	0.220218	-0.117431	0.000000	0.087691	-0.182926	0.624714	-0.204571	-0.177624	0.044679	0.000000	0.095185	-1.229489	-0.363822	-0.024122	0.123306	-0.038540	0.034858	-1.233917	0.243646	-0.184225	-0.105473	0.066914	0.489158	0.701150	3.096089	2.491520	-1.513848	0.751478	0.263201	0.000000	0.071205	-0.540085	0.522065	-0.138263	-0.383743	0.007842	0.000000
-0.653286	1.220909	0.938004	-0.076522	0.002775	-0.009859	0.997015	0.048090	-0.162517	-0.370149	0.766280	-0.358203	-0.054398	-0.034203	-0.187608	-0.193189	0.620060	-0.397234	0.070032	0.020412	-0.855308	0.676486	-0.895733	-1.867923	0.237617	-0.113521	0.000000	0.088775	-0.193165	0.631265	-0.206747	-0.187214	0.044657	0.000000	0.114954	-1.173843	-0.391014	-0.034373	0.141931	-0.043465	0.050648	-1.205375	0.180555	-0.162001	-0.070728	0.051809	0.536433	0.680439	2.942313	2.624960	-1.493049	0.837385	0.264666	0.000000	0.035675	-0.469631	0.077185	-0.084214	-0.622466	-0.016348	0.000000
-0.653706	1.221490	0.938070	-0.088930	0.001269	-0.010266	0.995984	0.050531	-0.185289	-0.378034	0.765488	-0.355477	-0.055194	-0.033078	-0.211294	-0.190126	0.617091	-0.398373	0.070873	0.031593	-0.843170	0.734530	-0.840634	-1.896829	0.253714	-0.106844	0.000000	0.089118	-0.201711	0.627801	-0.207940	-0.202523	0.044025	0.000000	0.137015	-1.088296	-0.400235	-0.041600	0.129627	-0.036064	0.070745	-1.125951	0.121102	-0.137682	-0.045480	0.029333	0.557214	0.533643	2.870450	2.772199	-1.491940	0.710510	0.269922	0.000000	-0.011339	-0.380838	-0.373976	-0.073455	-0.889579	-0.046443	0.000000
-0.654087	1.222069	0.938164	-0.100263	-0.000392	-0.010878	0.994901	0.053571	-0.206049	-0.386158	0.764616	-0.353018	-0.055841	-0.031373	-0.232646	-0.188345	0.614553	-0.399053	0.071205	0.042700	-0.833962	0.791304	-0.784845	-1.927600	0.266038	-0.102724	0.000000	0.088321	-0.208398	0.616306	-0.209685	-0.222797	0.042799	0.000000	0.157082	-0.968604	-0.404331	-0.050898	0.130941	-0.030620	0.093624	-1.007747	0.057898	-0.120138	-0.009137	0.029732	0.567594	0.482647	2.703968	2.761349	-1.645014	0.625093	0.164237	0.000000	-0.036586	-0.327553	-0.547110	-0.088675	-0.982383	-0.077492	0.000000
-0.654297	1.222521	0.938362	-0.110640	-0.002177	-0.011664	0.993790	0.056814	-0.224034	-0.394208	0.763452	-0.350240	-0.056419	-0.029333	-0.251603	-0.187810	0.612286	-0.398738	0.072062	0.054297	-0.823864	0.842689	-0.730180	-1.962629	0.278718	-0.100275	0.000000	0.087654	-0.214813	0.605917	-0.211487	-0.241818	0.040926	0.000000	0.170851	-0.864182	-0.371655	-0.084008	0.112718	-0.023205	0.106646	-0.893483	0.031487	-0.123316	0.018974	0.099587	0.609052	0.599706	2.359664	2.701426	-1.797056	0.767843	0.087591	0.000000	-0.027638	-0.309682	-0.491396	-0.095110	-0.898010	-0.096854	0.000000
-0.654432	1.222866	0.938513	-0.119826	-0.003720	-0.012606	0.992708	0.060405	-0.240616	-0.401024	0.761256	-0.348509	-0.056769	-0.027107	-0.268385	-0.187085	0.609620	-0.398294	0.075188	0.067063	-0.809974	0.885691	-0.676788	-1.999483	0.296751	-0.099220	0.000000	0.087216	-0.220785	0.596650	-0.213489	-0.258718	0.038925	0.000000	0.157872	-0.770832	-0.306597	-0.109895	0.093467	-0.027071	0.095625	-0.790188	0.041035	-0.120880	0.024035	0.126899	0.634365	0.693385	2.060185	2.760844	-1.813316	0.920749	0.080953	0.000000	0.011022	-0.287138	-0.381465	-0.096381	-0.761119	-0.089400	0.000000
-0.654589	1.223177	0.938677	-0.128175	-0.004999	-0.013272	0.991650	0.063129	-0.254867	-0.406471	0.759056	-0.346501	-0.057502	-0.025508	-0.283211	-0.186169	0.607450	-0.397777	0.077138	0.079672	-0.796129	0.925096	-0.619746	-2.035162	0.315548	-0.097037	0.000000	0.088095	-0.226299	0.590658	-0.215342	-0.272263	0.037350	0.000000	0.125508	-0.664849	-0.235856	-0.114180	0.086555	-0.026169	0.069860	-0.673540	0.044745	-0.088103	0.028864	0.063791	0.596746	0.665857	1.975156	2.942708	-1.722103	0.836066	0.113487	0.000000	0.064374	-0.263713	-0.158457	-0.094904	-0.572831	-0.060952	0.000000
-0.654719	1.223421	0.938827	-0.135122	-0.005895	-0.013787	0.990716	0.065425	-0.267210	-0.410459	0.756688	-0.345047	-0.057816	-0.024313	-0.295327	-0.185296	0.606096	-0.397139	0.077740	0.090932	-0.783340	0.964697	-0.559080	-2.068367	0.330194	-0.094681	0.000000	0.089791	-0.231334	0.590312	-0.217285	-0.281631	0.036487	0.000000	0.101383	-0.551649	-0.194734	-0.114353	0.075276	-0.020569	0.052955	-0.552714	0.017111	-0.052764	0.029244	0.034090	0.511891	0.569589	1.636279	2.626625	-1.411086	0.613371	0.066939	0.000000	0.076380	-0.207010	0.076640	-0.089716	-0.341377	-0.016629	0.000000
-0.654657	1.223629	0.938967	-0.141044	-0.006813	-0.014127	0.989879	0.067184	-0.276933	-0.414261	0.754482	-0.343490	-0.058325	-0.023390	-0.305319	-0.185484	0.605340	-0.396607	0.078501	0.100147	-0.773345	0.990547	-0.514681	-2.091605	0.340082	-0.094359	0.000000	0.091150	-0.234579	0.593724	-0.218930	-0.285918	0.036685	0.000000	0.070549	-0.420523	-0.179791	-0.103253	0.083611	-0.034865	0.033541	-0.432555	-0.031395	-0.031252	0.029787	0.043332	0.456444	0.390330	1.133181	2.026324	-1.008868	0.421096	-0.012654	0.000000	0.050787	-0.148875	0.196972	-0.073050	-0.152617	0.008209	0.000000
-0.654745	1.223672	0.939131	-0.145221	-0.007894	-0.014255	0.989265	0.068247	-0.284031	-0.417650	0.752558	-0.341703	-0.059210	-0.022971	-0.312629	-0.186551	0.604846	-0.395948	0.079473	0.109190	-0.767727	1.010024	-0.478027	-2.108721	0.347038	-0.095187	0.000000	0.091822	-0.237289	0.598190	-0.220207	-0.287736	0.036815	0.000000	0.065155	-0.313490	-0.153086	-0.093558	0.075660	-0.046971	0.035804	-0.316523	-0.065196	-0.006700	0.043051	0.020676	0.431305	0.261213	0.994226	1.926696	-0.871384	0.344498	-0.090148	0.000000	0.021242	-0.139844	0.242870	-0.071171	-0.076085	0.003263	0.000000
-0.654751	1.223759	0.939282	-0.148368	-0.008758	-0.014610	0.988786	0.069790	-0.289472	-0.420384	0.750740	-0.340463	-0.060204	-0.021958	-0.317980	-0.188092	0.605072	-0.394885	0.079329	0.117399	-0.762897	1.030316	-0.437613	-2.126461	0.353862	-0.097965	0.000000	0.092000	-0.240173	0.603439	-0.221777	-0.288961	0.036815	0.000000	0.076421	-0.237917	-0.146309	-0.072338	0.079112	-0.050816	0.054008	-0.237824	-0.098998	0.031006	0.066662	-0.052525	0.375045	0.237806	1.047871	2.083075	-0.870931	0.313582	-0.202568	0.000000	0.001001	-0.131191	0.244085	-0.082809	-0.068602	0.003213	0.000000
-0.654610	1.224004	0.939443	-0.150842	-0.009580	-0.014905	0.988399	0.071304	-0.293548	-0.423503	0.749665	-0.338538	-0.061243	-0.020811	-0.322142	-0.190511	0.606086	-0.393281	0.077372	0.124192	-0.758214	1.051939	-0.394704	-2.143559	0.359581	-0.103290	0.000000	0.091862	-0.242537	0.607954	-0.223520	-0.290480	0.036944	0.000000	0.082847	-0.181551	-0.159270	-0.027558	0.092976	-0.048319	0.065485	-0.178058	-0.129912	0.064214	0.069915	-0.094407	0.315770	0.245897	1.055714	2.158544	-0.860965	0.285296	-0.355156	0.000000	-0.005654	-0.096387	0.204150	-0.090592	-0.090429	0.016259	0.000000
-0.654431	1.224345	0.939562	-0.151970	-0.009980	-0.015139	0.988219	0.073104	-0.296734	-0.426755	0.749637	-0.336744	-0.062136	-0.019338	-0.325103	-0.193289	0.607640	-0.392088	0.075552	0.130030	-0.753061	1.072545	-0.351271	-2.160899	0.365274	-0.112171	0.000000	0.091774	-0.244028	0.611605	-0.225401	-0.292578	0.037465	0.000000	0.074177	-0.091291	-0.151336	0.029683	0.091396	-0.031817	0.066534	-0.103877	-0.130772	0.075626	0.053111	-0.075093	0.285811	0.269210	0.972974	2.152088	-0.907916	0.301639	-0.582770	0.000000	0.016369	-0.046727	0.161703	-0.090009	-0.123282	0.045627	0.000000
-0.654264	1.224570	0.939633	-0.152963	-0.010605	-0.015506	0.988053	0.074271	-0.297199	-0.429556	0.750852	-0.334882	-0.062515	-0.018149	-0.326297	-0.195742	0.609111	-0.391157	0.074369	0.135624	-0.747446	1.090858	-0.308620	-2.179875	0.371647	-0.126601	0.000000	0.092517	-0.244406	0.614422	-0.227120	-0.295411	0.038769	0.000000	0.073023	-0.018447	-0.155905	0.079697	0.082914	-0.027132	0.074169	-0.046420	-0.125989	0.068378	0.038645	-0.051308	0.221000	0.268759	0.864619	2.099608	-1.032710	0.329770	-0.900764	0.000000	0.064405	0.007895	0.099470	-0.067558	-0.174978	0.082715	0.000000
-0.653973	1.225005	0.939606	-0.153370	-0.010952	-0.015880	0.987981	0.076025	-0.297472	-0.432991	0.752825	-0.333428	-0.063222	-0.016372	-0.326960	-0.198328	0.610376	-0.390543	0.073500	0.138870	-0.742310	1.107130	-0.267287	-2.202208	0.378465	-0.148202	0.000000	0.094350	-0.243712	0.615584	-0.228103	-0.299577	0.040774	0.000000	0.090341	0.008343	-0.164128	0.117710	0.050409	-0.023103	0.093491	-0.010046	-0.122429	0.063935	0.018483	-0.047692	0.116611	0.261901	0.737208	1.977352	-1.255363	0.362386	-1.300156	0.000000	0.117077	0.057893	-0.018875	-0.018618	-0.267582	0.108104	0.000000
-0.653723	1.225533	0.939496	-0.153499	-0.011294	-0.016494	0.987947	0.077885	-0.296866	-0.436121	0.755560	-0.332866	-0.063440	-0.014410	-0.326699	-0.200639	0.611669	-0.390418	0.072461	0.140289	-0.736970	1.120346	-0.229526	-2.230090	0.386142	-0.178607	0.000000	0.097200	-0.242090	0.613667	-0.227865	-0.306114	0.043093	0.000000	0.088605	0.077396	-0.156645	0.153401	0.020605	-0.010461	0.097980	0.079701	-0.141496	0.088610	0.006569	-0.063970	0.055729	0.446847	0.601470	2.105985	-1.909250	0.556227	-2.154099	0.000000	0.193456	0.122068	-0.255968	0.060271	-0.500230	0.133387	0.000000
-0.653449	1.226064	0.939350	-0.152615	-0.011479	-0.016846	0.988075	0.079569	-0.294376	-0.439257	0.758961	-0.332604	-0.063640	-0.012452	-0.323771	-0.203988	0.613920	-0.390280	0.070941	0.141099	-0.724437	1.131189	-0.183048	-2.278578	0.400714	-0.234366	0.000000	0.102088	-0.238830	0.605345	-0.225693	-0.319587	0.046110	0.000000	0.087074	0.158903	-0.147238	0.182509	-0.006401	-0.001630	0.104386	0.184978	-0.185718	0.142874	0.007980	-0.073629	0.021854	4.685961	-0.838333	7.294141	-4.535073	2.554133	-6.800288	0.000000	0.375153	0.187448	-0.568680	0.192953	-1.481834	0.208863	0.000000
-0.653168	1.226682	0.939181	-0.150222	-0.011636	-0.017523	0.988429	0.081368	-0.290510	-0.442011	0.762861	-0.333122	-0.063505	-0.010234	-0.319300	-0.208068	0.617384	-0.390098	0.069516	0.141163	-0.549531	1.086813	0.062239	-2.411493	0.488307	-0.450618	0.000000	0.112206	-0.234592	0.590920	-0.220147	-0.365388	0.051447	0.000000	0.062038	0.247182	-0.067194	0.154391	-0.024322	0.006633	0.088368	0.275029	-0.165249	0.141712	0.022776	-0.060473	-0.074283	9.239416	-3.088814	11.531055	-4.957223	3.124462	-8.722537	0.000000	0.341558	0.142713	-0.472511	0.180525	-1.646805	0.128444	0.000000
-0.653031	1.227139	0.939121	-0.147160	-0.011422	-0.017792	0.988887	0.082051	-0.284489	-0.441945	0.765137	-0.333577	-0.063375	-0.008918	-0.312770	-0.210598	0.619588	-0.389369	0.068522	0.138128	-0.354860	1.007636	0.278194	-2.476867	0.525692	-0.583268	0.000000	0.115751	-0.233121	0.586444	-0.218471	-0.385459	0.051247	0.000000	0.030654	0.332237	0.045200	0.107093	-0.049789	0.014818	0.063339	0.369827	-0.102024	0.106330	0.034826	-0.043052	-0.185619	6.804703	-2.802145	7.108878	-2.398491	1.339486	-4.379296	0.000000	0.176792	0.072144	-0.218394	0.052376	-0.647531	0.000829	0.000000
-0.652989	1.227489	0.939019	-0.143346	-0.010836	-0.018149	0.989447	0.082594	-0.277220	-0.440203	0.767145	-0.335114	-0.062912	-0.007701	-0.304507	-0.212149	0.621637	-0.388705	0.067794	0.133738	-0.277343	0.974727	0.346594	-2.507432	0.541887	-0.625790	0.000000	0.119278	-0.231706	0.582184	-0.218052	-0.391289	0.051481	0.000000	0.031558	0.374141	0.081686	0.119832	-0.070898	0.030629	0.065612	0.423694	-0.083002	0.120546	0.038508	-0.037018	-0.264624	3.452684	-1.493453	2.570160	-1.480401	0.843248	-1.839368	0.000000	0.211397	0.067813	-0.201711	0.003976	-0.224656	0.014997	0.000000
-0.652835	1.227917	0.938895	-0.139451	-0.010084	-0.018588	0.990003	0.083313	-0.269524	-0.438677	0.769930	-0.336412	-0.062150	-0.006293	-0.295823	-0.213918	0.624410	-0.387829	0.067041	0.127543	-0.216753	0.947898	0.381001	-2.536083	0.559422	-0.656842	0.000000	0.124207	-0.230409	0.578376	-0.218312	-0.394445	0.051847	0.000000	0.030171	0.410729	0.073465	0.158150	-0.081283	0.047020	0.068886	0.448488	-0.102924	0.158536	0.029273	-0.044870	-0.346808	2.760951	-1.231711	1.088484	-1.312554	0.849465	-1.363158	0.000000	0.266772	0.057580	-0.170666	-0.021772	-0.103530	0.019414	0.000000
-0.652601	1.228344	0.938616	-0.135079	-0.009290	-0.018967	0.990610	0.083801	-0.260791	-0.437264	0.773471	-0.338365	-0.061031	-0.004945	-0.286567	-0.216266	0.627978	-0.387534	0.065999	0.119866	-0.166905	0.925459	0.390134	-2.559935	0.575866	-0.680317	0.000000	0.129949	-0.229403	0.575357	-0.218923	-0.395430	0.052257	0.000000	0.015081	0.461907	0.063501	0.182749	-0.098836	0.060345	0.060184	0.489286	-0.145615	0.198913	0.009443	-0.065342	-0.421107	2.189630	-1.055366	0.051761	-1.080626	0.735393	-1.013303	0.000000	0.271895	0.031189	-0.123076	-0.034533	-0.004557	0.011279	0.000000
-0.652011	1.228687	0.938275	-0.129813	-0.008473	-0.019201	0.991316	0.083916	-0.251047	-0.436137	0.777240	-0.340366	-0.059736	-0.003886	-0.276251	-0.219743	0.632367	-0.387451	0.064428	0.110699	-0.129167	0.905683	0.383071	-2.579308	0.588838	-0.697374	0.000000	0.135082	-0.229161	0.573453	-0.219694	-0.394627	0.052298	0.000000	-0.008732	0.546736	0.066619	0.197816	-0.112135	0.066393	0.044803	0.550522	-0.198076	0.247818	-0.005680	-0.087388	-0.502452	1.593767	-1.002474	-0.876565	-0.880039	0.535049	-0.708075	0.000000	0.226416	0.014791	-0.173046	-0.042817	0.040729	-0.013300	0.000000
-0.651339	1.229024	0.937862	-0.123550	-0.007647	-0.019238	0.992122	0.083452	-0.238921	-0.434599	0.781383	-0.342850	-0.058376	-0.003153	-0.264546	-0.224189	0.637891	-0.387762	0.062503	0.099768	-0.103155	0.885360	0.355071	-2.595136	0.597267	-0.708640	0.000000	0.139005	-0.228812	0.568435	-0.220635	-0.393801	0.051725	0.000000	-0.019732	0.637513	0.080685	0.200421	-0.123891	0.067047	0.039595	0.634250	-0.244095	0.286627	-0.010993	-0.107849	-0.576942	0.897492	-0.903797	-1.929367	-0.717598	0.207776	-0.467679	0.000000	0.159654	0.027576	-0.356641	-0.052934	0.020033	-0.036324	0.000000
-0.650428	1.229360	0.937434	-0.116212	-0.006803	-0.019313	0.993013	0.083127	-0.225547	-0.432910	0.785257	-0.345322	-0.057054	-0.002302	-0.250881	-0.229507	0.643832	-0.387891	0.060114	0.087621	-0.093268	0.869531	0.305897	-2.608012	0.597149	-0.716082	0.000000	0.141468	-0.228058	0.559187	-0.221811	-0.393826	0.050845	0.000000	-0.010726	0.774671	0.097417	0.226825	-0.153374	0.086559	0.055608	0.763592	-0.301839	0.352137	-0.000362	-0.145462	-0.627119	0.042456	-0.559454	-2.598190	-0.310713	-0.538346	-0.108613	0.000000	0.104801	0.050442	-0.519954	-0.050588	-0.026072	-0.027847	0.000000
-0.649341	1.229544	0.936939	-0.107385	-0.005730	-0.019694	0.994006	0.083023	-0.207935	-0.430703	0.790456	-0.348985	-0.054913	-0.000929	-0.234003	-0.236263	0.651976	-0.387776	0.056685	0.074683	-0.101456	0.862981	0.251144	-2.607565	0.575734	-0.712984	0.000000	0.143197	-0.226794	0.547637	-0.222659	-0.394844	0.050611	0.000000	-0.017648	0.928782	0.152488	0.216164	-0.205182	0.074454	0.053669	0.925843	-0.339082	0.381759	0.003346	-0.152227	-0.694513	-1.057166	-0.433470	-3.755593	0.282133	-1.905450	0.742672	0.000000	0.066110	0.038907	-0.539359	-0.041381	0.027372	-0.010304	0.000000
-0.648451	1.229530	0.936416	-0.096478	-0.004802	-0.019871	0.995125	0.082421	-0.188395	-0.426811	0.793903	-0.353529	-0.054076	-0.000155	-0.213847	-0.243070	0.659102	-0.387757	0.054025	0.059841	-0.135554	0.852193	0.155673	-2.596726	0.520931	-0.686375	0.000000	0.144113	-0.226502	0.537613	-0.223466	-0.392731	0.050433	0.000000	-0.053016	1.019533	0.215908	0.125714	-0.197903	0.024944	0.015180	1.047638	-0.334016	0.297561	0.014882	-0.110771	-0.791254	-2.401961	-0.814542	-5.691920	0.130045	-2.747337	1.120853	0.000000	-0.046791	0.018442	-0.482731	-0.023175	0.136904	-0.058292	0.000000
-0.647601	1.229501	0.936081	-0.084338	-0.004230	-0.019576	0.996236	0.080902	-0.167153	-0.422066	0.795485	-0.356901	-0.053915	-0.000322	-0.192097	-0.249623	0.663879	-0.387181	0.052254	0.043033	-0.197535	0.830400	0.023467	-2.602363	0.465840	-0.668150	0.000000	0.141326	-0.226056	0.528328	-0.223586	-0.389368	0.048280	0.000000	-0.115959	1.200060	0.291912	0.058684	-0.179125	0.003024	-0.044751	1.212785	-0.352959	0.278872	0.033663	-0.113023	-0.884009	-3.537724	-1.268955	-6.649068	0.091887	-3.279696	0.945663	0.000000	-0.199693	0.034580	-0.365292	0.005206	0.234559	-0.141411	0.000000
-0.646840	1.229125	0.935830	-0.069892	-0.003514	-0.018754	0.997372	0.077783	-0.140393	-0.415134	0.796251	-0.360694	-0.053955	-0.001945	-0.165336	-0.257188	0.670257	-0.386410	0.049504	0.024480	-0.277063	0.801434	-0.110290	-2.593051	0.389743	-0.648548	0.000000	0.136125	-0.225119	0.523001	-0.223258	-0.383349	0.044777	0.000000	-0.172647	1.383703	0.345851	0.019532	-0.143071	-0.001564	-0.103342	1.388460	-0.383305	0.282137	0.057662	-0.120800	-0.912969	-4.479448	-1.956092	-7.463655	0.983906	-4.390797	1.428352	0.000000	-0.272971	0.082205	-0.263204	0.009856	0.349983	-0.145299	0.000000
-0.645968	1.228577	0.935748	-0.054170	-0.002992	-0.017633	0.998372	0.073996	-0.111805	-0.408232	0.796266	-0.362624	-0.053978	-0.004455	-0.136559	-0.264955	0.675164	-0.384874	0.047422	0.006514	-0.376713	0.752156	-0.275079	-2.563007	0.290208	-0.611016	0.000000	0.130407	-0.222768	0.517800	-0.223191	-0.375368	0.042468	0.000000	-0.214736	1.505658	0.366142	-0.023323	-0.070927	0.017383	-0.153293	1.500465	-0.382014	0.197881	0.095419	-0.079652	-0.906807	-4.899494	-3.061475	-8.703132	1.439887	-4.327570	1.941596	0.000000	-0.299070	0.130145	-0.256985	-0.006305	0.388028	-0.074906	0.000000
-0.645285	1.227990	0.935888	-0.036863	-0.002662	-0.016011	0.999189	0.069194	-0.080167	-0.400488	0.795318	-0.363531	-0.053260	-0.008077	-0.105317	-0.272469	0.678172	-0.382593	0.046318	-0.011792	-0.473043	0.678975	-0.458415	-2.535455	0.216640	-0.570884	0.000000	0.124162	-0.219913	0.512722	-0.223510	-0.367828	0.041781	0.000000	-0.250665	1.658760	0.435360	-0.105853	-0.043716	0.041005	-0.198093	1.626927	-0.359322	0.100517	0.131493	-0.031012	-0.879457	-4.643552	-4.038759	-8.965136	1.617485	-3.051785	2.547917	0.000000	-0.296821	0.158781	-0.224981	0.070889	0.394125	-0.021283	0.000000
-0.644741	1.227259	0.936254	-0.018039	-0.002357	-0.014177	0.999734	0.063969	-0.045455	-0.390818	0.792032	-0.364373	-0.052338	-0.012379	-0.071482	-0.279328	0.679185	-0.379615	0.046182	-0.028664	-0.562455	0.590606	-0.633685	-2.498307	0.168137	-0.509099	0.000000	0.118534	-0.216417	0.508801	-0.220356	-0.359603	0.041616	0.000000	-0.254623	1.831691	0.539163	-0.212194	-0.048385	0.032812	-0.215268	1.765577	-0.320262	0.010923	0.182434	0.000849	-0.754415	-4.464630	-4.595568	-9.092657	2.470577	-2.208393	3.771859	0.000000	-0.259946	0.199176	-0.310466	0.234867	0.419573	0.055139	0.000000
-0.644348	1.226283	0.936794	0.002259	-0.001903	-0.012534	0.999917	0.059009	-0.006899	-0.378922	0.786830	-0.365466	-0.051947	-0.016688	-0.034694	-0.285279	0.678609	-0.375296	0.046352	-0.041969	-0.651628	0.495153	-0.822121	-2.436632	0.128305	-0.420010	0.000000	0.113765	-0.211946	0.500303	-0.214116	-0.351045	0.043986	0.000000	-0.210414	1.945891	0.592965	-0.282353	-0.057056	0.008188	-0.192187	1.866517	-0.302523	-0.061083	0.237636	0.032826	-0.643861	-4.158673	-4.323976	-8.153420	2.940512	-1.657965	3.976084	0.000000	-0.198878	0.207051	-0.533426	0.328794	0.313248	0.104009	0.000000
-0.643927	1.225544	0.937410	0.023109	-0.001635	-0.011300	0.999668	0.055553	0.032381	-0.367099	0.780738	-0.366655	-0.052010	-0.020066	0.003179	-0.291429	0.676742	-0.370109	0.047495	-0.054419	-0.728802	0.417647	-0.959822	-2.380687	0.101818	-0.350056	0.000000	0.110579	-0.208135	0.487464	-0.207204	-0.347073	0.045777	0.000000	-0.132136	1.962042	0.521565	-0.314464	-0.038885	-0.025028	-0.141282	1.898266	-0.381219	-0.098078	0.319891	0.085456	-0.644498	-3.697245	-3.706615	-6.050360	2.662963	-1.329814	3.120574	0.000000	-0.153546	0.203579	-0.565670	0.324655	0.179593	0.069581	0.000000
-0.643065	1.224631	0.938180	0.043835	-0.002207	-0.010798	0.998978	0.053723	0.071583	-0.358059	0.774252	-0.367022	-0.052948	-0.022339	0.041236	-0.300528	0.674686	-0.362500	0.049770	-0.067748	-0.799518	0.346888	-1.064136	-2.330114	0.075112	-0.295187	0.000000	0.107623	-0.203803	0.477676	-0.201130	-0.343861	0.046769	0.000000	-0.093498	1.893728	0.375661	-0.306763	0.028321	-0.037979	-0.127000	1.858226	-0.515340	-0.082120	0.423805	0.109983	-0.669060	-3.377895	-3.348722	-4.626086	2.408862	-1.312884	2.219178	0.000000	-0.154376	0.213211	-0.461479	0.293350	0.147559	0.023096	0.000000
-0.641680	1.223547	0.939140	0.063665	-0.003245	-0.010271	0.997913	0.051813	0.108130	-0.352073	0.768467	-0.365522	-0.053529	-0.025146	0.077508	-0.312043	0.673457	-0.353157	0.051894	-0.081181	-0.863918	0.283698	-1.144865	-2.284332	0.049303	-0.261289	0.000000	0.104404	-0.199606	0.469005	-0.195470	-0.341171	0.046701	0.000000	-0.119759	1.919552	0.208518	-0.370553	0.145121	-0.055902	-0.177368	1.906355	-0.743830	-0.063504	0.604723	0.149925	-0.647851	-3.456910	-2.930264	-3.634432	2.568460	-1.768970	1.454189	0.000000	-0.209725	0.211249	-0.446013	0.266701	0.162567	-0.034290	0.000000
-0.639878	1.222160	0.940469	0.084186	-0.006178	-0.009499	0.996386	0.048933	0.148365	-0.349719	0.759429	-0.361217	-0.055184	-0.029434	0.117491	-0.330281	0.672146	-0.338311	0.055767	-0.093663	-0.937794	0.229678	-1.209513	-2.227376	0.004353	-0.237019	0.000000	0.099234	-0.195353	0.459836	-0.190461	-0.337358	0.045398	0.000000	-0.153169	1.872521	0.068566	-0.418423	0.196812	-0.079929	-0.230651	1.873695	-0.893105	-0.069110	0.708548	0.191797	-0.626074	-3.498949	-2.770658	-3.252590	3.193378	-2.199862	1.123904	0.000000	-0.229357	0.254115	-0.596724	0.278344	0.157718	-0.046367	0.000000
-0.638471	1.220713	0.941589	0.102286	-0.009321	-0.008635	0.994674	0.045686	0.183031	-0.349330	0.751730	-0.357650	-0.056727	-0.034372	0.152456	-0.347767	0.670693	-0.324815	0.059566	-0.106224	-1.003875	0.172872	-1.274969	-2.156597	-0.038692	-0.216332	0.000000	0.095230	-0.189442	0.445136	-0.184336	-0.334862	0.044846	0.000000	-0.171742	1.748361	0.110299	-0.370462	0.114816	-0.072096	-0.264696	1.737503	-0.784247	-0.081015	0.593109	0.170632	-0.577861	-3.089117	-2.726190	-2.851954	3.652602	-2.083245	1.167759	0.000000	-0.126628	0.291184	-0.817411	0.299095	0.107045	0.007337	0.000000
-0.638294	1.219502	0.942429	0.120727	-0.011659	-0.007454	0.992589	0.042063	0.218299	-0.345307	0.744611	-0.356624	-0.058068	-0.040022	0.186991	-0.361651	0.668905	-0.314587	0.062592	-0.116777	-1.061359	0.120630	-1.323591	-2.081271	-0.078976	-0.190309	0.000000	0.094169	-0.183705	0.427139	-0.178498	-0.333077	0.045691	0.000000	-0.139673	1.834795	0.379533	-0.407395	-0.003343	-0.089959	-0.260889	1.815080	-0.575898	-0.104733	0.472826	0.137326	-0.442039	-2.678058	-2.294235	-2.103537	3.908151	-1.949926	1.333830	0.000000	0.039115	0.274096	-0.840904	0.325619	0.122638	0.061135	0.000000
-0.639252	1.218973	0.943331	0.140927	-0.012732	-0.006457	0.989917	0.040099	0.256423	-0.334149	0.735435	-0.357783	-0.060325	-0.044808	0.225059	-0.370803	0.666503	-0.305902	0.065059	-0.123906	-1.110998	0.081102	-1.359110	-2.000271	-0.116689	-0.162979	0.000000	0.096794	-0.178478	0.411499	-0.171312	-0.329957	0.047291	0.000000	-0.057878	1.927324	0.654390	-0.485285	-0.095132	-0.126879	-0.214586	1.922399	-0.386699	-0.129902	0.405650	0.101945	-0.257603	-2.383322	-1.897485	-1.793292	4.675609	-1.888041	1.280427	0.000000	0.183409	0.271175	-0.830939	0.383850	0.204157	0.097262	0.000000
-0.641124	1.218684	0.944157	0.161375	-0.013254	-0.005933	0.986786	0.039748	0.295392	-0.319131	0.725200	-0.360429	-0.063143	-0.048605	0.263887	-0.377119	0.663709	-0.298361	0.066670	-0.127081	-1.156692	0.044731	-1.395323	-1.894247	-0.154498	-0.139092	0.000000	0.101505	-0.172858	0.393902	-0.163144	-0.324910	0.049582	0.000000	-0.019900	1.841594	0.778720	-0.485298	-0.178704	-0.135848	-0.194831	1.833122	-0.237556	-0.132206	0.286596	0.070027	-0.175091	-2.128944	-1.862522	-1.764572	5.423185	-1.840047	0.771050	0.000000	0.313486	0.246585	-0.891492	0.396212	0.249267	0.114183	0.000000
-0.643273	1.218249	0.944523	0.179498	-0.012941	-0.005335	0.983659	0.039303	0.330086	-0.303000	0.716023	-0.364932	-0.065759	-0.052601	0.298384	-0.380305	0.661215	-0.294438	0.067860	-0.130909	-1.196156	0.006601	-1.429693	-1.783344	-0.190291	-0.132137	0.000000	0.109334	-0.168614	0.375840	-0.155463	-0.319986	0.051859	0.000000	-0.053315	1.621827	0.773814	-0.414221	-0.197573	-0.107383	-0.229013	1.619335	-0.137165	-0.098132	0.154154	0.040692	-0.335795	-1.641834	-1.693096	-1.366884	5.223396	-1.518056	0.085127	0.000000	0.373630	0.179100	-0.881743	0.359001	0.185544	0.062617	0.000000
-0.644688	1.217750	0.944724	0.195274	-0.011841	-0.004112	0.980669	0.037615	0.360265	-0.288178	0.708631	-0.368332	-0.067439	-0.057766	0.328660	-0.382606	0.659784	-0.292195	0.068298	-0.140513	-1.222365	-0.022993	-1.449998	-1.685311	-0.215220	-0.135687	0.000000	0.116450	-0.165694	0.358632	-0.148784	-0.317489	0.052086	0.000000	-0.086314	1.393316	0.667916	-0.333509	-0.098557	-0.066566	-0.255800	1.404379	-0.137517	-0.046122	0.132596	0.014411	-0.650728	-1.103541	-1.315340	-0.735581	4.968265	-0.920669	-0.189460	0.000000	0.279194	0.162379	-0.816058	0.354291	0.129128	-0.049674	0.000000
-0.644998	1.217801	0.945019	0.208724	-0.010563	-0.002529	0.977914	0.035851	0.385819	-0.276283	0.702682	-0.368874	-0.068422	-0.062833	0.354559	-0.385806	0.659370	-0.289134	0.068436	-0.156938	-1.240297	-0.046012	-1.459116	-1.584613	-0.227117	-0.139716	0.000000	0.120502	-0.162119	0.343197	-0.141291	-0.314821	0.049872	0.000000	-0.042070	1.179724	0.547153	-0.259757	-0.050074	-0.041130	-0.199363	1.204299	-0.161901	0.010596	0.166730	-0.046468	-0.640864	-0.973466	-1.208358	-0.347263	5.290189	-0.592351	-0.064828	0.000000	0.213597	0.252848	-0.850187	0.444527	0.118728	-0.136295	0.000000
-0.645392	1.217372	0.945205	0.219953	-0.009529	-0.002132	0.975462	0.035933	0.407454	-0.266292	0.698240	-0.370335	-0.069084	-0.065740	0.376832	-0.389082	0.660208	-0.285526	0.066439	-0.166147	-1.261304	-0.071328	-1.463889	-1.473704	-0.238914	-0.138280	0.000000	0.124994	-0.155580	0.324625	-0.131003	-0.312739	0.046635	0.000000	0.097507	1.046597	0.473288	-0.186236	-0.110931	-0.042819	-0.051107	1.069631	-0.158039	0.038695	0.197232	-0.092234	-0.184341	-1.046112	-1.662711	-0.318673	5.748838	-0.641867	0.100810	0.000000	0.302979	0.427254	-1.203275	0.457672	-0.020839	-0.121306	0.000000
-0.645845	1.217340	0.945297	0.230318	-0.008992	-0.003191	0.973069	0.039751	0.427683	-0.257352	0.695233	-0.373311	-0.070134	-0.064878	0.397344	-0.392127	0.660918	-0.281245	0.064747	-0.164312	-1.282142	-0.112521	-1.471863	-1.354660	-0.252792	-0.135683	0.000000	0.132621	-0.145029	0.295066	-0.122985	-0.315655	0.045019	0.000000	0.143273	0.902434	0.442151	-0.159138	-0.121669	-0.051239	0.004258	0.929789	-0.115694	0.033741	0.170252	-0.028557	-0.119618	-0.740924	-1.687658	-0.254306	5.377450	-0.648727	-0.106998	0.000000	0.318420	0.500593	-1.427930	0.330250	-0.229303	-0.052795	0.000000
-0.646545	1.217242	0.945399	0.238689	-0.008235	-0.003459	0.971055	0.041664	0.443551	-0.248606	0.691875	-0.375202	-0.071133	-0.065570	0.414024	-0.393710	0.661557	-0.278716	0.065297	-0.170932	-1.290941	-0.138834	-1.474061	-1.258606	-0.264863	-0.142560	0.000000	0.137731	-0.135557	0.267507	-0.117793	-0.321912	0.044523	0.000000	0.083880	0.721854	0.409934	-0.163054	-0.075256	-0.042239	-0.036547	0.765051	-0.083162	0.051175	0.138911	0.006781	-0.352978	-0.118399	-1.211482	0.087985	4.685628	-0.452608	-0.533392	0.000000	0.227429	0.489413	-1.403437	0.204815	-0.381857	0.000972	0.000000
-0.647086	1.217012	0.945576	0.245561	-0.007495	-0.003668	0.969345	0.043106	0.456557	-0.240955	0.688711	-0.376321	-0.071824	-0.066339	0.427946	-0.395454	0.662965	-0.275689	0.065018	-0.178431	-1.286878	-0.160980	-1.468344	-1.167234	-0.270896	-0.157019	0.000000	0.141718	-0.125453	0.238929	-0.114792	-0.330929	0.045058	0.000000	0.041940	0.593680	0.322755	-0.140303	-0.022970	-0.039526	-0.059568	0.637157	-0.124206	0.093116	0.158917	-0.033838	-0.384188	0.180012	-0.746741	0.354499	4.005727	-0.270743	-0.676026	0.000000	0.124088	0.444019	-1.273501	0.062177	-0.414369	0.017769	0.000000
-0.647219	1.216505	0.945802	0.251389	-0.006893	-0.003553	0.967855	0.043341	0.467299	-0.235696	0.686263	-0.376121	-0.072714	-0.067952	0.439510	-0.398678	0.665282	-0.272359	0.063943	-0.186300	-1.283740	-0.168704	-1.459881	-1.098377	-0.275693	-0.169601	0.000000	0.142694	-0.117796	0.216567	-0.115305	-0.338486	0.045234	0.000000	0.008206	0.398290	0.226582	-0.106443	0.018247	-0.034459	-0.060481	0.430453	-0.118057	0.117616	0.127613	-0.034314	-0.407353	0.010207	-0.309926	0.464398	3.300321	-0.353618	-0.537425	0.000000	0.037166	0.401413	-1.100124	-0.087109	-0.353733	0.012873	0.000000
-0.647395	1.216429	0.945964	0.254481	-0.006555	-0.003331	0.967050	0.043434	0.472489	-0.231891	0.684453	-0.375591	-0.073202	-0.068759	0.445164	-0.400176	0.667670	-0.270584	0.063646	-0.194725	-1.286469	-0.173377	-1.449768	-1.035222	-0.285041	-0.178516	0.000000	0.143205	-0.109396	0.194924	-0.118276	-0.345078	0.045573	0.000000	0.026315	0.159928	0.174921	-0.070542	0.033855	-0.023980	0.001597	0.164283	-0.016018	0.098898	0.055113	-0.008113	-0.421633	-0.084877	-0.093352	0.567484	2.884048	-0.378253	-0.366077	0.000000	0.045114	0.402004	-0.930350	-0.157775	-0.238785	0.015835	0.000000
-0.647544	1.216720	0.946169	0.255045	-0.005755	-0.003368	0.966906	0.044394	0.473696	-0.228699	0.683441	-0.374767	-0.073674	-0.067889	0.446081	-0.399318	0.669238	-0.270155	0.063619	-0.203165	-1.287135	-0.172438	-1.437182	-0.983015	-0.290823	-0.184244	0.000000	0.144499	-0.101716	0.179353	-0.121616	-0.348038	0.045867	0.000000	0.031560	0.042503	0.153000	-0.055301	0.032675	-0.024285	0.028284	0.034205	0.034066	0.091369	0.027984	-0.013997	-0.374167	0.049284	0.242370	0.750476	2.510576	-0.141524	-0.258730	0.000000	0.077790	0.385961	-0.643827	-0.163601	-0.091664	0.038563	0.000000
-0.647601	1.216832	0.946267	0.255573	-0.005190	-0.003273	0.966770	0.044697	0.474189	-0.225771	0.682241	-0.374284	-0.074174	-0.067627	0.446533	-0.398814	0.671324	-0.269465	0.063086	-0.209692	-1.284498	-0.163682	-1.419749	-0.934799	-0.290702	-0.188865	0.000000	0.146316	-0.093958	0.169171	-0.124820	-0.348745	0.047116	0.000000	0.010310	-0.018593	0.126174	-0.047873	0.023510	-0.023326	0.014522	-0.011303	0.022906	0.123219	0.022420	-0.080318	-0.277796	0.098127	0.467876	1.027751	2.456672	0.065230	-0.140981	0.000000	0.105793	0.382893	-0.440180	-0.161774	0.004330	0.064900	0.000000
-0.647504	1.216957	0.946284	0.255069	-0.004244	-0.003067	0.966909	0.044806	0.472952	-0.223652	0.681526	-0.373826	-0.074607	-0.067308	0.445629	-0.398402	0.674167	-0.269258	0.060406	-0.214277	-1.283210	-0.153723	-1.396072	-0.884748	-0.288214	-0.189883	0.000000	0.148731	-0.086400	0.161746	-0.128087	-0.347864	0.048463	0.000000	0.006388	-0.112135	0.089579	-0.015254	0.012167	0.005058	0.026165	-0.095200	0.044035	0.138684	-0.010010	-0.116957	-0.173526	-0.031334	0.529495	1.036996	2.017632	0.057353	0.038501	0.000000	0.103467	0.309757	-0.283735	-0.114375	0.028986	0.057156	0.000000
-0.647296	1.217088	0.946211	0.253806	-0.003498	-0.002984	0.967244	0.044952	0.469703	-0.222188	0.681631	-0.373798	-0.073971	-0.066581	0.442725	-0.397052	0.676872	-0.269865	0.058407	-0.216633	-1.285751	-0.142502	-1.378269	-0.854093	-0.288408	-0.187325	0.000000	0.150455	-0.081567	0.157821	-0.129395	-0.347585	0.049402	0.000000	0.010282	-0.198667	0.064004	0.017107	0.000795	0.028621	0.046522	-0.189609	0.089775	0.129420	-0.050347	-0.091096	-0.060118	-0.266773	0.668656	0.887185	1.624538	-0.171871	0.103292	0.000000	0.101230	0.254134	-0.181292	-0.050254	0.019335	0.042765	0.000000
-0.647040	1.217205	0.946101	0.250995	-0.002369	-0.002983	0.967981	0.045217	0.465005	-0.221092	0.682210	-0.373794	-0.073462	-0.065447	0.438045	-0.394811	0.679344	-0.271272	0.056762	-0.216682	-1.293881	-0.126976	-1.360584	-0.819766	-0.295089	-0.185751	0.000000	0.152780	-0.076235	0.154495	-0.130098	-0.347091	0.050174	0.000000	0.010422	-0.285210	0.029079	0.042172	-0.000078	0.028926	0.059969	-0.276031	0.118022	0.120556	-0.078420	-0.090608	0.012826	-0.644916	1.022473	1.477578	2.876730	-0.746122	0.015090	0.000000	0.185917	0.384422	-0.171076	-0.049538	0.093856	0.014555	0.000000
-0.646792	1.217310	0.945980	0.247617	-0.001499	-0.003034	0.968852	0.045369	0.458295	-0.221025	0.683318	-0.373801	-0.072814	-0.064182	0.431683	-0.392331	0.681694	-0.273002	0.054783	-0.216120	-1.311548	-0.101604	-1.319166	-0.739024	-0.318253	-0.186721	0.000000	0.157891	-0.066190	0.150978	-0.131377	-0.343831	0.049984	0.000000	0.000129	-0.378774	-0.019708	0.064659	0.018074	0.036202	0.062456	-0.365540	0.144956	0.093776	-0.093041	-0.085578	0.080009	-0.617167	0.970974	1.518530	2.833533	-0.821431	-0.008000	0.000000	0.167349	0.337101	-0.080285	-0.043401	0.116839	-0.007563	0.000000
-0.646484	1.217349	0.945869	0.243289	-0.000660	-0.003058	0.969949	0.045223	0.449854	-0.221880	0.684797	-0.373071	-0.072014	-0.062949	0.423423	-0.389013	0.683095	-0.274993	0.053339	-0.213481	-1.318568	-0.088137	-1.299843	-0.706425	-0.327946	-0.186071	0.000000	0.159474	-0.062751	0.151283	-0.131834	-0.342418	0.049871	0.000000	-0.000869	-0.459339	-0.082082	0.085634	0.044894	0.043096	0.073497	-0.451975	0.164054	0.049369	-0.091647	-0.055757	0.155455	-0.407597	0.826740	0.966880	1.729827	-0.547180	0.028779	0.000000	0.067569	0.170934	0.038848	-0.032207	0.069346	-0.001394	0.000000
-0.645860	1.217625	0.945821	0.238139	-0.000077	-0.003162	0.971226	0.045335	0.439921	-0.224308	0.686743	-0.372005	-0.071090	-0.061242	0.413604	-0.385769	0.683669	-0.276668	0.052553	-0.209902	-1.327852	-0.068534	-1.280491	-0.669831	-0.340140	-0.185570	0.000000	0.160594	-0.059353	0.152532	-0.132665	-0.341057	0.049928	0.000000	-0.010867	-0.554942	-0.089132	0.111529	0.036396	0.050317	0.075896	-0.551000	0.235117	0.024530	-0.131224	-0.028491	0.256424	-0.423211	1.012231	0.989258	1.833159	-0.610590	-0.003023	0.000000	0.042652	0.145758	0.061121	-0.047522	0.056009	-0.005472	0.000000
-0.645976	1.217397	0.945707	0.231573	0.001030	-0.003302	0.972811	0.044788	0.427657	-0.225446	0.689258	-0.371616	-0.070001	-0.059913	0.401383	-0.379608	0.684076	-0.280242	0.052199	-0.203224	-1.335496	-0.047648	-1.260273	-0.633098	-0.352370	-0.186192	0.000000	0.161180	-0.056920	0.153728	-0.133735	-0.340177	0.049652	0.000000	0.003158	-0.640528	-0.082268	0.119904	0.017711	0.060786	0.098942	-0.637561	0.307544	-0.013329	-0.157581	-0.013171	0.379792	-0.275829	1.022816	0.760835	1.756282	-0.668272	-0.208858	0.000000	0.028891	0.091995	0.058782	-0.058487	0.032989	-0.024243	0.000000
-0.645889	1.217447	0.945668	0.224612	0.001699	-0.003900	0.974439	0.045461	0.414300	-0.227599	0.691539	-0.371297	-0.068659	-0.057284	0.388102	-0.373467	0.683136	-0.282971	0.052026	-0.194710	-1.338885	-0.027621	-1.250057	-0.599580	-0.366871	-0.193925	0.000000	0.161750	-0.055673	0.154884	-0.135005	-0.339738	0.048959	0.000000	-0.008165	-0.619543	-0.161451	0.094154	0.039257	0.052748	0.081464	-0.612281	0.222354	-0.049092	-0.099870	-0.008652	0.365486	-0.220770	1.066442	0.489044	1.648276	-0.724828	-0.393566	0.000000	0.001842	0.011595	0.092701	-0.084885	0.031407	-0.048099	0.000000
-0.645382	1.217470	0.945651	0.218436	0.001697	-0.003809	0.975843	0.044461	0.402875	-0.231904	0.693024	-0.370045	-0.067891	-0.056654	0.376892	-0.370714	0.682112	-0.284237	0.051853	-0.188605	-1.344327	-0.004990	-1.240711	-0.567167	-0.381363	-0.201935	0.000000	0.161254	-0.056457	0.157436	-0.137130	-0.338921	0.047728	0.000000	-0.087554	-0.648570	-0.246741	0.087447	0.074850	0.045644	0.004251	-0.644833	0.143468	-0.044495	-0.105690	-0.010047	0.226852	-0.408268	1.254871	0.690547	1.665728	-0.660241	-0.268713	0.000000	-0.049829	-0.096928	0.160372	-0.116696	0.054442	-0.083071	0.000000
-0.644933	1.217781	0.945572	0.210802	0.001601	-0.003015	0.977523	0.041959	0.388357	-0.237469	0.695037	-0.368303	-0.066833	-0.057114	0.362309	-0.367729	0.681356	-0.287199	0.051624	-0.185636	-1.355216	0.022574	-1.222435	-0.532951	-0.393280	-0.204673	0.000000	0.159757	-0.059550	0.161299	-0.139673	-0.337560	0.045636	0.000000	-0.153236	-0.736853	-0.288280	0.121912	0.091349	0.070666	-0.054300	-0.728412	0.149970	-0.038664	-0.157457	0.013639	0.152836	-0.739691	1.494102	1.225233	1.756623	-0.554289	0.097370	0.000000	-0.099981	-0.218106	0.197978	-0.120718	0.065317	-0.139161	0.000000
-0.644248	1.217540	0.945444	0.203378	0.001842	-0.001971	0.979097	0.038332	0.373401	-0.243435	0.697901	-0.366391	-0.065064	-0.058826	0.347755	-0.364715	0.680566	-0.290535	0.052399	-0.182491	-1.373915	0.054774	-1.191702	-0.496903	-0.403534	-0.198040	0.000000	0.157254	-0.065181	0.165355	-0.141959	-0.336308	0.042162	0.000000	-0.144590	-0.864254	-0.259780	0.127055	0.073639	0.080131	-0.039842	-0.845015	0.232847	-0.034323	-0.215273	0.030736	0.144441	-1.035458	1.588731	1.781404	1.715490	-0.461281	0.530428	0.000000	-0.138869	-0.319785	0.147656	-0.106991	0.030214	-0.193564	0.000000
-0.644400	1.217984	0.945286	0.192896	0.002188	-0.001287	0.981216	0.036175	0.353787	-0.247860	0.700119	-0.365357	-0.063628	-0.058708	0.328508	-0.358415	0.679983	-0.295810	0.052854	-0.179858	-1.396634	0.086123	-1.151179	-0.464331	-0.411732	-0.183456	0.000000	0.154202	-0.072342	0.167205	-0.143952	-0.336352	0.037893	0.000000	-0.088715	-1.001688	-0.195249	0.096060	0.037576	0.059091	0.023069	-0.975348	0.338916	-0.042804	-0.254133	0.019698	0.159392	-1.109245	1.573109	2.017945	1.571738	-0.411272	0.799994	0.000000	-0.153007	-0.375457	0.050693	-0.097862	-0.028943	-0.210654	0.000000
-0.644466	1.218186	0.945133	0.182324	0.002787	-0.001021	0.983234	0.034783	0.333333	-0.251245	0.701743	-0.364888	-0.062701	-0.057903	0.308741	-0.351159	0.678853	-0.300701	0.053187	-0.176116	-1.418285	0.117698	-1.110984	-0.434033	-0.419985	-0.166040	0.000000	0.151134	-0.080199	0.167383	-0.145873	-0.337466	0.033736	0.000000	-0.078562	-0.992314	-0.170295	0.067796	0.029106	0.047468	0.027064	-0.969320	0.335433	-0.052059	-0.219260	0.014448	0.240225	-0.937319	1.619124	1.722258	1.506739	-0.502168	0.770350	0.000000	-0.139312	-0.422685	0.033178	-0.088240	-0.047269	-0.206353	0.000000
-0.644425	1.218120	0.945025	0.172216	0.003242	-0.000725	0.985054	0.033033	0.314095	-0.254672	0.702831	-0.364193	-0.061729	-0.057625	0.289735	-0.344998	0.677900	-0.304580	0.053432	-0.170249	-1.434127	0.150888	-1.082289	-0.404061	-0.431818	-0.152642	0.000000	0.148630	-0.089249	0.168532	-0.147482	-0.338242	0.029639	0.000000	-0.068608	-0.919691	-0.179569	0.044900	0.027066	0.040398	0.025138	-0.907224	0.271032	-0.039168	-0.161903	-0.001379	0.354898	-0.639376	1.672943	1.117086	1.480336	-0.662594	0.537953	0.000000	-0.102150	-0.479103	0.084169	-0.070997	-0.027514	-0.203766	0.000000
-0.644419	1.218178	0.944934	0.162659	0.003298	-0.000671	0.986677	0.032039	0.296546	-0.258428	0.703539	-0.363806	-0.061085	-0.056898	0.272452	-0.340317	0.677287	-0.307177	0.053132	-0.161920	-1.443860	0.184616	-1.066300	-0.374820	-0.446489	-0.144522	0.000000	0.147048	-0.099363	0.170750	-0.148713	-0.338566	0.025585	0.000000	-0.056203	-0.909028	-0.203420	0.033523	0.025870	0.024239	0.028797	-0.883721	0.218337	-0.022674	-0.133213	-0.023125	0.408957	-0.382084	1.670023	0.655389	1.416512	-0.694649	0.335027	0.000000	-0.058034	-0.524856	0.116859	-0.055019	-0.014492	-0.198958	0.000000
-0.644495	1.218203	0.944839	0.152816	0.003141	-0.000520	0.988250	0.030785	0.277734	-0.262808	0.704172	-0.363158	-0.060760	-0.056474	0.254386	-0.336264	0.676993	-0.309909	0.052506	-0.153891	-1.449410	0.217689	-1.056073	-0.347401	-0.459604	-0.139241	0.000000	0.146308	-0.110243	0.173206	-0.149683	-0.338822	0.021681	0.000000	-0.050047	-1.006267	-0.242297	0.066082	0.036275	0.044244	0.038194	-0.985588	0.227178	-0.015262	-0.147837	-0.024886	0.429255	-0.111586	1.670560	0.114954	1.301071	-0.593906	0.181914	0.000000	-0.010682	-0.556763	0.092839	-0.045536	-0.035557	-0.186029	0.000000
-0.644589	1.217740	0.944730	0.141723	0.003077	-0.000930	0.989901	0.030037	0.256295	-0.268120	0.706182	-0.362355	-0.059315	-0.055370	0.233029	-0.331230	0.676676	-0.313090	0.052136	-0.144750	-1.448323	0.251438	-1.061702	-0.322777	-0.470245	-0.137246	0.000000	0.146621	-0.121634	0.174463	-0.150534	-0.339989	0.018144	0.000000	-0.039629	-0.985914	-0.243115	0.080711	0.031345	0.041004	0.040293	-0.980732	0.227173	-0.018515	-0.161434	-0.027461	0.398311	0.084931	1.705641	-0.339815	1.192173	-0.425945	0.044834	0.000000	0.032713	-0.589304	0.045210	-0.032995	-0.067828	-0.178642	0.000000
-0.644834	1.218147	0.944555	0.132281	0.002805	-0.000657	0.991208	0.029199	0.238297	-0.272533	0.707400	-0.361904	-0.059120	-0.054862	0.215157	-0.327177	0.676253	-0.316366	0.051408	-0.137959	-1.446013	0.285914	-1.069666	-0.299714	-0.476642	-0.137448	0.000000	0.147617	-0.133816	0.175015	-0.151002	-0.341535	0.014535	0.000000	-0.053409	-0.931368	-0.216158	0.062373	0.040650	0.009911	0.015528	-0.927040	0.211375	-0.008543	-0.171968	-0.051598	0.326565	0.042185	1.757210	-0.229764	1.143400	-0.162382	0.007069	0.000000	0.059914	-0.618511	-0.013449	-0.012612	-0.093083	-0.183775	0.000000
-0.645164	1.218433	0.944418	0.122300	0.002683	-0.000238	0.992490	0.027901	0.219040	-0.276766	0.708677	-0.360729	-0.058919	-0.054749	0.195947	-0.322775	0.676335	-0.319969	0.050072	-0.131687	-1.446636	0.321727	-1.070893	-0.277041	-0.476741	-0.136963	0.000000	0.149017	-0.146374	0.173925	-0.151039	-0.343712	0.010793	0.000000	-0.062532	-0.971743	-0.212105	0.066383	0.051898	0.008600	0.004934	-0.967421	0.222640	0.002475	-0.190040	-0.072117	0.304898	-0.084212	1.825961	0.005105	1.112457	0.079686	0.056638	0.000000	0.072650	-0.629041	-0.119901	0.005560	-0.134698	-0.190158	0.000000
-0.645635	1.218667	0.944247	0.112267	0.002499	0.000123	0.993675	0.026698	0.199427	-0.281017	0.710056	-0.359828	-0.058776	-0.054664	0.176460	-0.318272	0.676352	-0.323968	0.048523	-0.125763	-1.449381	0.358953	-1.069462	-0.255216	-0.473455	-0.135182	0.000000	0.150523	-0.158977	0.170219	-0.150780	-0.346923	0.006929	0.000000	-0.062965	-0.966321	-0.223161	0.079240	0.062603	0.007557	0.001143	-0.986502	0.223919	-0.003755	-0.200355	-0.076776	0.289880	-0.153437	1.881487	0.082064	1.062883	0.216185	0.110376	0.000000	0.083144	-0.623327	-0.236775	0.020474	-0.178703	-0.194184	0.000000
-0.646092	1.218886	0.944112	0.102080	0.002224	0.000511	0.994774	0.025382	0.180387	-0.285692	0.711847	-0.358225	-0.058616	-0.054703	0.156487	-0.313819	0.676184	-0.327983	0.047001	-0.120092	-1.452773	0.396986	-1.067610	-0.234525	-0.468093	-0.132548	0.000000	0.152343	-0.171307	0.164454	-0.150220	-0.350860	0.003025	0.000000	-0.060554	-0.987709	-0.260950	0.099330	0.088453	0.018724	-0.002903	-1.006867	0.219489	-0.019661	-0.201622	-0.071166	0.266993	-0.159320	1.921617	0.048578	1.007573	0.288602	0.146461	0.000000	0.094249	-0.605203	-0.336007	0.032977	-0.212729	-0.195823	0.000000
-0.646447	1.219117	0.943953	0.091600	0.001812	0.000875	0.995794	0.024276	0.159919	-0.291455	0.714029	-0.356290	-0.058027	-0.054781	0.136186	-0.309492	0.675565	-0.332032	0.045677	-0.115083	-1.455754	0.435817	-1.067519	-0.214913	-0.461911	-0.129324	0.000000	0.154293	-0.183185	0.156778	-0.149461	-0.355432	-0.000904	0.000000	-0.047582	-0.984883	-0.298135	0.124590	0.104003	0.032472	0.002259	-0.987956	0.207644	-0.041072	-0.190919	-0.061116	0.252393	-0.129971	1.960039	-0.017959	0.962891	0.337671	0.164361	0.000000	0.099531	-0.578863	-0.411623	0.041626	-0.234498	-0.195051	0.000000
-0.646725	1.219359	0.943863	0.081615	0.001298	0.001087	0.996663	0.023479	0.140992	-0.297618	0.716830	-0.354064	-0.057317	-0.054613	0.116969	-0.305513	0.674541	-0.335620	0.044557	-0.109996	-1.457972	0.475388	-1.068329	-0.196010	-0.454586	-0.125974	0.000000	0.156324	-0.194462	0.147989	-0.148555	-0.360240	-0.004777	0.000000	-0.028412	-0.935940	-0.310771	0.145631	0.095858	0.041636	0.012285	-0.934081	0.197645	-0.060081	-0.176885	-0.034579	0.268311	-0.108248	1.978552	0.058588	0.927103	0.471238	0.150694	0.000000	0.105644	-0.546763	-0.434658	0.041873	-0.229284	-0.187308	0.000000
-0.647029	1.219540	0.943689	0.072006	0.000745	0.001117	0.997403	0.023139	0.122481	-0.303886	0.719854	-0.352456	-0.056361	-0.054289	0.098822	-0.301586	0.673162	-0.339108	0.044294	-0.104350	-1.460084	0.514959	-1.065175	-0.177829	-0.443061	-0.123296	0.000000	0.158518	-0.205056	0.139392	-0.147786	-0.364604	-0.008396	0.000000	-0.013641	-0.960461	-0.343487	0.191900	0.088668	0.072841	0.018974	-0.950697	0.217663	-0.096166	-0.192705	0.019558	0.269615	-0.101820	1.969854	0.300068	0.875248	0.760552	0.113052	0.000000	0.104342	-0.514840	-0.457297	0.027373	-0.219622	-0.181630	0.000000
-0.647470	1.219900	0.943468	0.061921	0.000070	0.001163	0.998080	0.022933	0.102574	-0.311357	0.724506	-0.350518	-0.054404	-0.053854	0.078941	-0.296806	0.670695	-0.343328	0.045339	-0.099211	-1.462045	0.554182	-1.056326	-0.161000	-0.424164	-0.121451	0.000000	0.160498	-0.215055	0.129698	-0.147460	-0.369025	-0.012042	0.000000	-0.039182	-0.892906	-0.324219	0.220770	0.092608	0.086594	-0.012998	-0.892757	0.237668	-0.115097	-0.209913	0.050409	0.247709	-0.141057	1.998185	0.632650	0.841803	1.148485	0.115079	0.000000	0.075361	-0.499639	-0.506721	0.001185	-0.217274	-0.194688	0.000000
-0.648050	1.220243	0.943321	0.053885	-0.000270	0.001825	0.998545	0.021572	0.086765	-0.316855	0.728685	-0.348752	-0.052897	-0.054809	0.063112	-0.292079	0.668558	-0.347504	0.046310	-0.094442	-1.465726	0.594887	-1.039869	-0.144157	-0.397122	-0.118693	0.000000	0.161533	-0.225041	0.119123	-0.147739	-0.373294	-0.016184	0.000000	-0.051776	-0.737685	-0.255930	0.184619	0.055571	0.056796	-0.034964	-0.735880	0.213298	-0.102042	-0.199697	0.038408	0.239072	-0.075105	2.933565	1.111412	1.143762	2.194372	0.259750	0.000000	0.050176	-0.700001	-0.710748	-0.048808	-0.238397	-0.285314	0.000000
-0.648644	1.220421	0.943088	0.047140	-0.000728	0.002144	0.998886	0.020862	0.073066	-0.321594	0.731891	-0.348295	-0.052132	-0.055253	0.049506	-0.288274	0.666613	-0.351316	0.046875	-0.089649	-1.465049	0.671524	-1.011869	-0.115249	-0.336389	-0.111061	0.000000	0.162505	-0.243055	0.101268	-0.149412	-0.378561	-0.023454	0.000000	-0.036304	-0.567829	-0.200048	0.113718	0.036329	0.036229	-0.023647	-0.579683	0.148524	-0.079051	-0.160704	0.018369	0.268728	0.115785	2.747920	0.892457	1.021290	2.133451	0.287250	0.000000	0.003302	-0.647265	-0.623549	-0.070827	-0.173227	-0.260743	0.000000
-0.649319	1.220521	0.942987	0.042199	-0.001385	0.002462	0.999105	0.020120	0.064052	-0.324857	0.733234	-0.347298	-0.051448	-0.055755	0.039925	-0.286139	0.665396	-0.353932	0.047045	-0.083693	-1.461095	0.704804	-1.004171	-0.103305	-0.311784	-0.107203	0.000000	0.161665	-0.250932	0.094181	-0.150572	-0.380224	-0.026614	0.000000	-0.028261	-0.433505	-0.175804	0.082436	0.046768	0.036725	-0.016551	-0.466003	0.096472	-0.063102	-0.121627	0.008121	0.284734	0.286695	1.871605	0.300647	0.699209	1.201422	0.217054	0.000000	-0.091174	-0.451142	-0.392783	-0.075188	-0.099850	-0.183053	0.000000
-0.649926	1.220674	0.942854	0.037689	-0.002119	0.002633	0.999284	0.019732	0.055726	-0.328627	0.735189	-0.346424	-0.050663	-0.055915	0.030866	-0.284415	0.664089	-0.356181	0.047200	-0.078259	-1.453581	0.746388	-0.999844	-0.087281	-0.288333	-0.102379	0.000000	0.158858	-0.261101	0.085556	-0.152420	-0.382555	-0.030777	0.000000	-0.023467	-0.405315	-0.183220	0.119436	0.032011	0.038007	-0.013055	-0.433314	0.087439	-0.049813	-0.118871	-0.002221	0.269889	0.671870	2.995585	0.080875	1.196331	1.671504	0.436608	0.000000	-0.261399	-0.790621	-0.637154	-0.174633	-0.180560	-0.325201	0.000000
-0.650354	1.220863	0.942631	0.033678	-0.002503	0.002932	0.999425	0.019181	0.047839	-0.332186	0.738011	-0.346018	-0.049928	-0.056277	0.022592	-0.282641	0.663404	-0.358687	0.046956	-0.072897	-1.434220	0.824627	-1.000936	-0.055452	-0.244924	-0.089738	0.000000	0.151209	-0.282557	0.068695	-0.157557	-0.387446	-0.039622	0.000000	-0.009561	-0.342342	-0.144628	0.120462	0.007876	0.035394	-0.000144	-0.370251	0.091833	-0.031535	-0.120272	-0.011949	0.317302	0.751451	2.754735	-0.106733	1.154393	1.513538	0.431688	0.000000	-0.290707	-0.792002	-0.562235	-0.203725	-0.166184	-0.316741	0.000000
-0.650909	1.220952	0.942405	0.030353	-0.002773	0.002843	0.999531	0.019349	0.042032	-0.334412	0.740007	-0.346109	-0.049247	-0.055920	0.016056	-0.280742	0.662828	-0.360992	0.046722	-0.065567	-1.423523	0.856578	-1.004113	-0.041105	-0.227791	-0.085112	0.000000	0.147230	-0.292781	0.063067	-0.160569	-0.389202	-0.043446	0.000000	0.005076	-0.295978	-0.113493	0.110602	-0.001858	0.037812	0.015020	-0.332847	0.098746	-0.027065	-0.108888	-0.010991	0.351058	0.578499	1.700042	-0.143218	0.824087	0.870516	0.197852	0.000000	-0.230466	-0.579395	-0.256135	-0.172976	-0.084496	-0.209854	0.000000
-0.651499	1.220991	0.942209	0.026951	-0.002984	0.002772	0.999629	0.019384	0.036000	-0.336725	0.742435	-0.346092	-0.048415	-0.055676	0.009278	-0.278691	0.662321	-0.363043	0.046516	-0.058855	-1.411080	0.892629	-1.006665	-0.022488	-0.210103	-0.081824	0.000000	0.141990	-0.305733	0.058450	-0.164476	-0.390826	-0.048016	0.000000	-0.001827	-0.327392	-0.139588	0.129311	0.005528	0.051042	0.008060	-0.352090	0.090533	-0.023790	-0.098071	-0.012807	0.329631	0.661576	1.816811	-0.146785	0.959420	0.873399	0.145678	0.000000	-0.280690	-0.699079	-0.185862	-0.213504	-0.069744	-0.239885	0.000000
-0.652013	1.220963	0.942010	0.023354	-0.003356	0.002750	0.999718	0.019276	0.028937	-0.339995	0.745180	-0.345888	-0.047206	-0.055598	0.001972	-0.277121	0.661876	-0.364915	0.046210	-0.052382	-1.397060	0.929250	-1.009984	-0.002729	-0.192855	-0.079285	0.000000	0.136002	-0.320744	0.055632	-0.169109	-0.391992	-0.053042	0.000000	-0.004107	-0.358261	-0.170952	0.148687	0.006934	0.069744	0.006269	-0.376280	0.075204	-0.013614	-0.096956	-0.016215	0.325926	0.755656	1.841672	-0.189951	0.562153	0.841723	0.105024	0.000000	-0.322832	-0.786884	-0.099129	-0.248741	-0.052054	-0.254743	0.000000
-0.652510	1.220863	0.941778	0.019494	-0.003731	0.002639	0.999800	0.019220	0.021670	-0.343563	0.748383	-0.345815	-0.045626	-0.055426	-0.005773	-0.275683	0.661777	-0.366921	0.045868	-0.045818	-1.380854	0.966296	-1.014263	-0.000002	-0.176434	-0.077623	0.000000	0.129077	-0.337208	0.054485	-0.174426	-0.392908	-0.058205	0.000000	0.001871	-0.398416	-0.194625	0.168481	0.007740	0.078595	0.012540	-0.415095	0.071879	-0.000826	-0.100663	-0.016160	0.324994	0.849104	1.832007	-0.188932	0.068214	0.829378	0.039524	0.000000	-0.375306	-0.842696	-0.035246	-0.282881	-0.052300	-0.253529	0.000000
-0.652845	1.220652	0.941518	0.014972	-0.004095	0.002402	0.999877	0.019351	0.013000	-0.347780	0.751919	-0.345578	-0.044062	-0.055096	-0.014632	-0.274246	0.661843	-0.368941	0.045563	-0.039382	-1.363096	1.002531	-1.017542	-0.000000	-0.159680	-0.077704	0.000000	0.120990	-0.354452	0.054223	-0.180424	-0.394084	-0.063183	0.000000	0.012193	-0.471259	-0.225334	0.185110	0.015959	0.076059	0.020401	-0.478356	0.074287	0.005133	-0.102111	-0.017721	0.310600	0.944880	1.741484	-0.143382	0.000055	0.849914	-0.061274	0.000000	-0.443735	-0.864965	-0.033421	-0.314589	-0.088759	-0.237053	0.000000
-0.653005	1.220470	0.941247	0.009732	-0.004411	0.002108	0.999941	0.019708	0.002819	-0.352577	0.755787	-0.345177	-0.042583	-0.054610	-0.024907	-0.272712	0.661982	-0.371006	0.045159	-0.033394	-1.343059	1.035955	-1.019998	-0.000000	-0.142437	-0.080074	0.000000	0.111328	-0.371807	0.053148	-0.187009	-0.396458	-0.067688	0.000000	0.010756	-0.545111	-0.261281	0.196853	0.037470	0.067857	0.015514	-0.531291	0.068790	0.005975	-0.103144	-0.023764	0.282988	1.021147	1.557255	-0.040331	0.000000	0.907797	-0.183598	0.000000	-0.549060	-0.852035	-0.143671	-0.342754	-0.191356	-0.201345	0.000000
-0.652982	1.220156	0.941003	0.004082	-0.004839	0.001909	0.999978	0.019781	-0.008804	-0.358231	0.759793	-0.344080	-0.041347	-0.054476	-0.035883	-0.271494	0.662082	-0.373067	0.044613	-0.028063	-1.322250	1.064821	-1.019155	-0.000000	-0.123368	-0.085048	0.000000	0.099027	-0.388534	0.048476	-0.194134	-0.401738	-0.071236	0.000000	0.007274	-0.641862	-0.401172	0.281504	0.070839	0.085973	0.010700	-0.619077	0.001030	0.024098	-0.106855	-0.027795	0.242404	1.463112	1.724485	0.368056	0.000000	1.608904	-0.455708	0.000000	-0.971009	-1.096963	-0.556376	-0.489836	-0.609898	-0.178955	0.000000
-0.652517	1.219839	0.940656	-0.002478	-0.005930	0.001663	0.999978	0.019999	-0.022855	-0.368624	0.767047	-0.342343	-0.039144	-0.054182	-0.049670	-0.272670	0.662946	-0.375280	0.044047	-0.023698	-1.284534	1.104934	-1.005276	-0.000000	-0.078081	-0.098303	0.000000	0.072487	-0.415685	0.030893	-0.206603	-0.420854	-0.074846	0.000000	0.008331	-0.640621	-0.474735	0.295016	0.100409	0.090443	0.012816	-0.633469	-0.070696	0.040045	-0.095813	-0.031686	0.207556	1.685318	1.498574	0.630817	0.000000	1.960687	-0.533992	0.000000	-1.143935	-1.094085	-0.788834	-0.499552	-0.917912	-0.137963	0.000000
-0.652049	1.219604	0.940377	-0.008343	-0.007093	0.001526	0.999939	0.020115	-0.034429	-0.377221	0.771594	-0.340063	-0.037730	-0.053963	-0.061222	-0.274322	0.663684	-0.376900	0.043345	-0.019760	-1.254837	1.124764	-0.993922	0.000000	-0.044941	-0.106407	0.000000	0.053270	-0.432297	0.016922	-0.214116	-0.438455	-0.076755	0.000000	0.001741	-0.605081	-0.459206	0.263993	0.105686	0.074984	0.003468	-0.606254	-0.096750	0.058039	-0.093430	-0.024687	0.182736	2.350280	0.944719	0.752571	0.000000	2.111245	-0.533383	0.000000	-1.334065	-1.001417	-0.941812	-0.445852	-1.396032	-0.146186	0.000000
-0.651426	1.219188	0.939997	-0.014283	-0.008237	0.001408	0.999863	0.020068	-0.047058	-0.386992	0.777607	-0.338116	-0.036145	-0.054043	-0.073920	-0.276540	0.665267	-0.379017	0.043060	-0.016388	-1.190523	1.142723	-0.975173	0.000000	0.006369	-0.119638	0.000000	0.019125	-0.455742	-0.006780	-0.224437	-0.476695	-0.080693	0.000000	-0.011922	-0.584318	-0.419274	0.268027	0.081985	0.064882	-0.017119	-0.574294	-0.078537	0.075614	-0.107470	-0.007830	0.202018	3.760391	0.469950	1.067901	-0.000000	2.372478	-0.781588	0.000000	-1.880197	-1.051474	-1.136487	-0.544497	-2.271987	-0.295000	0.000000
-0.650955	1.218796	0.939621	-0.019170	-0.008828	0.001496	0.999776	0.019638	-0.057802	-0.393992	0.782315	-0.336784	-0.035134	-0.054648	-0.084194	-0.277463	0.666708	-0.381198	0.043032	-0.011680	-1.104422	1.143562	-0.951206	-0.000000	0.049959	-0.137671	0.000000	-0.021938	-0.474356	-0.028537	-0.235896	-0.529334	-0.088555	0.000000	-0.013065	-0.505467	-0.310089	0.224176	0.057658	0.041083	-0.022548	-0.483834	-0.016530	0.059161	-0.106579	0.001523	0.251928	4.728863	-0.426766	1.479971	-0.000000	1.867512	-0.882013	0.000000	-2.113981	-0.804298	-0.776715	-0.604767	-2.835023	-0.577051	0.000000
-0.650505	1.218284	0.939230	-0.023656	-0.009028	0.001348	0.999679	0.019546	-0.067277	-0.399395	0.786574	-0.335809	-0.034502	-0.054945	-0.093274	-0.277202	0.667634	-0.383280	0.043120	-0.006311	-1.001369	1.125652	-0.915974	-0.000000	0.081069	-0.154918	0.000000	-0.065435	-0.487914	-0.037848	-0.248627	-0.590096	-0.103775	0.000000	0.000551	-0.427279	-0.213476	0.176752	0.044845	0.020455	-0.008297	-0.410614	0.037642	0.034536	-0.082007	-0.003026	0.294158	4.899857	-1.130104	1.729268	0.000000	1.198666	-0.893318	0.000000	-2.026694	-0.475294	0.049122	-0.709432	-2.472547	-0.601364	0.000000
-0.650246	1.217741	0.938991	-0.027372	-0.008921	0.001052	0.999585	0.019660	-0.074893	-0.402531	0.789385	-0.334990	-0.034316	-0.054980	-0.100618	-0.275958	0.668090	-0.384479	0.042911	0.000087	-0.908427	1.098358	-0.882035	-0.000000	0.097905	-0.173404	0.000000	-0.103006	-0.493368	-0.026572	-0.264274	-0.628236	-0.112610	0.000000	0.008282	-0.364386	-0.153176	0.150508	0.020551	0.012053	0.000422	-0.350012	0.057539	0.035703	-0.071631	-0.020194	0.319173	6.599036	-2.280399	3.140677	0.000000	1.063497	-0.983648	0.000000	-2.553780	-0.061382	1.566630	-1.115174	-1.886615	-0.433342	0.000000
-0.649770	1.217248	0.938605	-0.030659	-0.008581	0.000744	0.999493	0.019877	-0.081852	-0.405522	0.792594	-0.334987	-0.034020	-0.054928	-0.107274	-0.274900	0.669062	-0.386145	0.042313	0.006456	-0.737407	1.034436	-0.790347	0.000000	0.123609	-0.194264	0.000000	-0.167586	-0.490369	0.024817	-0.293234	-0.665561	-0.121109	0.000000	0.019138	-0.335530	-0.150865	0.170377	0.004961	0.017079	0.011705	-0.330964	0.053158	0.053962	-0.079063	-0.032991	0.297827	9.378054	-3.857867	5.684238	0.000000	1.119422	-0.050947	0.000000	-3.293137	0.455418	3.027235	-1.437844	-1.576585	-0.449516	0.000000
-0.649191	1.216933	0.938232	-0.033949	-0.008134	0.000348	0.999391	0.020425	-0.088314	-0.408565	0.796200	-0.334792	-0.033633	-0.054512	-0.113857	-0.273831	0.670248	-0.387641	0.041591	0.012000	-0.533305	0.944043	-0.654666	0.000000	0.142682	-0.175441	0.000000	-0.234731	-0.475151	0.094517	-0.321787	-0.691299	-0.130590	0.000000	0.024626	-0.317626	-0.148159	0.179718	0.013164	0.019503	0.017929	-0.332958	0.055635	0.056134	-0.072538	-0.035949	0.270680	8.825911	-4.460864	5.609658	-0.000000	0.520409	0.867359	0.000000	-3.098111	0.909159	3.251328	-1.566533	-0.792442	-0.097926	0.000000
-0.648692	1.216621	0.937886	-0.037251	-0.007670	-0.000006	0.999277	0.020862	-0.094557	-0.411449	0.799783	-0.334461	-0.033239	-0.054211	-0.120593	-0.272675	0.671307	-0.389047	0.040875	0.017283	-0.384371	0.856002	-0.565960	-0.000000	0.144425	-0.159570	0.000000	-0.291510	-0.454003	0.154870	-0.355896	-0.697259	-0.125026	0.000000	0.031037	-0.281509	-0.126566	0.177693	-0.014125	0.025135	0.022424	-0.293390	0.073406	0.044411	-0.085898	-0.023207	0.250379	6.722732	-4.298069	3.650190	0.000000	-0.199501	0.627800	0.000000	-2.769965	1.194403	2.940239	-1.773925	-0.134346	0.431672	0.000000
-0.648466	1.216399	0.937427	-0.040042	-0.007207	-0.000502	0.999172	0.021667	-0.099575	-0.413628	0.803308	-0.335357	-0.032628	-0.053615	-0.125592	-0.270895	0.672025	-0.391077	0.040663	0.022015	-0.264396	0.772120	-0.508658	0.000000	0.134702	-0.150329	0.000000	-0.345530	-0.427375	0.212127	-0.392744	-0.696673	-0.113323	0.000000	0.066020	-0.297281	-0.098801	0.208332	-0.059925	0.054970	0.053273	-0.293050	0.144047	0.022994	-0.102965	0.010896	0.221354	5.811353	-4.238269	1.958758	0.000000	-1.243843	0.391155	0.000000	-2.730595	1.475286	3.046944	-1.925516	0.169964	0.722793	0.000000
-0.648381	1.216129	0.937007	-0.043892	-0.006234	-0.001536	0.999016	0.023503	-0.106449	-0.415401	0.808116	-0.336858	-0.031041	-0.052080	-0.132315	-0.266913	0.672227	-0.393165	0.041311	0.026137	-0.151917	0.686471	-0.487610	-0.000000	0.094672	-0.143924	0.000000	-0.400734	-0.394991	0.276748	-0.432916	-0.690460	-0.096114	0.000000	0.095407	-0.383759	-0.174003	0.210635	-0.034925	0.061491	0.082548	-0.398317	0.112785	0.014088	-0.078942	0.028122	0.201942	5.243264	-4.392663	1.046714	-0.044271	-2.548291	0.349677	0.000000	-2.965248	1.860602	3.155016	-2.003741	0.267300	0.871867	0.000000
-0.647697	1.215981	0.936608	-0.048871	-0.006329	-0.002493	0.998782	0.025483	-0.114925	-0.420588	0.811733	-0.336754	-0.030168	-0.050313	-0.141525	-0.266384	0.672588	-0.394235	0.041788	0.030093	-0.054666	0.596414	-0.466790	-0.001771	0.032770	-0.136342	0.000000	-0.464140	-0.352951	0.338327	-0.472894	-0.685981	-0.078449	0.000000	0.103756	-0.435777	-0.273114	0.168912	0.027720	0.045718	0.092555	-0.471140	-0.004391	0.040896	-0.029321	0.009856	0.203498	4.208573	-4.177544	0.686878	-0.285332	-3.218681	0.367676	0.000000	-3.029654	2.140819	2.891816	-1.899051	0.378524	1.015665	0.000000
-0.647156	1.215884	0.936454	-0.054007	-0.006744	-0.003466	0.998512	0.027653	-0.123880	-0.426325	0.814873	-0.335749	-0.029212	-0.048378	-0.151160	-0.267088	0.673863	-0.394338	0.041705	0.034277	0.016426	0.519369	-0.460135	-0.011413	-0.034076	-0.129217	0.000000	-0.521920	-0.309358	0.392420	-0.508878	-0.675319	-0.055488	0.000000	0.115985	-0.520395	-0.272225	0.135826	0.077932	0.036448	0.097788	-0.546295	0.016349	0.029142	0.007286	0.019618	0.219916	3.201486	-3.588252	-0.040299	-0.529939	-3.351749	0.354894	0.000000	-2.794631	2.073111	2.670301	-1.702620	0.756295	1.206560	0.000000
-0.646547	1.215897	0.936425	-0.060808	-0.006844	-0.004496	0.998116	0.030122	-0.135741	-0.431477	0.817166	-0.333636	-0.028710	-0.046401	-0.163377	-0.265730	0.673754	-0.393943	0.042573	0.038889	0.073394	0.452884	-0.468402	-0.022968	-0.101300	-0.122147	0.000000	-0.575925	-0.270026	0.445139	-0.540999	-0.655729	-0.030186	0.000000	0.101665	-0.611537	-0.228997	0.084071	0.110950	0.011396	0.072542	-0.619843	0.090811	-0.012919	0.016119	0.040419	0.253800	2.542876	-3.189133	-0.249881	-0.580746	-3.056761	0.412278	0.000000	-2.820075	1.934630	2.358201	-1.560301	0.959989	1.117456	0.000000
-0.645777	1.215994	0.936453	-0.068207	-0.006655	-0.005059	0.997636	0.031720	-0.148341	-0.435485	0.818236	-0.331311	-0.028756	-0.045476	-0.175954	-0.263456	0.673346	-0.393694	0.043322	0.044429	0.118141	0.391804	-0.470130	-0.034643	-0.156346	-0.112726	0.000000	-0.634723	-0.231973	0.486748	-0.571290	-0.636920	-0.010789	0.000000	0.082073	-0.690154	-0.194166	0.059131	0.116330	-0.010889	0.039780	-0.670636	0.153162	-0.034626	-0.002512	0.049240	0.304923	2.010990	-2.783604	-0.001376	-0.488258	-2.364866	0.420347	0.000000	-2.835013	1.768693	1.979547	-1.459369	0.954290	0.812020	0.000000
-0.645061	1.216209	0.936465	-0.076406	-0.006198	-0.005531	0.997042	0.033405	-0.163347	-0.439244	0.819531	-0.328983	-0.029146	-0.044810	-0.190202	-0.259603	0.672369	-0.394044	0.044542	0.051086	0.153834	0.341539	-0.468457	-0.042499	-0.195894	-0.105333	0.000000	-0.689325	-0.199279	0.524321	-0.599374	-0.617558	0.002295	0.000000	0.076189	-0.727991	-0.148214	0.047149	0.103004	-0.035945	0.025382	-0.701303	0.215583	-0.059664	-0.032796	0.054957	0.374481	1.732086	-2.418180	0.243221	-0.316399	-1.741681	0.316880	0.000000	-2.779596	1.715406	2.000976	-1.576524	1.028082	0.700202	0.000000
-0.644756	1.216724	0.936502	-0.083858	-0.005633	-0.005671	0.996446	0.034767	-0.177461	-0.441414	0.820121	-0.327191	-0.030194	-0.044461	-0.204006	-0.254833	0.670960	-0.395005	0.045520	0.059408	0.187425	0.295077	-0.460401	-0.047299	-0.226013	-0.100050	0.000000	-0.745907	-0.163357	0.566787	-0.634351	-0.595796	0.017219	0.000000	0.052967	-0.699949	-0.082774	-0.007583	0.088130	-0.055624	0.000280	-0.676902	0.249106	-0.086312	-0.049009	0.048946	0.454346	1.564655	-2.167448	0.613864	-0.202533	-1.227121	0.203742	0.000000	-2.750112	1.679724	2.207327	-1.824367	1.156028	0.739450	0.000000
-0.644485	1.217150	0.936614	-0.091155	-0.005084	-0.005577	0.995808	0.035524	-0.191345	-0.442555	0.819228	-0.325458	-0.031371	-0.044799	-0.217278	-0.249639	0.668917	-0.396004	0.046500	0.069260	0.216420	0.254841	-0.443902	-0.050600	-0.244979	-0.097183	0.000000	-0.799330	-0.132090	0.612614	-0.672348	-0.571317	0.031873	0.000000	0.024496	-0.687292	-0.067638	-0.063486	0.120254	-0.061521	-0.030025	-0.667158	0.250101	-0.123335	-0.028515	0.066640	0.502187	1.450433	-2.066200	1.187476	-0.178822	-0.777261	0.106875	0.000000	-2.769528	1.702575	2.548491	-2.142897	1.320987	0.840468	0.000000
-0.644011	1.217501	0.936902	-0.098390	-0.004791	-0.005274	0.995123	0.035747	-0.204953	-0.444119	0.817582	-0.322381	-0.032655	-0.045662	-0.230692	-0.244829	0.666026	-0.396146	0.048185	0.079496	0.245442	0.212429	-0.412902	-0.054452	-0.257104	-0.095775	0.000000	-0.856688	-0.095254	0.668727	-0.720067	-0.542957	0.050837	0.000000	0.008599	-0.749693	-0.098430	-0.102971	0.183547	-0.067771	-0.049046	-0.743962	0.242097	-0.150391	-0.007686	0.057200	0.473959	1.297637	-1.885629	1.488246	-0.191029	-0.431944	-0.024328	0.000000	-2.635752	1.736533	2.620658	-2.356538	1.272242	0.930258	0.000000
-0.643526	1.218083	0.937319	-0.107068	-0.004744	-0.004691	0.994229	0.035868	-0.221333	-0.446492	0.815109	-0.318116	-0.034081	-0.046761	-0.247037	-0.239955	0.662901	-0.396312	0.048788	0.088218	0.268325	0.179416	-0.384372	-0.058241	-0.262257	-0.098156	0.000000	-0.904760	-0.062628	0.717441	-0.766610	-0.520427	0.069083	0.000000	-0.005199	-0.741997	-0.091368	-0.134070	0.198822	-0.060687	-0.065310	-0.734672	0.241546	-0.178318	0.002208	0.044952	0.444232	1.174587	-1.718675	1.485070	-0.281250	-0.232946	-0.197415	0.000000	-2.539042	1.746713	2.729499	-2.639833	1.218003	1.026835	0.000000
-0.643147	1.218143	0.937747	-0.113790	-0.004742	-0.004243	0.993484	0.035539	-0.234632	-0.447774	0.812219	-0.314428	-0.035082	-0.048274	-0.260079	-0.235167	0.658894	-0.396058	0.049983	0.097265	0.292425	0.143682	-0.353500	-0.065702	-0.266422	-0.103672	0.000000	-0.958250	-0.025386	0.777907	-0.825661	-0.494237	0.091911	0.000000	0.002233	-0.629400	-0.059955	-0.156464	0.181554	-0.053970	-0.053339	-0.610086	0.216861	-0.189470	0.027372	0.058818	0.450077	1.101749	-1.630868	1.291904	-0.456019	-0.232674	-0.333587	0.000000	-2.468589	1.961862	2.827144	-3.030948	1.091957	1.126608	0.000000
-0.642756	1.218860	0.938230	-0.119633	-0.004807	-0.003755	0.992799	0.035957	-0.246509	-0.448890	0.808851	-0.310854	-0.036240	-0.048894	-0.271440	-0.231281	0.655322	-0.395217	0.051141	0.106221	0.312395	0.114182	-0.332696	-0.076482	-0.271564	-0.111500	0.000000	-1.003503	0.015846	0.830526	-0.887848	-0.476749	0.114147	0.000000	0.017678	-0.552610	-0.047150	-0.171803	0.167136	-0.060666	-0.027359	-0.562724	0.183836	-0.169627	0.026014	0.018128	0.477576	0.937441	-1.355156	0.812489	-0.647773	-0.328945	-0.452240	0.000000	-2.024633	2.196879	2.712877	-3.244270	0.642328	1.203459	0.000000
-0.642780	1.219518	0.938673	-0.124977	-0.005113	-0.003263	0.992141	0.036246	-0.256737	-0.449660	0.805347	-0.307742	-0.037509	-0.049368	-0.282588	-0.227813	0.652108	-0.395017	0.050709	0.116368	0.329923	0.089476	-0.321000	-0.091613	-0.279579	-0.121762	0.000000	-1.039235	0.062490	0.886422	-0.955431	-0.468544	0.140049	0.000000	0.031514	-0.533850	-0.044912	-0.189215	0.145493	-0.064026	-0.013943	-0.558859	0.173048	-0.173271	0.014471	-0.013878	0.545189	0.874218	-1.115814	0.334958	-1.003670	-0.592374	-0.568067	0.000000	-1.431158	2.897766	2.830228	-4.052590	-0.219297	1.471021	0.000000
-0.643440	1.220094	0.939184	-0.130657	-0.005903	-0.003006	0.991406	0.037218	-0.267862	-0.450687	0.801282	-0.305034	-0.038801	-0.049452	-0.293795	-0.224359	0.648391	-0.394638	0.050586	0.128029	0.347364	0.069549	-0.319298	-0.116629	-0.295259	-0.134222	0.000000	-1.060750	0.131757	0.943736	-1.049951	-0.485521	0.172988	0.000000	0.057261	-0.509524	-0.035794	-0.190714	0.106394	-0.069077	0.007043	-0.515571	0.168628	-0.176337	0.017618	0.002192	0.568448	0.664946	-0.714116	-0.179628	-1.197387	-0.798415	-0.507687	0.000000	-0.903255	2.970829	2.602120	-4.270943	-0.999478	1.495873	0.000000
-0.644310	1.220608	0.939596	-0.135532	-0.006575	-0.002992	0.990747	0.038537	-0.277118	-0.451092	0.797719	-0.303487	-0.040272	-0.049087	-0.303211	-0.221068	0.645055	-0.394312	0.050796	0.139106	0.356521	0.060911	-0.328185	-0.139508	-0.311516	-0.142069	0.000000	-1.075365	0.181323	0.990507	-1.126269	-0.508523	0.199884	0.000000	0.078093	-0.421212	-0.023666	-0.188826	0.060634	-0.070424	0.036909	-0.441661	0.144371	-0.179492	0.012112	-0.002046	0.554486	0.439064	-0.336973	-0.653905	-1.239498	-0.968390	-0.349495	0.000000	-0.812420	2.496232	2.788067	-3.976712	-1.207045	1.586146	0.000000
-0.645234	1.221058	0.939969	-0.139383	-0.007523	-0.003200	0.990205	0.040341	-0.284711	-0.451633	0.793729	-0.302609	-0.041618	-0.047976	-0.311461	-0.218584	0.641212	-0.394153	0.050504	0.150208	0.364926	0.056070	-0.345454	-0.166209	-0.333994	-0.148202	0.000000	-1.093247	0.231606	1.055258	-1.209020	-0.533803	0.236434	0.000000	0.112934	-0.315759	-0.072358	-0.199777	0.082859	-0.064707	0.084401	-0.349578	0.033108	-0.162107	0.069222	-0.010276	0.578413	0.356410	-0.125859	-0.920412	-1.236847	-1.180698	-0.220708	0.000000	-0.855067	2.350810	3.099772	-3.852081	-1.238538	1.671646	0.000000
-0.645346	1.221634	0.940568	-0.142217	-0.008805	-0.003783	0.989789	0.043054	-0.289748	-0.453986	0.789727	-0.300172	-0.042860	-0.045711	-0.317194	-0.219744	0.638571	-0.391544	0.050385	0.162242	0.370777	0.055877	-0.365002	-0.188982	-0.358744	-0.150897	0.000000	-1.109568	0.275355	1.114498	-1.280352	-0.558064	0.266750	0.000000	0.174399	-0.248674	-0.178917	-0.207794	0.179979	-0.060407	0.150810	-0.252873	-0.143919	-0.103590	0.200070	0.000541	0.610209	0.223213	0.009213	-0.930993	-1.053086	-1.292068	-0.097098	0.000000	-0.942811	2.156616	3.022796	-3.436431	-1.110825	1.438966	0.000000
-0.644846	1.222409	0.941453	-0.144632	-0.010534	-0.004819	0.989418	0.047317	-0.294658	-0.458790	0.785417	-0.295410	-0.044035	-0.041943	-0.321576	-0.224341	0.637068	-0.386151	0.050526	0.174617	0.373855	0.056439	-0.382694	-0.208332	-0.385677	-0.152086	0.000000	-1.130959	0.317871	1.176170	-1.346477	-0.578236	0.293993	0.000000	0.294417	-0.172263	-0.357044	-0.257349	0.278830	-0.111181	0.281654	-0.177111	-0.409178	-0.058578	0.353813	-0.019377	0.654589	0.095376	0.002626	-0.715432	-0.813958	-1.300148	-0.082171	0.000000	-1.098129	1.842301	2.934804	-3.016227	-0.840816	1.219768	0.000000
-0.644035	1.223271	0.942455	-0.145971	-0.014182	-0.007028	0.989162	0.054831	-0.296639	-0.468268	0.779433	-0.289019	-0.047307	-0.034445	-0.324279	-0.236111	0.636228	-0.377391	0.049610	0.188426	0.374592	0.055982	-0.393619	-0.221541	-0.410750	-0.154184	0.000000	-1.153493	0.349047	1.231890	-1.401001	-0.591697	0.315541	0.000000	0.400933	-0.161801	-0.564217	-0.235686	0.329112	-0.174069	0.393005	-0.196183	-0.641596	0.010245	0.401743	-0.063951	0.617173	-0.008196	-0.085763	-0.450174	-0.504574	-1.320728	-0.246695	0.000000	-1.154903	0.779881	2.783245	-2.823454	-0.643322	1.174290	0.000000
-0.643423	1.224396	0.943227	-0.148900	-0.018395	-0.009351	0.988637	0.063355	-0.301130	-0.481359	0.775990	-0.282245	-0.050997	-0.026223	-0.329423	-0.250005	0.637478	-0.370081	0.047968	0.199304	0.373527	0.053008	-0.400701	-0.228515	-0.438506	-0.161954	0.000000	-1.177155	0.349066	1.287500	-1.459415	-0.603968	0.340964	0.000000	0.363359	-0.203123	-0.584254	-0.163592	0.314204	-0.140132	0.353574	-0.245197	-0.618427	0.049566	0.324990	-0.071452	0.524499	-0.107972	-0.245134	-0.009758	-0.321883	-1.413727	-0.547788	0.000000	-1.006991	0.000469	3.097504	-3.503126	-0.856562	1.315942	0.000000
-0.643082	1.224987	0.943922	-0.151358	-0.021896	-0.011018	0.988175	0.069365	-0.304764	-0.491638	0.772890	-0.276451	-0.052913	-0.020302	-0.334086	-0.260848	0.638210	-0.364391	0.046752	0.209406	0.370273	0.046176	-0.394009	-0.234416	-0.467299	-0.176096	0.000000	-1.193773	0.349066	1.355790	-1.541126	-0.625959	0.368178	0.000000	0.293746	-0.203334	-0.468168	-0.155309	0.271991	-0.080334	0.279581	-0.218935	-0.488817	0.030890	0.287545	-0.042481	0.472917	-0.257016	-0.325426	0.703961	-0.217281	-1.250552	-0.710399	0.000000	-0.450835	0.000000	3.432670	-4.135674	-1.220909	1.176867	0.000000
-0.642902	1.225667	0.944620	-0.153976	-0.024747	-0.012532	0.987685	0.075105	-0.309263	-0.500085	0.769777	-0.271366	-0.054211	-0.015040	-0.338181	-0.269557	0.638713	-0.358579	0.046268	0.218220	0.363246	0.039991	-0.372542	-0.237206	-0.488528	-0.190370	0.000000	-1.195189	0.349066	1.424807	-1.624842	-0.652805	0.388039	0.000000	0.251723	-0.158171	-0.383277	-0.131090	0.236178	-0.059373	0.239748	-0.164650	-0.405756	0.022228	0.269419	-0.022577	0.446448	-0.411691	-0.266698	1.192436	-0.084033	-0.881844	-0.597633	0.000000	0.179020	0.000000	3.324279	-3.907686	-1.279750	0.883789	0.000000
-0.642928	1.225792	0.945170	-0.155352	-0.027258	-0.013910	0.987385	0.079434	-0.311090	-0.506969	0.767646	-0.267004	-0.055288	-0.010712	-0.340672	-0.277078	0.639099	-0.353615	0.045849	0.227264	0.353806	0.035508	-0.346312	-0.237777	-0.502573	-0.200001	0.000000	-1.186612	0.349066	1.488761	-1.697434	-0.677149	0.403530	0.000000	0.197047	-0.060128	-0.310093	-0.084342	0.172620	-0.032145	0.198817	-0.075623	-0.350847	0.028278	0.218607	-0.046825	0.444927	-0.469713	-0.294997	1.286659	-0.033005	-0.533462	-0.420189	0.000000	0.482485	0.000000	2.894735	-3.235516	-1.026279	0.646845	0.000000
-0.643009	1.225727	0.945528	-0.155812	-0.029290	-0.015160	0.987236	0.082986	-0.311668	-0.512489	0.766404	-0.264461	-0.055496	-0.007087	-0.341206	-0.283591	0.639844	-0.349835	0.044395	0.236017	0.344458	0.028191	-0.321076	-0.238527	-0.509867	-0.207177	0.000000	-1.175889	0.349066	1.540596	-1.754263	-0.693856	0.413913	0.000000	0.170510	-0.007884	-0.253756	-0.033677	0.117471	-0.006849	0.179058	-0.028423	-0.284348	0.026520	0.168189	-0.042790	0.388269	-0.422113	-0.322818	1.211758	-0.024066	-0.155433	-0.235278	0.000000	0.417536	0.000000	1.983380	-2.303472	-0.544286	0.364425	0.000000
-0.643104	1.225815	0.945788	-0.156257	-0.030570	-0.016161	0.987111	0.086255	-0.311406	-0.517119	0.766299	-0.262305	-0.055562	-0.003549	-0.341809	-0.288452	0.640160	-0.346887	0.044137	0.242795	0.336921	0.022596	-0.297841	-0.238740	-0.508790	-0.209412	0.000000	-1.169911	0.349066	1.568096	-1.789573	-0.698921	0.418107	0.000000	0.152730	0.038983	-0.208230	0.005363	0.093962	-0.001916	0.166143	0.009684	-0.227504	0.023168	0.131749	-0.041741	0.293104	-0.366864	-0.254121	1.140505	0.003173	0.120001	-0.060736	0.000000	0.172266	0.000000	0.755093	-1.544580	-0.126173	0.171263	0.000000
-0.643133	1.225872	0.945930	-0.155945	-0.031654	-0.017096	0.987110	0.089096	-0.310109	-0.520818	0.766618	-0.260702	-0.055573	-0.000441	-0.340818	-0.292691	0.640771	-0.344565	0.042726	0.247742	0.329783	0.018026	-0.275456	-0.238400	-0.505067	-0.209607	0.000000	-1.168998	0.349066	1.570800	-1.816046	-0.698903	0.420763	0.000000	0.131752	0.060822	-0.165269	0.036781	0.060011	0.009299	0.146500	0.045528	-0.180125	0.037734	0.091610	-0.072343	0.169783	-0.349391	-0.189805	1.103736	0.042246	0.221168	0.036502	0.000000	-0.006521	0.000000	0.067586	-1.104543	0.042608	0.076952	0.000000
-0.643170	1.226067	0.945914	-0.155864	-0.032571	-0.018367	0.987071	0.091525	-0.308973	-0.523730	0.767770	-0.259905	-0.055190	0.002311	-0.339988	-0.295657	0.641669	-0.343223	0.041244	0.249586	0.322946	0.015003	-0.253692	-0.237050	-0.499943	-0.207952	0.000000	-1.170171	0.349066	1.570800	-1.833755	-0.697217	0.421185	0.000000	0.069147	0.084703	-0.081143	0.070417	0.002997	0.041499	0.089916	0.060593	-0.078923	0.028248	0.019930	-0.057740	0.025484	-0.281791	-0.105195	0.893776	0.084968	0.200546	0.086802	0.000000	-0.037697	0.000000	0.000003	-0.645733	0.073940	-0.052611	0.000000
-0.643386	1.225850	0.945753	-0.155170	-0.032673	-0.018804	0.987168	0.091862	-0.306721	-0.524064	0.769435	-0.260583	-0.053913	0.003155	-0.338395	-0.295848	0.641901	-0.343768	0.040416	0.248761	0.318512	0.013819	-0.239705	-0.235001	-0.497045	-0.206135	0.000000	-1.170506	0.349066	1.570800	-1.841875	-0.695945	0.418659	0.000000	0.001224	0.086869	0.010575	0.087672	-0.049701	0.076743	0.020036	0.082430	0.032534	0.006537	-0.043826	-0.024796	-0.119851	-0.208458	-0.008581	0.613343	0.140244	0.092147	0.112411	0.000000	-0.028989	0.000000	0.000003	-0.272992	0.088455	-0.220347	0.000000
-0.643532	1.225703	0.945541	-0.155136	-0.032255	-0.019025	0.987183	0.091574	-0.305498	-0.523307	0.771277	-0.261893	-0.052120	0.003112	-0.336691	-0.294356	0.641931	-0.344976	0.040252	0.244792	0.314607	0.014660	-0.229158	-0.231440	-0.496257	-0.203456	0.000000	-1.171331	0.349066	1.570800	-1.844674	-0.693678	0.412371	0.000000	-0.020432	0.072477	0.047250	0.086868	-0.057080	0.073917	-0.009094	0.097576	0.077798	-0.001171	-0.057895	-0.001009	-0.268412	-0.173181	0.075714	0.430785	0.212401	-0.005160	0.131247	0.000000	-0.081465	0.000000	0.000000	0.020236	0.173594	-0.437375	0.000000
-0.643404	1.225695	0.945380	-0.154297	-0.031509	-0.019066	0.987338	0.091044	-0.303822	-0.522174	0.772910	-0.262866	-0.050956	0.002792	-0.334492	-0.292736	0.641854	-0.346083	0.040376	0.238025	0.311585	0.016847	-0.222473	-0.226505	-0.497251	-0.200885	0.000000	-1.173765	0.349066	1.570800	-1.841066	-0.689001	0.401164	0.000000	-0.039419	0.164507	0.108109	0.091647	-0.081574	0.062058	-0.024636	0.199732	0.095761	-0.000492	-0.045163	0.016852	-0.359358	-0.137043	0.138338	0.291303	0.267326	-0.062651	0.134178	0.000000	-0.171757	0.000001	-0.017372	0.332198	0.315593	-0.692506	0.000000
-0.643326	1.225519	0.945212	-0.151445	-0.030184	-0.019136	0.987819	0.089997	-0.298918	-0.518983	0.774943	-0.265156	-0.049638	0.002127	-0.328702	-0.290525	0.641911	-0.346782	0.040926	0.230418	0.309126	0.020194	-0.217506	-0.220747	-0.498764	-0.198089	0.000000	-1.178201	0.349066	1.570105	-1.831386	-0.681055	0.384671	0.000000	-0.051552	0.298174	0.194211	0.102890	-0.136355	0.064104	-0.028897	0.348990	0.118065	0.007784	-0.026099	0.025656	-0.404339	-0.112769	0.192938	0.230921	0.295514	-0.071663	0.149115	0.000000	-0.276560	-0.095366	-0.214782	0.632611	0.482528	-0.948429	0.000000
-0.643201	1.225433	0.945032	-0.147592	-0.028657	-0.019256	0.988446	0.088982	-0.291895	-0.514406	0.777025	-0.268320	-0.048392	0.001636	-0.320532	-0.288014	0.642166	-0.347127	0.041402	0.221851	0.307074	0.024565	-0.213236	-0.214684	-0.500118	-0.194920	0.000000	-1.184827	0.345251	1.562209	-1.815761	-0.669700	0.363227	0.000000	-0.062238	0.458562	0.280404	0.104690	-0.193793	0.057750	-0.023908	0.506467	0.128080	0.018045	-0.015111	0.015338	-0.429607	-0.100157	0.256661	0.233361	0.334854	-0.052510	0.179357	0.000000	-0.391674	-0.643746	-0.705591	0.946331	0.696516	-1.284804	0.000000
-0.643159	1.225194	0.944816	-0.141597	-0.026829	-0.019453	0.989370	0.087507	-0.280575	-0.507767	0.779131	-0.272907	-0.047328	0.001170	-0.308443	-0.285402	0.642633	-0.347387	0.041539	0.213233	0.305119	0.030460	-0.208172	-0.207353	-0.500864	-0.190914	0.000000	-1.193868	0.323316	1.541881	-1.793533	-0.653194	0.333279	0.000000	-0.067149	0.604250	0.346588	0.100213	-0.237306	0.046293	-0.013176	0.634862	0.117141	0.029764	-0.008029	-0.002061	-0.434168	-0.088750	0.266814	0.217708	0.333336	-0.019041	0.175938	0.000000	-0.411087	-1.224304	-1.117742	1.011407	0.792000	-1.431551	0.000000
-0.643074	1.225032	0.944579	-0.134385	-0.024947	-0.019734	0.990419	0.086296	-0.267725	-0.500542	0.781034	-0.277812	-0.046541	0.001109	-0.295138	-0.283328	0.643356	-0.347449	0.041320	0.204484	0.303524	0.035237	-0.204528	-0.201351	-0.500879	-0.187883	0.000000	-1.201271	0.296279	1.517499	-1.775305	-0.638020	0.305965	0.000000	-0.083248	0.784991	0.443911	0.099254	-0.294490	0.052024	-0.013140	0.799618	0.119238	0.058359	-0.008723	-0.031595	-0.410519	-0.092456	0.288246	0.111652	0.332983	-0.007491	0.172384	0.000000	-0.403187	-1.773428	-1.602760	0.875407	0.882308	-1.532537	0.000000
-0.643021	1.224820	0.944277	-0.124546	-0.022340	-0.019901	0.991763	0.084177	-0.249176	-0.490010	0.783101	-0.284687	-0.045247	0.000645	-0.276458	-0.280633	0.644967	-0.347736	0.040276	0.196813	0.301421	0.041990	-0.203706	-0.194034	-0.501164	-0.184019	0.000000	-1.209996	0.252379	1.477771	-1.758517	-0.617902	0.271977	0.000000	-0.172617	1.016539	0.686270	0.058945	-0.393558	0.061268	-0.087883	1.033027	0.234643	0.082345	-0.060502	-0.069620	-0.395281	-0.074175	0.324274	-0.042983	0.302861	0.036880	0.164651	0.000000	-0.248662	-2.318666	-2.162039	0.593689	0.938053	-1.536889	0.000000
-0.643223	1.224493	0.943955	-0.113116	-0.018314	-0.019095	0.993230	0.079392	-0.227063	-0.473091	0.783392	-0.293555	-0.044090	-0.002407	-0.253816	-0.273942	0.646650	-0.349869	0.038535	0.188673	0.300557	0.048208	-0.206247	-0.189236	-0.499404	-0.181297	0.000000	-1.211217	0.203533	1.431017	-1.751558	-0.600498	0.244489	0.000000	-0.165202	1.039755	0.589103	0.023407	-0.338575	0.040092	-0.084549	1.049016	0.117096	0.060037	-0.042737	-0.072959	-0.478659	-0.044944	0.256981	-0.170785	0.161967	0.067447	0.107830	0.000000	0.002754	-2.082318	-2.000755	0.193170	0.680059	-1.090188	0.000000
-0.642678	1.224291	0.943599	-0.101975	-0.017260	-0.019000	0.994456	0.077569	-0.207586	-0.466446	0.784037	-0.298230	-0.043643	-0.002737	-0.234498	-0.275949	0.647369	-0.349445	0.037357	0.177666	0.299623	0.052269	-0.210537	-0.187555	-0.498466	-0.179706	0.000000	-1.209885	0.169086	1.397741	-1.750790	-0.590699	0.228370	0.000000	-0.103928	1.182181	0.420193	0.050770	-0.337753	0.019889	-0.021518	1.172629	-0.117112	0.110315	-0.006764	-0.085502	-0.460181	-0.068386	0.233623	-0.266613	0.032928	0.121281	0.064459	0.000000	0.225481	-2.255652	-2.256191	-0.176233	0.503913	-0.907738	0.000000
-0.642456	1.223722	0.942940	-0.087562	-0.015537	-0.019055	0.995856	0.075234	-0.179776	-0.456284	0.785422	-0.307065	-0.043294	-0.003267	-0.206911	-0.278627	0.651063	-0.350139	0.035115	0.170266	0.297821	0.057553	-0.216912	-0.187919	-0.494553	-0.178718	0.000000	-1.202198	0.113306	1.340770	-1.758607	-0.580342	0.208179	0.000000	-0.146651	1.428520	0.578177	0.054684	-0.464398	-0.000405	-0.059284	1.405321	-0.085991	0.178164	-0.059108	-0.134138	-0.349352	-0.063011	0.178061	-0.223389	-0.043759	0.199875	0.017488	0.000000	0.400048	-2.224631	-2.276814	-0.388530	0.333957	-0.726858	0.000000
-0.642406	1.222868	0.942268	-0.072160	-0.013187	-0.018701	0.997131	0.071703	-0.150445	-0.443319	0.786224	-0.316806	-0.043659	-0.005109	-0.178285	-0.279388	0.654495	-0.351809	0.031992	0.163692	0.297103	0.059392	-0.219473	-0.189305	-0.490471	-0.179006	0.000000	-1.193884	0.080101	1.306668	-1.766331	-0.577341	0.199295	0.000000	-0.189975	1.497797	0.690179	-0.019212	-0.478267	-0.035021	-0.117173	1.475836	-0.043639	0.179213	-0.100885	-0.115255	-0.350263	-0.020684	0.195527	-0.337652	-0.083337	0.310832	-0.029412	0.000000	0.687853	-2.738812	-2.643850	-0.828588	0.168321	-0.442991	0.000000
-0.642449	1.222088	0.941610	-0.056085	-0.010823	-0.017827	0.998208	0.067635	-0.119864	-0.428676	0.784654	-0.326195	-0.044695	-0.007954	-0.147878	-0.280372	0.658231	-0.354175	0.030505	0.156255	0.296994	0.065374	-0.230418	-0.191253	-0.482120	-0.179895	0.000000	-1.174684	0.003754	1.235016	-1.791750	-0.573609	0.190460	0.000000	-0.189012	1.497013	0.696018	-0.074756	-0.456776	-0.070382	-0.133776	1.478788	-0.057813	0.155708	-0.100064	-0.099620	-0.430453	-0.000338	0.205608	-0.380240	-0.075318	0.338810	-0.040378	0.000000	0.702572	-2.774323	-2.601755	-0.957972	0.123842	-0.276452	0.000000
-0.642443	1.221339	0.940984	-0.040098	-0.008814	-0.017034	0.999012	0.064143	-0.090564	-0.415478	0.783234	-0.335077	-0.046474	-0.010460	-0.119133	-0.281701	0.660724	-0.355812	0.028007	0.146474	0.297089	0.067616	-0.234682	-0.192318	-0.476918	-0.180621	0.000000	-1.165781	-0.030872	1.202598	-1.804650	-0.572387	0.188237	0.000000	-0.144323	1.452394	0.571321	-0.083117	-0.394440	-0.087633	-0.104669	1.439007	-0.162381	0.135420	-0.054667	-0.098680	-0.524069	-0.008166	0.186967	-0.413638	-0.132063	0.401495	-0.054321	0.000000	0.683177	-2.691075	-2.488810	-1.121673	0.044990	-0.076297	0.000000
-0.642166	1.220988	0.940438	-0.024321	-0.007931	-0.016356	0.999539	0.061863	-0.061769	-0.405824	0.781329	-0.341973	-0.048200	-0.012141	-0.090318	-0.286868	0.663648	-0.356361	0.026557	0.135292	0.296667	0.072853	-0.246964	-0.196535	-0.466060	-0.182068	0.000000	-1.147357	-0.103889	1.135463	-1.836617	-0.571809	0.187408	0.000000	-0.145974	1.547945	0.624336	-0.145599	-0.406340	-0.158112	-0.119956	1.541930	-0.205193	0.186704	-0.050160	-0.103610	-0.582883	-0.017248	0.184727	-0.467886	-0.188636	0.416606	-0.035346	0.000000	0.709623	-2.687695	-2.529118	-1.170439	0.004111	-0.038729	0.000000
-0.642441	1.220325	0.939902	-0.007065	-0.005966	-0.015238	0.999841	0.058304	-0.028647	-0.390505	0.777410	-0.351330	-0.052799	-0.015258	-0.057456	-0.289909	0.668192	-0.357818	0.023863	0.123159	0.296400	0.075005	-0.253398	-0.199864	-0.460254	-0.182035	0.000000	-1.137396	-0.138380	1.101433	-1.851468	-0.572223	0.186688	0.000000	-0.179666	1.527861	0.683946	-0.266801	-0.359333	-0.218231	-0.167005	1.524495	-0.216199	0.219408	-0.072620	-0.140079	-0.831623	0.011291	0.124880	-0.563017	-0.316280	0.447462	0.010843	0.000000	0.624910	-2.438540	-2.400395	-1.156291	0.010011	0.118828	0.000000
-0.642474	1.220472	0.939617	0.007672	-0.005216	-0.013373	0.999868	0.054676	-0.000654	-0.378466	0.770657	-0.356346	-0.056930	-0.018821	-0.029338	-0.295516	0.672424	-0.359266	0.020954	0.102028	0.297119	0.077848	-0.269484	-0.209187	-0.448161	-0.181634	0.000000	-1.122360	-0.201431	1.039448	-1.882869	-0.571409	0.192161	0.000000	-0.163015	1.345963	0.519317	-0.248213	-0.257650	-0.170087	-0.158782	1.326275	-0.266023	0.151519	-0.042940	-0.155859	-0.911323	0.053752	0.129984	-0.783684	-0.377166	0.439058	0.004014	0.000000	0.631717	-2.475950	-2.536061	-1.353213	-0.016086	0.240479	0.000000
-0.642425	1.219710	0.939256	0.022137	-0.004750	-0.012388	0.999667	0.051783	0.025192	-0.369732	0.767482	-0.361636	-0.059602	-0.021609	-0.004405	-0.300550	0.674253	-0.359536	0.017628	0.086706	0.298550	0.080204	-0.284745	-0.214950	-0.442692	-0.181875	0.000000	-1.112127	-0.237418	0.999991	-1.905596	-0.572866	0.196307	0.000000	-0.160059	1.384494	0.458359	-0.202817	-0.269061	-0.119136	-0.167727	1.358269	-0.297157	0.120924	-0.000776	-0.096526	-0.695037	0.116272	0.124853	-1.088256	-0.383468	0.339033	-0.075253	0.000000	0.677720	-2.513904	-2.656630	-1.484412	-0.111070	0.317651	0.000000
-0.642369	1.218616	0.938942	0.037629	-0.004438	-0.011217	0.999219	0.048273	0.054726	-0.360131	0.762544	-0.367109	-0.061695	-0.025530	0.024993	-0.307402	0.677261	-0.359297	0.017093	0.074226	0.301770	0.082842	-0.313014	-0.224525	-0.434600	-0.184644	0.000000	-1.095252	-0.301987	0.933182	-1.942245	-0.575852	0.204867	0.000000	-0.134345	1.407291	0.492410	-0.253163	-0.290992	-0.125060	-0.160532	1.390870	-0.285233	0.108555	-0.011212	-0.024398	-0.658908	0.183141	0.110815	-1.373914	-0.461381	0.392093	-0.207525	0.000000	0.827792	-3.155334	-3.368089	-1.735660	-0.140819	0.348444	0.000000
-0.643107	1.218361	0.938612	0.051831	-0.004277	-0.010302	0.998594	0.046409	0.081484	-0.350036	0.757355	-0.373276	-0.064605	-0.028030	0.051230	-0.311959	0.678595	-0.359984	0.016652	0.060349	0.305875	0.084637	-0.339702	-0.233406	-0.427008	-0.190176	0.000000	-1.079015	-0.363631	0.865267	-1.975023	-0.578499	0.210245	0.000000	-0.102764	1.229415	0.402130	-0.229578	-0.221614	-0.129221	-0.133895	1.199106	-0.245620	0.028843	0.008225	0.000143	-0.697214	0.188994	0.088576	-1.241459	-0.422511	0.342096	-0.304709	0.000000	0.689349	-2.917586	-3.216335	-1.455444	-0.030498	0.211953	0.000000
-0.643202	1.217962	0.938527	0.063803	-0.004622	-0.009331	0.997908	0.044163	0.103902	-0.344046	0.753361	-0.375973	-0.066864	-0.030886	0.072957	-0.317227	0.678415	-0.358968	0.017099	0.046337	0.309330	0.086385	-0.362673	-0.241426	-0.420916	-0.196832	0.000000	-1.067678	-0.418690	0.804529	-2.000463	-0.577072	0.213345	0.000000	-0.120540	1.083572	0.237662	-0.189249	-0.104512	-0.098525	-0.151409	1.047513	-0.303773	-0.008520	0.069812	0.022568	-0.689522	0.156552	0.092789	-1.041524	-0.352795	0.276378	-0.341585	0.000000	0.443330	-2.519164	-2.821040	-1.194382	0.141442	0.194762	0.000000
-0.642977	1.217565	0.938536	0.074911	-0.005450	-0.008217	0.997142	0.041588	0.124827	-0.340529	0.749785	-0.377457	-0.068546	-0.034087	0.093130	-0.324110	0.678254	-0.357192	0.017555	0.032769	0.312137	0.088349	-0.381362	-0.247517	-0.415953	-0.203839	0.000000	-1.061282	-0.464398	0.752426	-2.022798	-0.572841	0.218036	0.000000	-0.138320	1.037229	0.138219	-0.181408	-0.049835	-0.076347	-0.173151	0.998692	-0.380482	0.003377	0.107768	0.034709	-0.681647	0.123612	0.165858	-1.047392	-0.366043	0.319935	-0.417835	0.000000	0.576681	-2.593367	-3.090687	-1.330155	0.103243	0.270367	0.000000
-0.642613	1.217055	0.938610	0.085420	-0.006645	-0.006977	0.996298	0.038630	0.145391	-0.338517	0.746105	-0.377967	-0.069918	-0.037812	0.112905	-0.332446	0.678550	-0.354657	0.018487	0.019072	0.314274	0.093020	-0.404568	-0.256067	-0.408119	-0.213546	0.000000	-1.044611	-0.522425	0.680901	-2.053669	-0.572942	0.224160	0.000000	-0.150207	0.963796	0.053538	-0.165452	0.003251	-0.052247	-0.186869	0.919446	-0.425085	0.006437	0.149010	0.046296	-0.663767	0.053465	0.276354	-1.095799	-0.413388	0.391173	-0.456913	0.000000	0.959298	-2.752360	-3.478748	-1.478785	-0.094922	0.297937	0.000000
-0.642095	1.216496	0.938814	0.094740	-0.008079	-0.005795	0.995452	0.035580	0.163378	-0.338388	0.743167	-0.377327	-0.070636	-0.041562	0.129908	-0.341113	0.678512	-0.351231	0.019407	0.006218	0.314276	0.099403	-0.425194	-0.264053	-0.400306	-0.222116	0.000000	-1.022910	-0.574492	0.613276	-2.081949	-0.576638	0.229953	0.000000	-0.140229	0.861887	-0.006817	-0.136583	0.030681	-0.037600	-0.176057	0.823797	-0.433763	0.000989	0.179660	0.056555	-0.623705	-0.045618	0.360844	-0.960842	-0.379521	0.386503	-0.379865	0.000000	1.129401	-2.557485	-3.395379	-1.319146	-0.154603	0.265085	0.000000
-0.641676	1.215940	0.939006	0.103537	-0.009597	-0.004864	0.994568	0.033021	0.179867	-0.338790	0.740642	-0.376739	-0.071422	-0.044854	0.145857	-0.349797	0.678590	-0.347471	0.020750	-0.005877	0.312449	0.107453	-0.443002	-0.271248	-0.392659	-0.228740	0.000000	-0.999434	-0.624724	0.545086	-2.106435	-0.579126	0.234763	0.000000	-0.127958	0.808807	-0.025389	-0.130375	0.037568	-0.036382	-0.165468	0.780290	-0.430178	-0.000809	0.198241	0.061416	-0.559490	-0.126912	0.409973	-0.780570	-0.345826	0.406915	-0.281986	0.000000	1.230347	-2.481482	-3.427033	-1.130843	-0.065976	0.227507	0.000000
-0.641388	1.215353	0.939284	0.111764	-0.011206	-0.003983	0.993664	0.030461	0.195731	-0.339403	0.737952	-0.375824	-0.072091	-0.048180	0.161120	-0.358320	0.678479	-0.343302	0.021864	-0.016162	0.309199	0.115802	-0.456417	-0.277886	-0.384029	-0.233395	0.000000	-0.973696	-0.673751	0.476195	-2.127183	-0.579277	0.239053	0.000000	-0.137166	0.731104	-0.065558	-0.130115	0.069580	-0.028755	-0.172724	0.696483	-0.433898	-0.004151	0.218949	0.058358	-0.503002	-0.194462	0.420606	-0.511438	-0.295807	0.492626	-0.176618	0.000000	1.374556	-2.370289	-3.466925	-0.950485	0.034414	0.192277	0.000000
-0.640936	1.214759	0.939611	0.118696	-0.012971	-0.002985	0.992842	0.027534	0.209111	-0.341412	0.735437	-0.373956	-0.072572	-0.051763	0.173716	-0.367152	0.678424	-0.338713	0.023084	-0.025997	0.304671	0.124278	-0.463460	-0.283081	-0.372954	-0.235805	0.000000	-0.944452	-0.719536	0.406409	-2.144455	-0.577749	0.242454	0.000000	-0.140042	0.599831	-0.088223	-0.099964	0.068182	-0.010711	-0.169507	0.560740	-0.387894	-0.009398	0.198945	0.063963	-0.464618	-0.209839	0.334868	-0.103915	-0.170064	0.493170	-0.026195	0.000000	1.110271	-1.782393	-2.752656	-0.591671	0.152299	0.113542	0.000000
-0.640733	1.214163	0.939823	0.124511	-0.014329	-0.002126	0.992113	0.024860	0.219724	-0.342932	0.733954	-0.373097	-0.072519	-0.054961	0.183549	-0.373836	0.678103	-0.335344	0.024422	-0.034746	0.300806	0.129196	-0.460574	-0.284688	-0.364303	-0.234443	0.000000	-0.929286	-0.745047	0.366088	-2.150850	-0.573185	0.243595	0.000000	-0.141169	0.534644	-0.051669	-0.074559	0.044527	0.006781	-0.170640	0.499058	-0.324403	0.013313	0.157028	0.073668	-0.393553	-0.312573	0.327899	0.531615	-0.048397	0.766177	0.214573	0.000000	1.196672	-1.704164	-2.886225	-0.360864	0.387983	0.073626	0.000000
-0.640653	1.213515	0.939975	0.129987	-0.015284	-0.001128	0.991397	0.021888	0.230497	-0.343479	0.732455	-0.372175	-0.072301	-0.058589	0.193678	-0.380129	0.678956	-0.332432	0.026031	-0.041739	0.292168	0.137394	-0.442195	-0.285016	-0.342307	-0.227222	0.000000	-0.896585	-0.787702	0.290960	-2.158889	-0.562230	0.245399	0.000000	-0.140776	0.497914	-0.004752	-0.066951	0.035277	-0.001629	-0.170774	0.467696	-0.283288	0.056374	0.118558	0.044029	-0.334008	-0.522120	0.397664	1.622846	0.290688	2.045177	0.818874	0.000000	4.704346	-2.056678	-6.744209	-1.396984	0.398296	0.720550	0.000000
-0.640918	1.213012	0.940074	0.134901	-0.015971	-0.000174	0.990731	0.019229	0.239640	-0.343122	0.731276	-0.371685	-0.072585	-0.061792	0.202257	-0.385168	0.680358	-0.330602	0.026183	-0.048107	0.279921	0.145103	-0.395660	-0.273061	-0.282495	-0.201688	0.000000	-0.741112	-0.827314	0.096320	-2.206729	-0.557253	0.272417	0.000000	-0.107846	0.411864	0.061071	-0.047339	-0.002337	-0.016997	-0.135888	0.406661	-0.198201	0.079817	0.071131	-0.014217	-0.276481	-0.452618	0.112642	1.902386	0.660715	2.493482	1.503019	0.000000	8.461690	-0.377575	-9.569343	-2.977210	0.143811	1.721746	0.000000
-0.641241	1.212550	0.940044	0.139298	-0.015915	0.000442	0.990123	0.017574	0.246971	-0.341036	0.730561	-0.372269	-0.072981	-0.064025	0.209945	-0.388057	0.682149	-0.329587	0.025462	-0.052798	0.274063	0.141899	-0.366100	-0.258588	-0.242567	-0.167101	0.000000	-0.558118	-0.802805	-0.091813	-2.277978	-0.556478	0.314269	0.000000	-0.062689	0.353572	0.143117	-0.039934	-0.048857	-0.039671	-0.093450	0.379484	-0.121073	0.114168	0.023748	-0.083274	-0.213446	-0.205781	-0.239285	1.411512	0.607953	1.658592	1.700171	0.000000	7.777376	1.556653	-7.890300	-2.919447	0.201461	1.631785	0.000000
-0.641887	1.212417	0.939918	0.143627	-0.015555	0.000950	0.989509	0.016721	0.253783	-0.337398	0.729678	-0.373640	-0.074171	-0.065530	0.217436	-0.390011	0.684925	-0.329652	0.022852	-0.056645	0.271690	0.135532	-0.339200	-0.248743	-0.216152	-0.133681	0.000000	-0.430017	-0.765048	-0.219292	-2.323507	-0.549195	0.337688	0.000000	-0.028523	0.316262	0.198372	-0.037485	-0.083499	-0.068347	-0.058509	0.357364	-0.080152	0.153500	-0.019728	-0.160885	-0.174815	-0.076222	-0.394850	1.156943	0.370627	1.217315	1.623410	0.000000	5.931599	2.130630	-5.680548	-2.166474	0.304574	1.081861	0.000000
-0.642751	1.212557	0.939712	0.147565	-0.015037	0.001334	0.988937	0.016433	0.259622	-0.333101	0.729062	-0.375609	-0.075715	-0.066365	0.224239	-0.391263	0.688289	-0.330376	0.019027	-0.059791	0.271014	0.126105	-0.319822	-0.243763	-0.193875	-0.102165	0.000000	-0.320854	-0.717580	-0.319035	-2.364637	-0.544295	0.357544	0.000000	-0.016972	0.236207	0.190182	-0.022198	-0.078955	-0.069444	-0.040279	0.279501	-0.054161	0.166556	-0.036113	-0.185198	-0.157488	0.001597	-0.488593	0.633892	0.118392	0.967133	1.376865	0.000000	4.895378	2.397397	-4.232604	-1.990664	0.091007	0.943480	0.000000
-0.643382	1.212674	0.939559	0.150285	-0.014482	0.001747	0.988535	0.016042	0.263232	-0.329790	0.728790	-0.376798	-0.076949	-0.067141	0.228617	-0.392177	0.691587	-0.331096	0.015444	-0.062944	0.271754	0.115988	-0.313844	-0.244007	-0.177466	-0.078606	0.000000	-0.234202	-0.669152	-0.388596	-2.403134	-0.545555	0.375428	0.000000	-0.022342	0.149106	0.127459	0.002778	-0.032832	-0.026647	-0.035809	0.185749	-0.039645	0.130445	-0.010681	-0.116913	-0.173228	0.096235	-0.494976	0.123824	-0.043044	0.657533	0.886751	0.000000	3.667242	2.220063	-2.700511	-1.814628	-0.201894	0.813255	0.000000
-0.643831	1.212659	0.939531	0.152146	-0.014189	0.002002	0.988254	0.015539	0.265586	-0.328003	0.729173	-0.376922	-0.076780	-0.067797	0.231669	-0.392848	0.693506	-0.330803	0.014350	-0.066720	0.274864	0.106306	-0.314869	-0.245485	-0.167573	-0.066695	0.000000	-0.174164	-0.628778	-0.427056	-2.437222	-0.552370	0.390074	0.000000	-0.030217	0.089815	0.077859	0.029954	0.003801	0.017285	-0.036917	0.120214	-0.025930	0.100873	0.013994	-0.053356	-0.162007	0.149512	-0.399441	-0.125720	-0.097875	0.364605	0.377476	0.000000	2.275041	1.600404	-1.218453	-1.428074	-0.367583	0.623965	0.000000
-0.644178	1.212477	0.939525	0.153290	-0.013829	0.002235	0.988082	0.014833	0.266824	-0.326676	0.729988	-0.376646	-0.076258	-0.068617	0.233425	-0.393214	0.695622	-0.330537	0.013310	-0.069424	0.277734	0.100010	-0.318873	-0.247922	-0.162882	-0.063507	0.000000	-0.143200	-0.605136	-0.437334	-2.460257	-0.560258	0.400386	0.000000	-0.039525	0.046260	0.063422	0.044473	0.014719	0.028098	-0.042911	0.071109	-0.012493	0.104332	0.011093	-0.044981	-0.091728	0.129677	-0.256279	-0.193158	-0.111912	0.190539	0.087603	0.000000	1.188711	0.885519	-0.253593	-0.984842	-0.352030	0.473408	0.000000
-0.644445	1.212211	0.939496	0.154159	-0.013373	0.002495	0.987953	0.013958	0.267436	-0.325466	0.730952	-0.376333	-0.075656	-0.069514	0.234514	-0.393348	0.697680	-0.330359	0.012551	-0.070389	0.280051	0.096055	-0.322595	-0.249961	-0.159952	-0.063191	0.000000	-0.126616	-0.593357	-0.437199	-2.476615	-0.566452	0.409010	0.000000	-0.049953	0.026236	0.056174	0.057185	0.022377	0.032702	-0.049603	0.036004	-0.005250	0.109896	0.003029	-0.033512	0.012592	0.106997	-0.153897	-0.201447	-0.093121	0.114556	-0.021859	0.000000	0.618206	0.347209	0.240412	-0.773644	-0.299896	0.469905	0.000000
-0.644594	1.211833	0.939449	0.155160	-0.012547	0.002955	0.987805	0.012835	0.267874	-0.324429	0.732276	-0.375751	-0.074950	-0.070602	0.234865	-0.393424	0.700018	-0.330415	0.011970	-0.068921	0.282014	0.093854	-0.326931	-0.251647	-0.158300	-0.064382	0.000000	-0.118472	-0.591247	-0.427718	-2.491202	-0.572254	0.419182	0.000000	-0.058263	-0.006448	0.050244	0.075822	0.028044	0.032918	-0.055449	-0.005113	0.013329	0.118458	-0.016630	-0.028085	0.148610	0.088470	-0.059584	-0.245104	-0.080746	0.063020	-0.053947	0.000000	0.305843	-0.055531	0.632253	-0.807714	-0.292359	0.595069	0.000000
-0.644694	1.211345	0.939319	0.155352	-0.011846	0.003265	0.987783	0.011628	0.267179	-0.323456	0.733985	-0.375211	-0.074340	-0.071732	0.234309	-0.392815	0.702418	-0.331024	0.011427	-0.064445	0.283590	0.093672	-0.332399	-0.253191	-0.157431	-0.065349	0.000000	-0.114382	-0.595578	-0.411909	-2.508924	-0.578146	0.432813	0.000000	-0.060423	-0.085658	0.041655	0.099434	0.015454	0.033070	-0.053868	-0.077014	0.054999	0.120179	-0.064122	-0.031519	0.290137	0.061599	0.092702	-0.339367	-0.079016	0.019761	-0.009150	0.000000	0.066445	-0.437930	1.093831	-1.138455	-0.312695	0.866689	0.000000
-0.644771	1.210871	0.939071	0.154211	-0.010472	0.003782	0.987975	0.010418	0.264447	-0.322763	0.736253	-0.375133	-0.073627	-0.072756	0.231785	-0.391224	0.704825	-0.332980	0.010709	-0.057315	0.284478	0.097562	-0.340505	-0.254808	-0.157510	-0.064748	0.000000	-0.115814	-0.608765	-0.383965	-2.536741	-0.584762	0.453850	0.000000	-0.065943	-0.208941	0.016987	0.132459	0.005952	0.034999	-0.051513	-0.193100	0.109371	0.117764	-0.120532	-0.034534	0.420988	-0.007641	0.320244	-0.372951	-0.060408	-0.017934	0.112148	0.000000	-0.300629	-0.866038	1.700262	-1.535994	-0.287820	1.111844	0.000000
-0.644672	1.210221	0.938715	0.151445	-0.009205	0.004129	0.988414	0.008990	0.258821	-0.322777	0.739283	-0.374973	-0.072940	-0.073792	0.226585	-0.388440	0.707129	-0.335846	0.010046	-0.047605	0.283284	0.106481	-0.347317	-0.255607	-0.158148	-0.060863	0.000000	-0.126407	-0.630220	-0.343899	-2.570364	-0.589659	0.477287	0.000000	-0.063329	-0.351468	-0.005081	0.159527	0.004969	0.040789	-0.037802	-0.337840	0.180235	0.102998	-0.164002	-0.030812	0.524012	-0.091146	0.462420	-0.228733	-0.007516	-0.021866	0.236720	0.000000	-0.684940	-1.073097	2.101089	-1.564473	-0.190686	1.015996	0.000000
-0.644663	1.209679	0.938354	0.146936	-0.007828	0.004355	0.989106	0.007885	0.250389	-0.322966	0.742634	-0.374934	-0.071995	-0.074268	0.218271	-0.384015	0.708945	-0.339540	0.009476	-0.036355	0.280832	0.116059	-0.349655	-0.255108	-0.158384	-0.055279	0.000000	-0.143211	-0.651689	-0.299921	-2.599319	-0.592389	0.494490	0.000000	-0.044056	-0.540479	-0.032102	0.170285	0.003877	0.046651	-0.006306	-0.520737	0.259721	0.071365	-0.204094	-0.026328	0.554481	-0.161076	0.494124	0.048988	0.079907	0.049437	0.357086	0.000000	-1.348089	-1.194419	2.917627	-1.190645	-0.104162	0.789753	0.000000
-0.644738	1.209392	0.937996	0.140054	-0.006589	0.004447	0.990112	0.007228	0.237202	-0.324061	0.746094	-0.374818	-0.071074	-0.074044	0.205756	-0.378051	0.709983	-0.344010	0.008993	-0.025426	0.276841	0.126246	-0.345358	-0.252411	-0.156171	-0.046579	0.000000	-0.180331	-0.677996	-0.227194	-2.617990	-0.593825	0.508877	0.000000	-0.016127	-0.746526	-0.067455	0.171123	0.012840	0.049669	0.033220	-0.726781	0.340869	0.026378	-0.233611	-0.026256	0.555584	-0.205550	0.370615	0.395636	0.162409	0.209339	0.440722	0.000000	-2.432645	-1.177280	4.036375	-0.466764	0.014673	0.568270	0.000000
-0.644942	1.209358	0.937718	0.130970	-0.005454	0.004298	0.991362	0.007240	0.220528	-0.325664	0.749479	-0.374420	-0.070009	-0.072940	0.189200	-0.370380	0.710000	-0.348885	0.008426	-0.014131	0.272610	0.130884	-0.333829	-0.248612	-0.150011	-0.037650	0.000000	-0.240517	-0.698780	-0.138466	-2.617990	-0.591802	0.517221	0.000000	0.018856	-0.948826	-0.102938	0.164618	0.026521	0.054448	0.077901	-0.938491	0.422958	-0.035080	-0.246055	-0.017492	0.554353	-0.204190	0.112172	0.675102	0.191430	0.410475	0.458188	0.000000	-3.320478	-0.858124	4.771986	-0.000012	0.205272	0.276990	0.000000
-0.645237	1.209482	0.937539	0.119516	-0.004551	0.003814	0.992815	0.007982	0.199249	-0.328178	0.752679	-0.373757	-0.068896	-0.070928	0.168216	-0.361133	0.708580	-0.353852	0.008293	-0.003252	0.268673	0.130733	-0.318354	-0.244754	-0.139752	-0.028252	0.000000	-0.313150	-0.712321	-0.036314	-2.617990	-0.585614	0.519957	0.000000	0.045284	-1.199785	-0.145544	0.184652	0.046338	0.082481	0.111051	-1.186249	0.538710	-0.120276	-0.268014	0.015368	0.511960	-0.205033	-0.103989	0.874610	0.131086	0.695509	0.532407	0.000000	-3.764918	-0.556196	5.291841	0.000000	0.545678	-0.110118	0.000000
-0.645464	1.209588	0.937400	0.105452	-0.003370	0.003133	0.994414	0.009052	0.172536	-0.331486	0.756865	-0.372567	-0.066709	-0.068498	0.141750	-0.348832	0.705189	-0.359605	0.009041	0.006347	0.264409	0.126724	-0.298845	-0.243368	-0.122190	-0.016354	0.000000	-0.391114	-0.721028	0.073208	-2.617990	-0.569975	0.512816	0.000000	0.066047	-1.408231	-0.165679	0.202331	0.066528	0.117375	0.130383	-1.399874	0.669219	-0.220823	-0.287711	0.070521	0.478543	-0.193166	-0.276059	1.050892	0.004748	1.166787	0.705849	0.000000	-3.942221	-0.306413	5.555660	0.000000	1.076336	-0.831115	0.000000
-0.645802	1.209734	0.937341	0.089780	-0.002141	0.002230	0.995957	0.010624	0.142919	-0.334806	0.760772	-0.371096	-0.064201	-0.065713	0.112221	-0.334364	0.699747	-0.365360	0.011114	0.015890	0.260947	0.119691	-0.276318	-0.244564	-0.093080	-0.000018	0.000000	-0.470839	-0.724578	0.185912	-2.617990	-0.542561	0.486712	0.000000	0.079604	-1.452455	-0.203089	0.153819	0.066341	0.090597	0.131266	-1.445781	0.632829	-0.240204	-0.246952	0.091248	0.531385	-0.106847	-0.353511	0.613115	-0.012343	1.128562	0.784525	0.000000	-3.950887	-0.035515	5.609846	0.007582	1.322687	-1.131716	0.000000
-0.645943	1.209563	0.937266	0.074059	-0.001749	0.001144	0.997252	0.012236	0.114438	-0.339610	0.763018	-0.369913	-0.063085	-0.063247	0.083919	-0.323518	0.695581	-0.369483	0.012691	0.027602	0.260135	0.112584	-0.274320	-0.243862	-0.077048	0.015027	0.000000	-0.549150	-0.722448	0.297601	-2.617687	-0.517068	0.467547	0.000000	0.104821	-1.531957	-0.238371	0.131783	0.075807	0.065440	0.142565	-1.519221	0.630724	-0.275791	-0.209955	0.106025	0.587480	-0.048738	-0.397779	-0.001776	0.083436	0.713237	0.826473	0.000000	-4.242978	0.274006	5.888223	0.176477	1.516990	-1.116096	0.000000
-0.646254	1.209544	0.937329	0.056760	-0.001021	-0.000261	0.998388	0.014817	0.081641	-0.344341	0.766044	-0.368064	-0.061583	-0.060010	0.051452	-0.309135	0.688715	-0.373758	0.015355	0.039389	0.258997	0.103780	-0.276389	-0.241226	-0.064551	0.033041	0.000000	-0.640558	-0.713618	0.421441	-2.610931	-0.481881	0.442068	0.000000	0.123587	-1.566735	-0.259323	0.108074	0.115532	0.045730	0.149496	-1.552009	0.621163	-0.288516	-0.159200	0.097192	0.641920	-0.031805	-0.527207	-0.037647	0.203271	0.546127	0.730357	0.000000	-4.625588	0.775607	6.212461	0.575781	1.687326	-1.138406	0.000000
-0.646077	1.209380	0.937517	0.040081	-0.000841	-0.001605	0.999195	0.017179	0.051769	-0.349983	0.767341	-0.365292	-0.061256	-0.057267	0.021838	-0.298672	0.684040	-0.375851	0.016578	0.053279	0.258863	0.091496	-0.275826	-0.235731	-0.055203	0.044242	0.000000	-0.734173	-0.691424	0.546100	-2.594656	-0.449575	0.422011	0.000000	0.147002	-1.628478	-0.321170	0.092837	0.168826	0.026302	0.160696	-1.617325	0.572708	-0.293833	-0.101258	0.071763	0.680426	0.007097	-0.579418	0.045912	0.342026	0.358774	0.418459	0.000000	-4.666081	1.323220	5.891588	1.209378	1.762149	-1.004647	0.000000
-0.645696	1.209665	0.937802	0.021576	-0.000563	-0.003171	0.999762	0.020697	0.016502	-0.357187	0.769757	-0.361311	-0.060531	-0.053583	-0.013241	-0.286227	0.676962	-0.377809	0.018226	0.066606	0.259281	0.080603	-0.274553	-0.227545	-0.050200	0.049779	0.000000	-0.827201	-0.660689	0.657104	-2.562556	-0.411395	0.401882	0.000000	0.168493	-1.707220	-0.381201	0.092268	0.229778	0.017670	0.168503	-1.700502	0.536922	-0.295803	-0.051428	0.069322	0.654811	0.033212	-0.531014	0.108121	0.452368	0.190503	0.195309	0.000000	-4.735111	1.742159	5.650632	1.799518	1.949468	-0.920711	0.000000
-0.644870	1.209944	0.938243	0.003350	-0.000625	-0.004550	0.999984	0.023919	-0.016520	-0.365231	0.771032	-0.356101	-0.060549	-0.050527	-0.046182	-0.277195	0.672208	-0.377909	0.019351	0.079472	0.260191	0.070255	-0.271501	-0.217637	-0.047583	0.052054	0.000000	-0.923577	-0.621738	0.772125	-2.522675	-0.371596	0.385183	0.000000	0.191541	-1.733049	-0.482411	0.067712	0.330338	-0.009939	0.170884	-1.719034	0.420831	-0.277787	0.039633	0.121862	0.622599	0.057281	-0.470223	0.217464	0.481702	0.104685	0.032890	0.000000	-4.414925	1.863411	5.118611	1.887816	1.856418	-0.589110	0.000000
-0.643732	1.210605	0.938989	-0.015771	-0.001414	-0.006121	0.999856	0.028358	-0.052820	-0.376484	0.772466	-0.348097	-0.060929	-0.046747	-0.082002	-0.269394	0.665851	-0.376223	0.023100	0.091510	0.261572	0.061794	-0.265854	-0.208277	-0.046013	0.051095	0.000000	-1.003798	-0.586152	0.861849	-2.487043	-0.337139	0.378318	0.000000	0.248366	-1.740926	-0.553021	0.057505	0.369761	-0.015255	0.207157	-1.712384	0.369085	-0.323406	0.100486	0.191725	0.662049	0.044574	-0.405247	0.331289	0.475945	0.031514	-0.102716	0.000000	-4.125641	1.970224	4.517175	2.123094	2.012683	-0.434245	0.000000
-0.643042	1.211363	0.939703	-0.033387	-0.002536	-0.008011	0.999407	0.033854	-0.086157	-0.387351	0.773332	-0.341310	-0.061160	-0.042241	-0.114677	-0.262432	0.659272	-0.373889	0.027020	0.105954	0.261974	0.054045	-0.258250	-0.198599	-0.046322	0.047945	0.000000	-1.088603	-0.542929	0.952812	-2.437751	-0.291089	0.367813	0.000000	0.415603	-2.080041	-0.851378	0.072053	0.554159	-0.084957	0.343056	-2.062728	0.235214	-0.353470	0.203259	0.161525	0.519474	-0.057338	-0.269311	0.195109	0.360744	-0.057750	-0.122605	0.000000	-3.861725	1.991324	4.007998	2.430689	2.186210	-0.565943	0.000000
-0.641233	1.214206	0.940961	-0.058958	-0.005827	-0.010801	0.998185	0.044982	-0.136022	-0.410539	0.775348	-0.325931	-0.064327	-0.033025	-0.164511	-0.259985	0.651712	-0.368093	0.029561	0.112289	0.259279	0.051022	-0.258050	-0.193847	-0.048323	0.046191	0.000000	-1.158267	-0.506499	1.022169	-2.389816	-0.249690	0.355680	0.000000	0.505391	-2.016795	-0.986450	0.038032	0.601773	-0.114205	0.420293	-2.031788	0.028107	-0.311503	0.289731	0.105701	0.536617	-0.177444	-0.150108	0.064982	0.156542	-0.121589	-0.072425	0.000000	-3.653383	2.096896	3.699772	2.785295	2.266397	-0.889244	0.000000
-0.641107	1.215193	0.941909	-0.075214	-0.009313	-0.013643	0.997031	0.054069	-0.166829	-0.426809	0.774853	-0.317239	-0.065728	-0.025429	-0.195949	-0.261307	0.646812	-0.362300	0.031248	0.127418	0.254877	0.048041	-0.255650	-0.192337	-0.051186	0.045048	0.000000	-1.234738	-0.459053	1.100803	-2.326339	-0.200433	0.332243	0.000000	0.389347	-1.459633	-0.680569	-0.068939	0.358178	-0.070849	0.305017	-1.452268	-0.007789	-0.213242	0.231855	0.099332	0.758325	-0.193322	-0.182142	0.124104	0.026385	-0.300392	-0.101417	0.000000	-3.694358	2.575876	4.040158	3.556085	2.372973	-1.535159	0.000000
-0.641898	1.215162	0.942548	-0.089887	-0.011996	-0.015832	0.995754	0.060556	-0.194407	-0.437762	0.772590	-0.311604	-0.067161	-0.020824	-0.222602	-0.260297	0.643182	-0.358819	0.033534	0.142622	0.251546	0.043736	-0.253086	-0.192792	-0.060338	0.042134	0.000000	-1.306041	-0.403464	1.183775	-2.247572	-0.154771	0.294274	0.000000	0.269719	-1.471370	-0.455792	-0.122884	0.274965	-0.055267	0.167655	-1.458071	0.212380	-0.223461	0.096561	0.090639	0.659916	-0.120866	-0.308193	0.426844	-0.097992	-0.315463	-0.290387	0.000000	-3.154576	2.680243	3.877461	3.937674	1.909395	-1.841245	0.000000
-0.642843	1.215103	0.943098	-0.106755	-0.013161	-0.017022	0.994053	0.064858	-0.225684	-0.445041	0.769938	-0.306241	-0.067938	-0.018723	-0.254272	-0.252812	0.637874	-0.358437	0.034874	0.153815	0.250042	0.035713	-0.238577	-0.196257	-0.063804	0.033433	0.000000	-1.360922	-0.351843	1.255901	-2.168832	-0.124057	0.258593	0.000000	0.194695	-1.595265	-0.343370	-0.120820	0.276627	-0.029707	0.069191	-1.608902	0.414594	-0.261673	0.003128	0.107749	0.482377	0.020020	-0.369861	0.652412	-0.124144	-0.190924	-0.442785	0.000000	-2.443370	2.378926	3.290302	3.827459	1.317998	-1.526824	0.000000
-0.643393	1.215006	0.943599	-0.124148	-0.013576	-0.017825	0.992011	0.068344	-0.258217	-0.451496	0.767757	-0.300539	-0.068349	-0.018057	-0.286958	-0.243713	0.632715	-0.358694	0.037844	0.161917	0.252347	0.028942	-0.226989	-0.197758	-0.067975	0.024423	0.000000	-1.403776	-0.308307	1.315387	-2.094474	-0.102051	0.233201	0.000000	0.195025	-1.620991	-0.364652	-0.108764	0.334568	-0.021151	0.044592	-1.616207	0.420977	-0.260484	0.031482	0.177893	0.401394	0.150394	-0.313993	0.524490	0.005003	-0.310035	-0.400576	0.000000	-2.024034	2.146821	2.930284	3.834718	0.987179	-1.016016	0.000000
-0.643571	1.215008	0.944254	-0.141186	-0.014232	-0.018767	0.989703	0.072659	-0.290524	-0.459627	0.765587	-0.292858	-0.068785	-0.016939	-0.318920	-0.235973	0.627454	-0.357178	0.041990	0.169871	0.256058	0.023153	-0.217597	-0.196057	-0.076206	0.017410	0.000000	-1.441883	-0.265970	1.373113	-2.015444	-0.084570	0.217953	0.000000	0.230861	-1.529967	-0.435270	-0.108923	0.380655	-0.026141	0.073353	-1.531726	0.301499	-0.221345	0.078755	0.149766	0.374036	0.182433	-0.320763	0.560721	0.135237	-0.396929	-0.331479	0.000000	-1.823723	2.181009	2.761638	4.117611	0.808360	-0.618890	0.000000
-0.643532	1.215365	0.944851	-0.156461	-0.015352	-0.019654	0.987369	0.077579	-0.319416	-0.468907	0.763400	-0.285313	-0.069395	-0.015123	-0.348227	-0.231653	0.623861	-0.355544	0.043835	0.176879	0.259644	0.016111	-0.204560	-0.192348	-0.083852	0.011164	0.000000	-1.476725	-0.221067	1.425853	-1.929769	-0.069717	0.208445	0.000000	0.245592	-1.373599	-0.449763	-0.125593	0.354971	-0.061073	0.089448	-1.383656	0.182117	-0.158241	0.069297	0.089996	0.330215	0.174944	-0.369624	0.725549	0.233973	-0.333676	-0.259507	0.000000	-1.607767	2.353801	2.499244	4.422477	0.694566	-0.349456	0.000000
-0.643575	1.215726	0.945295	-0.170093	-0.016593	-0.020434	0.985076	0.082483	-0.345467	-0.477618	0.760564	-0.278659	-0.071227	-0.013361	-0.374266	-0.228688	0.621125	-0.354406	0.045589	0.183079	0.263055	0.008368	-0.188575	-0.186698	-0.089553	0.007029	0.000000	-1.506194	-0.171818	1.473083	-1.838544	-0.056787	0.203974	0.000000	0.233400	-1.218462	-0.399154	-0.125596	0.297342	-0.088824	0.081201	-1.232661	0.152395	-0.119357	0.041126	0.056053	0.315017	0.128459	-0.365149	0.842934	0.299266	-0.224397	-0.075183	0.000000	-1.300979	2.494918	2.150679	4.694465	0.610591	-0.247354	0.000000
-0.643743	1.216022	0.945615	-0.182279	-0.017488	-0.021147	0.982864	0.086915	-0.368155	-0.484873	0.758377	-0.273419	-0.072948	-0.011874	-0.397534	-0.225557	0.619087	-0.353898	0.046077	0.189479	0.264782	0.001505	-0.170843	-0.180378	-0.092828	0.008156	0.000000	-1.528764	-0.121270	1.511880	-1.741991	-0.045293	0.198551	0.000000	0.227382	-1.153933	-0.373494	-0.101128	0.277880	-0.110438	0.070780	-1.183024	0.168810	-0.104731	0.010645	0.031147	0.290310	0.084376	-0.453398	0.818421	0.313820	-0.119132	0.003047	0.000000	-0.982478	2.454314	1.854807	4.993897	0.535030	-0.268399	0.000000
-0.643783	1.216534	0.945849	-0.194698	-0.018176	-0.021738	0.980454	0.091578	-0.391625	-0.492557	0.756518	-0.267544	-0.075645	-0.010530	-0.421587	-0.221936	0.616935	-0.353980	0.046835	0.194692	0.266430	-0.009768	-0.155838	-0.174145	-0.094318	0.007151	0.000000	-1.545493	-0.073646	1.547275	-1.638789	-0.035386	0.193238	0.000000	0.206685	-1.059794	-0.328843	-0.069386	0.239653	-0.098586	0.054543	-1.105262	0.194249	-0.100960	-0.009902	0.032886	0.294597	0.076810	-0.575343	0.663727	0.316186	-0.085458	-0.102161	0.000000	-0.804242	2.340859	1.472998	5.250293	0.547093	-0.228604	0.000000
-0.643983	1.216709	0.945986	-0.204876	-0.018463	-0.022313	0.978360	0.095182	-0.410546	-0.498027	0.755601	-0.263833	-0.076891	-0.009693	-0.441744	-0.217787	0.615049	-0.354295	0.047392	0.201263	0.267855	-0.021509	-0.144294	-0.167730	-0.096247	0.004070	0.000000	-1.560934	-0.027636	1.570800	-1.531979	-0.023410	0.189407	0.000000	0.183136	-0.880063	-0.255632	-0.026757	0.171432	-0.041083	0.050687	-0.922868	0.202172	-0.084229	-0.004753	0.005519	0.335213	0.068001	-0.588639	0.526488	0.308879	-0.093014	-0.206300	0.000000	-0.642887	2.267237	0.588128	5.372709	0.663699	0.125713	0.000000
-0.644169	1.217047	0.946139	-0.213308	-0.018424	-0.022944	0.976542	0.098903	-0.426827	-0.502783	0.755448	-0.260687	-0.077288	-0.008502	-0.458502	-0.213849	0.613566	-0.354171	0.047056	0.208100	0.269151	-0.033313	-0.134779	-0.161790	-0.098038	-0.001101	0.000000	-1.571208	0.017044	1.570800	-1.423880	-0.008838	0.198267	0.000000	0.185576	-0.758429	-0.236279	0.002527	0.170298	-0.030265	0.065105	-0.783949	0.179261	-0.069873	0.012326	-0.012256	0.342591	0.049598	-0.540721	0.369619	0.253249	-0.109160	-0.254789	0.000000	-0.393993	2.153228	0.000003	5.394787	0.816141	0.594236	0.000000
-0.644161	1.217464	0.946296	-0.220614	-0.018296	-0.023615	0.974904	0.102605	-0.440884	-0.507478	0.755702	-0.257021	-0.078102	-0.007089	-0.473102	-0.210617	0.612254	-0.353801	0.046902	0.214967	0.269839	-0.043138	-0.129509	-0.157600	-0.100613	-0.006122	0.000000	-1.576694	0.058493	1.570800	-1.316188	0.009236	0.213176	0.000000	0.175376	-0.659840	-0.231114	0.032821	0.168591	-0.023729	0.067443	-0.687556	0.159545	-0.066306	0.010271	-0.008052	0.341448	0.021850	-0.430027	0.123853	0.149164	-0.158955	-0.208916	0.000000	-0.081208	1.772901	0.000000	5.035782	0.835440	0.585822	0.000000
-0.644100	1.217857	0.946415	-0.227231	-0.018093	-0.024265	0.973371	0.105918	-0.453221	-0.512027	0.756761	-0.253943	-0.078237	-0.005805	-0.486004	-0.207467	0.610914	-0.353760	0.046734	0.221758	0.270025	-0.050514	-0.129824	-0.155823	-0.104397	-0.009457	0.000000	-1.574456	0.087960	1.570800	-1.222449	0.024580	0.221700	0.000000	0.179475	-0.599240	-0.236236	0.072241	0.158058	0.002002	0.078832	-0.614358	0.152336	-0.067443	0.012257	-0.002648	0.317406	0.011788	-0.354030	-0.102330	0.078239	-0.237718	-0.150001	0.000000	0.203660	1.329326	-0.000003	4.779458	0.780080	0.196097	0.000000
-0.643885	1.218500	0.946495	-0.233359	-0.017710	-0.025057	0.971906	0.109784	-0.464853	-0.516928	0.758592	-0.250699	-0.078022	-0.003935	-0.497676	-0.204523	0.609556	-0.353311	0.046796	0.227663	0.270310	-0.057299	-0.133602	-0.154471	-0.110122	-0.012122	0.000000	-1.568547	0.111666	1.570800	-1.125009	0.040439	0.221020	0.000000	0.207571	-0.609983	-0.285926	0.112279	0.166757	0.027492	0.100921	-0.595655	0.133993	-0.070201	0.018676	0.013424	0.243105	0.015688	-0.327749	-0.222603	0.050021	-0.297259	-0.132321	0.000000	0.331473	0.976274	-0.000003	4.601970	0.739181	-0.211610	0.000000
-0.643527	1.219307	0.946514	-0.239848	-0.017450	-0.025888	0.970308	0.114221	-0.477620	-0.523464	0.761252	-0.247273	-0.077138	-0.001768	-0.509830	-0.202108	0.608106	-0.353013	0.047271	0.231482	0.270652	-0.063624	-0.138729	-0.153822	-0.116287	-0.014750	0.000000	-1.561198	0.127011	1.570800	-1.038370	0.054147	0.213235	0.000000	0.180030	-0.498161	-0.276373	0.149703	0.138904	0.062883	0.093842	-0.477785	0.105043	-0.058852	0.010084	0.029459	0.206260	0.018391	-0.338424	-0.233976	0.014847	-0.307123	-0.140510	0.000000	0.509018	0.655410	0.000003	4.305303	0.578322	-0.470828	0.000000
-0.643217	1.219561	0.946395	-0.243650	-0.017094	-0.026710	0.969345	0.116985	-0.484780	-0.527983	0.764580	-0.245142	-0.075507	-0.000182	-0.516788	-0.200322	0.607202	-0.352908	0.047975	0.235914	0.271046	-0.070836	-0.142961	-0.153877	-0.122407	-0.017742	0.000000	-1.548187	0.137883	1.570800	-0.952797	0.063572	0.202187	0.000000	0.109537	-0.281738	-0.186844	0.175893	0.068906	0.121229	0.065142	-0.275379	0.096460	-0.042920	0.005698	0.042686	0.223524	0.021855	-0.377077	-0.189230	-0.006720	-0.292357	-0.162568	0.000000	0.827533	0.411139	-0.124872	4.211964	0.227360	-0.630676	0.000000
-0.642839	1.219459	0.946256	-0.246085	-0.016510	-0.027496	0.968717	0.118603	-0.488890	-0.530938	0.768288	-0.244517	-0.072289	0.000838	-0.520845	-0.198249	0.606389	-0.352785	0.048978	0.240423	0.271526	-0.078707	-0.146298	-0.154091	-0.127981	-0.021253	0.000000	-1.528096	0.143456	1.565805	-0.869892	0.063241	0.188008	0.000000	0.080244	-0.207460	-0.141126	0.175840	0.033936	0.141663	0.047558	-0.183907	0.105169	-0.042890	0.003729	0.047442	0.179225	0.017190	-0.400444	-0.067824	-0.016122	-0.216584	-0.188905	0.000000	1.040393	0.130815	-0.659937	4.053518	-0.207329	-0.723615	0.000000
-0.642462	1.219443	0.946118	-0.247903	-0.015969	-0.028068	0.968247	0.120195	-0.493078	-0.533628	0.771614	-0.243785	-0.069840	0.001721	-0.524144	-0.196115	0.605486	-0.352759	0.049872	0.243083	0.271733	-0.086853	-0.145674	-0.154522	-0.131070	-0.025298	0.000000	-1.506571	0.143115	1.544402	-0.790656	0.055279	0.173243	0.000000	0.073492	-0.161396	-0.117515	0.141536	0.028284	0.110300	0.046354	-0.115561	0.081046	-0.038202	0.006001	0.040468	0.082270	0.014184	-0.384189	0.090691	-0.025645	-0.083191	-0.203567	0.000000	0.918755	-0.128385	-1.109019	3.601088	-0.404879	-0.666643	0.000000
-0.642030	1.219327	0.946003	-0.249141	-0.015563	-0.028584	0.967920	0.121542	-0.495346	-0.535639	0.773949	-0.243385	-0.067877	0.002692	-0.525468	-0.195007	0.604861	-0.352545	0.050597	0.243714	0.272094	-0.094075	-0.142670	-0.155117	-0.131309	-0.029396	0.000000	-1.491346	0.138321	1.521444	-0.725848	0.047046	0.161343	0.000000	0.063336	-0.094829	-0.082982	0.112313	0.013299	0.085333	0.046534	-0.040929	0.055771	-0.026278	0.011330	0.035495	-0.005504	0.019953	-0.310785	0.138088	-0.027191	0.027025	-0.180686	0.000000	0.562850	-0.376350	-1.014128	2.926992	-0.299787	-0.523803	0.000000
-0.641604	1.219312	0.945900	-0.250264	-0.014941	-0.029441	0.967615	0.122728	-0.496871	-0.536947	0.776106	-0.243253	-0.066427	0.003582	-0.525781	-0.193884	0.604435	-0.352305	0.051292	0.242862	0.272532	-0.099285	-0.140151	-0.155609	-0.129989	-0.032526	0.000000	-1.484057	0.128061	1.503837	-0.673577	0.043287	0.152290	0.000000	0.022862	-0.014518	-0.032061	0.106925	-0.004156	0.069470	0.020809	0.027001	0.057261	-0.021887	0.002275	0.030660	-0.080139	0.048377	-0.228620	0.015097	0.012523	0.047507	-0.146835	0.000000	0.295594	-0.670071	-0.847447	2.583742	-0.143843	-0.404920	0.000000
-0.641146	1.219197	0.945783	-0.250084	-0.014406	-0.029620	0.967664	0.122457	-0.495926	-0.536921	0.778226	-0.243551	-0.065098	0.003524	-0.524388	-0.192717	0.603985	-0.352454	0.051823	0.240509	0.274029	-0.103220	-0.142066	-0.154616	-0.129409	-0.035269	0.000000	-1.479522	0.111518	1.487546	-0.622498	0.041292	0.145146	0.000000	-0.015039	0.088285	0.011122	0.095990	-0.022352	0.065327	0.003663	0.107440	0.035839	-0.014856	-0.002702	0.018372	-0.133901	0.097224	-0.132235	-0.209507	0.096487	-0.041666	-0.105648	0.000000	0.175110	-0.825279	-0.777259	2.278060	-0.117041	-0.334007	0.000000
-0.640646	1.219050	0.945680	-0.249263	-0.013995	-0.029798	0.967876	0.122127	-0.493340	-0.536502	0.779946	-0.244147	-0.063814	0.003729	-0.521484	-0.192450	0.603841	-0.352414	0.052027	0.237506	0.276421	-0.104574	-0.148531	-0.151750	-0.131656	-0.036752	0.000000	-1.477052	0.095050	1.472747	-0.582454	0.038606	0.138930	0.000000	-0.013528	0.194786	0.041771	0.078636	-0.057762	0.065276	0.027110	0.208588	-0.015831	0.008720	0.007111	-0.009710	-0.157615	0.104974	-0.073705	-0.257495	0.110623	-0.062529	-0.100161	0.000000	0.069222	-1.083055	-0.928375	2.217779	-0.183818	-0.408852	0.000000
-0.640215	1.219061	0.945581	-0.245836	-0.013305	-0.030276	0.968747	0.121916	-0.488135	-0.535250	0.781372	-0.245862	-0.062487	0.004609	-0.516044	-0.193350	0.604334	-0.352169	0.051435	0.234204	0.278228	-0.106168	-0.152366	-0.150191	-0.131910	-0.039275	0.000000	-1.476753	0.068196	1.450411	-0.533787	0.033940	0.128792	0.000000	-0.012465	0.263844	0.054151	0.046633	-0.062426	0.043342	0.042572	0.264764	-0.070177	0.021105	0.025381	-0.022657	-0.210863	0.047789	-0.050772	-0.110235	0.021460	0.021319	-0.096997	0.000000	-0.006700	-1.126322	-0.926974	1.894508	-0.202732	-0.407967	0.000000
-0.639586	1.219083	0.945557	-0.242900	-0.013121	-0.030513	0.969483	0.121628	-0.482786	-0.534336	0.781811	-0.246644	-0.062080	0.005431	-0.510893	-0.195258	0.604685	-0.351398	0.051121	0.229072	0.278332	-0.106605	-0.152941	-0.150892	-0.130803	-0.040632	0.000000	-1.477320	0.049997	1.435668	-0.506674	0.030496	0.122611	0.000000	-0.009489	0.303166	0.043359	0.022918	-0.045156	0.019011	0.050530	0.301147	-0.126418	0.042160	0.037351	-0.025907	-0.261566	0.016564	0.049597	-0.123246	-0.051853	0.040423	-0.069309	0.000000	-0.061437	-1.386489	-1.196226	1.896908	-0.318155	-0.464535	0.000000
-0.638953	1.219268	0.945493	-0.239210	-0.013006	-0.030731	0.970394	0.121536	-0.476008	-0.533516	0.782289	-0.247668	-0.061726	0.006630	-0.503998	-0.198407	0.606021	-0.350675	0.050399	0.223741	0.278890	-0.104184	-0.157296	-0.152265	-0.130293	-0.042048	0.000000	-1.479211	0.012736	1.402562	-0.457911	0.021214	0.110210	0.000000	-0.011456	0.350291	0.045648	0.021292	-0.045143	0.008818	0.054840	0.352355	-0.157319	0.051831	0.043816	-0.042714	-0.290909	0.024527	0.135548	-0.210638	-0.053540	-0.001410	-0.039881	0.000000	-0.096250	-1.464491	-1.298624	1.847354	-0.371546	-0.495044	0.000000
-0.638248	1.219396	0.945467	-0.234948	-0.012961	-0.030870	0.971431	0.121170	-0.468774	-0.532510	0.782663	-0.248450	-0.061727	0.007625	-0.496799	-0.201550	0.606758	-0.349646	0.049412	0.217435	0.279313	-0.101183	-0.161366	-0.153033	-0.130859	-0.042227	0.000000	-1.481170	-0.008582	1.383723	-0.432780	0.015635	0.102810	0.000000	-0.056970	0.491870	0.106315	0.027531	-0.076760	0.002725	0.033364	0.483540	-0.171753	0.056824	0.049588	-0.054127	-0.281943	0.019319	0.184611	-0.211966	-0.052080	-0.035932	0.004566	0.000000	-0.132850	-1.214622	-0.976878	1.308460	-0.289670	-0.412937	0.000000
-0.637605	1.218955	0.945382	-0.228049	-0.012791	-0.030971	0.973073	0.119257	-0.456333	-0.529263	0.783390	-0.250739	-0.061617	0.007964	-0.484657	-0.205277	0.608294	-0.348692	0.048234	0.212464	0.279663	-0.096799	-0.165775	-0.154348	-0.131730	-0.041865	0.000000	-1.484525	-0.035848	1.363487	-0.405573	0.009627	0.093693	0.000000	-0.216758	1.010986	0.401160	0.037043	-0.294426	0.056994	-0.040636	1.008015	-0.160227	0.112098	0.033143	-0.076690	-0.071299	0.017989	0.230593	-0.139534	-0.092730	-0.021816	0.028324	0.000000	-0.198287	-1.422508	-0.968462	1.338249	-0.284980	-0.491879	0.000000
-0.637809	1.217064	0.945095	-0.213276	-0.011750	-0.030807	0.976436	0.112500	-0.428335	-0.516464	0.784144	-0.260227	-0.059447	0.006000	-0.456478	-0.207959	0.611242	-0.348320	0.046345	0.214584	0.280033	-0.091959	-0.166948	-0.156742	-0.131732	-0.041094	0.000000	-1.489102	-0.065483	1.344985	-0.379250	0.004235	0.083135	0.000000	-0.240774	1.112081	0.462773	0.009364	-0.320538	0.073785	-0.054321	1.114577	-0.155501	0.115818	0.029171	-0.064951	-0.024983	0.017825	0.279017	-0.074815	-0.133935	-0.017315	0.047991	0.000000	-0.220492	-1.579391	-0.795963	1.332457	-0.220337	-0.523507	0.000000
-0.637364	1.216625	0.944996	-0.204555	-0.011388	-0.030636	0.978309	0.109626	-0.411850	-0.510752	0.783764	-0.263560	-0.058666	0.005792	-0.440074	-0.211497	0.612926	-0.347525	0.045636	0.211464	0.280376	-0.085639	-0.168767	-0.159706	-0.132423	-0.039946	0.000000	-1.493345	-0.099024	1.331649	-0.352274	0.000813	0.072753	0.000000	-0.126969	0.838637	0.257175	-0.013550	-0.156724	0.032597	0.005868	0.832021	-0.212575	0.088798	0.056039	-0.052549	-0.188464	0.016617	0.347529	-0.096896	-0.163858	-0.037986	0.061445	0.000000	-0.204974	-1.752958	-0.499928	1.354811	-0.109137	-0.498417	0.000000
-0.636725	1.216501	0.944960	-0.195407	-0.011253	-0.030509	0.980183	0.107421	-0.394789	-0.506177	0.783602	-0.266496	-0.058144	0.006234	-0.423197	-0.216462	0.614794	-0.346078	0.044243	0.207045	0.280697	-0.078058	-0.170823	-0.163297	-0.133251	-0.038636	0.000000	-1.497301	-0.135601	1.324987	-0.325057	-0.000130	0.063198	0.000000	-0.134895	0.879496	0.236697	-0.002682	-0.147013	0.023277	-0.001753	0.869697	-0.254718	0.110841	0.065135	-0.075059	-0.229537	0.018951	0.392281	-0.090301	-0.196146	-0.031445	0.059969	0.000000	-0.193259	-1.882279	-0.239104	1.353112	-0.026237	-0.468154	0.000000
-0.636124	1.215707	0.944837	-0.185766	-0.011170	-0.030332	0.982062	0.104231	-0.376670	-0.501284	0.783657	-0.269441	-0.057735	0.005722	-0.405286	-0.221686	0.617360	-0.344919	0.042633	0.202283	0.281134	-0.069948	-0.172379	-0.167552	-0.133680	-0.037547	0.000000	-1.501075	-0.174315	1.322084	-0.298150	-0.000236	0.054026	0.000000	-0.164288	0.857975	0.227098	-0.002444	-0.154149	0.031564	-0.042025	0.865903	-0.258135	0.128494	0.046197	-0.067236	-0.263893	0.026575	0.423415	-0.081065	-0.222294	-0.019437	0.053500	0.000000	-0.183791	-1.969758	-0.101516	1.327416	-0.014855	-0.453619	0.000000
-0.635492	1.214797	0.944668	-0.177007	-0.011199	-0.029971	0.983689	0.100849	-0.360470	-0.497093	0.783505	-0.272662	-0.056881	0.004553	-0.388561	-0.226788	0.619934	-0.344231	0.041553	0.196489	0.281760	-0.061122	-0.174066	-0.172188	-0.134029	-0.036496	0.000000	-1.504653	-0.214391	1.320927	-0.271961	-0.000724	0.045053	0.000000	-0.188552	0.893483	0.240791	-0.011235	-0.161358	0.049151	-0.069394	0.914621	-0.268634	0.145343	0.041656	-0.056820	-0.295921	0.047403	0.451282	-0.072455	-0.232588	-0.008135	0.055623	0.000000	-0.185254	-2.003847	-0.025269	1.264630	-0.064740	-0.460336	0.000000
-0.634906	1.213873	0.944552	-0.166641	-0.011106	-0.029391	0.985517	0.096688	-0.340931	-0.491653	0.783208	-0.275895	-0.055769	0.002946	-0.368701	-0.232431	0.623174	-0.343253	0.040361	0.190446	0.283030	-0.051896	-0.175277	-0.176855	-0.134006	-0.035322	0.000000	-1.508485	-0.254469	1.321074	-0.247565	-0.002826	0.035613	0.000000	-0.163665	0.989637	0.253232	-0.022431	-0.172180	0.079857	-0.034813	0.983960	-0.304869	0.165665	0.067884	-0.078164	-0.324637	0.073723	0.476881	-0.071236	-0.225757	-0.000375	0.059131	0.000000	-0.173301	-1.992611	0.010839	1.185908	-0.156523	-0.455929	0.000000
-0.634195	1.213643	0.944527	-0.156681	-0.011084	-0.029230	0.987155	0.094303	-0.320885	-0.486963	0.782607	-0.279549	-0.053687	0.003161	-0.349203	-0.238983	0.626561	-0.341515	0.038427	0.183504	0.284709	-0.042046	-0.176915	-0.181219	-0.134044	-0.034131	0.000000	-1.511585	-0.294096	1.321360	-0.224525	-0.006985	0.026816	0.000000	-0.135031	0.996289	0.244336	-0.034657	-0.182738	0.066895	-0.013973	0.976918	-0.317112	0.166719	0.074813	-0.083216	-0.338311	0.095100	0.518332	-0.078869	-0.199705	-0.003846	0.076578	0.000000	-0.146472	-1.954802	-0.021467	1.105937	-0.294200	-0.434376	0.000000
-0.633740	1.212872	0.944395	-0.146287	-0.011136	-0.028938	0.988756	0.091287	-0.301079	-0.481879	0.781821	-0.283204	-0.053093	0.002387	-0.329624	-0.245116	0.629842	-0.340261	0.037032	0.176913	0.286834	-0.031163	-0.178432	-0.184843	-0.134160	-0.032259	0.000000	-1.514344	-0.332661	1.320215	-0.203327	-0.014594	0.018238	0.000000	-0.166080	1.011519	0.274055	-0.025715	-0.192936	0.040234	-0.054682	0.998001	-0.276002	0.149818	0.051731	-0.054078	-0.313242	0.116427	0.530476	-0.056843	-0.167319	0.007574	0.084454	0.000000	-0.108266	-1.907993	-0.030780	1.014866	-0.413916	-0.415031	0.000000
-0.633513	1.211902	0.944232	-0.135595	-0.010989	-0.028538	0.990292	0.087660	-0.280424	-0.476001	0.781579	-0.287266	-0.052077	0.000974	-0.309283	-0.250023	0.632553	-0.339446	0.036264	0.170974	0.289366	-0.020827	-0.179189	-0.187911	-0.133741	-0.030753	0.000000	-1.515915	-0.370415	1.320129	-0.183930	-0.023542	0.010215	0.000000	-0.154495	0.970463	0.274622	-0.027440	-0.201438	0.039036	-0.055946	0.972486	-0.242087	0.126280	0.041234	-0.048357	-0.328168	0.132836	0.514755	-0.067605	-0.140486	0.008997	0.066821	0.000000	-0.043523	-1.892715	0.053281	0.952099	-0.445423	-0.392743	0.000000
-0.633200	1.211321	0.944091	-0.125941	-0.010887	-0.028208	0.991577	0.085107	-0.262261	-0.470895	0.780724	-0.291262	-0.051532	0.000149	-0.290725	-0.254799	0.634894	-0.338611	0.035098	0.163787	0.292148	-0.010573	-0.181136	-0.190463	-0.133800	-0.029586	0.000000	-1.516085	-0.408370	1.322346	-0.165243	-0.032411	0.002528	0.000000	-0.121036	0.908041	0.246316	-0.037695	-0.186298	0.006415	-0.038964	0.921580	-0.238594	0.111602	0.039199	-0.060456	-0.370215	0.135965	0.497688	-0.062345	-0.123352	0.022561	0.045361	0.000000	0.018829	-1.892345	0.109500	0.911965	-0.471443	-0.365241	0.000000
-0.632868	1.210877	0.943927	-0.116212	-0.010792	-0.027852	0.992775	0.082818	-0.244103	-0.466149	0.780071	-0.294718	-0.051821	-0.000585	-0.272420	-0.259566	0.637017	-0.337878	0.033845	0.156165	0.294805	-0.000920	-0.181683	-0.192846	-0.132839	-0.028938	0.000000	-1.515162	-0.446109	1.324509	-0.147451	-0.042400	-0.004395	0.000000	-0.134696	0.946202	0.247435	-0.038321	-0.181561	-0.015713	-0.055512	0.944316	-0.244937	0.107485	0.033373	-0.055227	-0.406150	0.150300	0.478410	-0.084697	-0.107987	0.016802	0.029504	0.000000	0.053161	-1.845343	0.060949	0.851632	-0.550307	-0.321755	0.000000
-0.632608	1.210241	0.943734	-0.105882	-0.010793	-0.027257	0.993946	0.079720	-0.224413	-0.460997	0.779191	-0.298524	-0.052160	-0.002071	-0.252952	-0.264597	0.639193	-0.337276	0.032889	0.147541	0.298160	0.008564	-0.184524	-0.194782	-0.133128	-0.028406	0.000000	-1.513958	-0.482183	1.324784	-0.131178	-0.054423	-0.010342	0.000000	-0.148749	0.985822	0.262287	-0.049552	-0.202656	-0.005392	-0.071357	0.975041	-0.246898	0.107996	0.024771	-0.049951	-0.406763	0.189998	0.489710	-0.247914	-0.064352	-0.093744	0.037021	0.000000	0.085038	-1.754649	0.001520	0.749966	-0.629866	-0.266172	0.000000
-0.632352	1.209635	0.943494	-0.095692	-0.010714	-0.026744	0.994994	0.076868	-0.204670	-0.455657	0.778089	-0.302825	-0.052037	-0.003439	-0.233418	-0.269442	0.641337	-0.336887	0.031847	0.139895	0.302405	0.018668	-0.191600	-0.195420	-0.136588	-0.027457	0.000000	-1.511760	-0.516295	1.324570	-0.117453	-0.067594	-0.015042	0.000000	-0.139191	0.985047	0.265123	-0.049391	-0.210167	0.011840	-0.067897	0.970729	-0.235984	0.102329	0.022923	-0.044984	-0.372414	0.208364	0.478688	-0.320785	-0.025725	-0.164735	0.035271	0.000000	0.145045	-1.675657	-0.002408	0.638456	-0.654380	-0.197500	0.000000
-0.632102	1.209043	0.943276	-0.085390	-0.010569	-0.026251	0.995946	0.074152	-0.185011	-0.450392	0.777215	-0.306931	-0.051687	-0.004787	-0.214123	-0.274036	0.643286	-0.336359	0.031089	0.132644	0.306494	0.027711	-0.197356	-0.195811	-0.139717	-0.026995	0.000000	-1.508157	-0.549210	1.324688	-0.105640	-0.080598	-0.018242	0.000000	-0.144199	0.987253	0.277924	-0.054348	-0.213794	0.018549	-0.078854	0.971561	-0.222812	0.098389	0.019536	-0.032045	-0.363012	0.206098	0.418581	-0.275820	-0.012379	-0.150482	0.001721	0.000000	0.167304	-1.604329	-0.070560	0.522027	-0.687138	-0.136229	0.000000
-0.631993	1.208380	0.943027	-0.075049	-0.010380	-0.025614	0.996797	0.071100	-0.165180	-0.444540	0.775915	-0.311376	-0.051295	-0.006593	-0.194555	-0.278355	0.645273	-0.336106	0.030566	0.125375	0.310649	0.035412	-0.202632	-0.195915	-0.142608	-0.027389	0.000000	-1.505068	-0.580468	1.321748	-0.096572	-0.095080	-0.020491	0.000000	-0.145231	0.960220	0.262780	-0.055450	-0.206605	0.015877	-0.089554	0.958023	-0.222465	0.086573	0.013065	-0.024206	-0.365029	0.202672	0.362259	-0.285680	-0.008381	-0.147216	-0.034277	0.000000	0.138810	-1.553075	-0.241825	0.420871	-0.755497	-0.089377	0.000000
-0.631810	1.207841	0.942763	-0.064812	-0.010363	-0.024904	0.997533	0.068343	-0.146602	-0.439881	0.774997	-0.315195	-0.051051	-0.008370	-0.175802	-0.282935	0.646749	-0.335837	0.030121	0.118043	0.314601	0.042202	-0.208783	-0.196147	-0.145606	-0.028366	0.000000	-1.502604	-0.611333	1.315015	-0.088805	-0.110818	-0.021817	0.000000	-0.152843	0.928527	0.229651	-0.050427	-0.179365	0.015018	-0.105147	0.935523	-0.235772	0.081646	0.018435	-0.025357	-0.370360	0.188429	0.321375	-0.338702	-0.018298	-0.160751	-0.059414	0.000000	0.124153	-1.555024	-0.403884	0.381519	-0.809299	-0.045742	0.000000
-0.631402	1.207091	0.942536	-0.054905	-0.010287	-0.024046	0.998149	0.064987	-0.128039	-0.435354	0.773898	-0.318551	-0.050694	-0.010799	-0.157135	-0.287786	0.648539	-0.335368	0.029551	0.110560	0.318186	0.048267	-0.216180	-0.196647	-0.149038	-0.029765	0.000000	-1.500102	-0.642669	1.305592	-0.081311	-0.127452	-0.022321	0.000000	-0.208374	0.994819	0.296274	-0.081985	-0.195523	0.007765	-0.161902	0.999920	-0.228409	0.123936	0.007744	-0.040702	-0.376933	0.169183	0.270843	-0.397610	-0.028572	-0.191141	-0.088175	0.000000	0.106481	-1.568912	-0.517124	0.344984	-0.867488	-0.054292	0.000000
-0.630982	1.205991	0.942265	-0.044297	-0.009568	-0.022713	0.998715	0.060008	-0.106809	-0.428030	0.771718	-0.323016	-0.050741	-0.014846	-0.135805	-0.292071	0.651707	-0.335527	0.028493	0.102966	0.321368	0.053035	-0.224687	-0.197290	-0.153251	-0.031893	0.000000	-1.498345	-0.674089	1.294330	-0.075005	-0.145518	-0.023989	0.000000	-0.217174	0.954201	0.349558	-0.106816	-0.216265	0.002358	-0.179890	0.973897	-0.188582	0.151026	-0.029804	-0.032956	-0.381608	0.216115	0.334141	-0.756957	-0.071575	-0.394557	-0.196958	0.000000	0.227311	-2.107420	-0.954098	0.188215	-1.534968	0.035914	0.000000
-0.630817	1.205182	0.941925	-0.035244	-0.008851	-0.021654	0.999105	0.056300	-0.089870	-0.421372	0.769625	-0.327202	-0.050600	-0.017995	-0.118179	-0.295329	0.654580	-0.336560	0.028233	0.095296	0.326831	0.061632	-0.246459	-0.199510	-0.164820	-0.037644	0.000000	-1.491010	-0.726966	1.267428	-0.073782	-0.188850	-0.020884	0.000000	-0.169627	0.812158	0.303042	-0.075647	-0.202661	0.003198	-0.140951	0.831400	-0.142521	0.105473	-0.038873	-0.030130	-0.406390	0.185101	0.312175	-0.857770	-0.084586	-0.471632	-0.207522	0.000000	0.433201	-1.941450	-0.751829	0.107537	-1.426826	0.094888	0.000000
-0.630674	1.204699	0.941637	-0.026708	-0.008239	-0.020699	0.999395	0.053223	-0.074323	-0.415908	0.768692	-0.331123	-0.050613	-0.020484	-0.102549	-0.297772	0.655926	-0.337082	0.027288	0.086710	0.328772	0.065522	-0.258998	-0.200673	-0.172117	-0.040194	0.000000	-1.481017	-0.751747	1.264257	-0.070704	-0.202591	-0.020193	0.000000	-0.117548	0.718791	0.271742	-0.057024	-0.192018	-0.010627	-0.095584	0.749183	-0.119559	0.085604	-0.029082	-0.064227	-0.420716	0.075915	0.208987	-0.659240	-0.069329	-0.387424	-0.115365	0.000000	0.573242	-1.323554	-0.134692	0.230367	-0.665455	0.043129	0.000000
-0.630530	1.204655	0.941378	-0.019054	-0.007492	-0.020055	0.999589	0.051598	-0.061119	-0.410502	0.767344	-0.334882	-0.051025	-0.021818	-0.088211	-0.300111	0.658004	-0.337724	0.025664	0.078467	0.329867	0.069992	-0.272828	-0.202283	-0.180317	-0.042258	0.000000	-1.468080	-0.779908	1.262041	-0.064568	-0.215469	-0.019159	0.000000	-0.060833	0.567673	0.209905	-0.059818	-0.134907	-0.027071	-0.046906	0.616472	-0.136634	0.104372	-0.002750	-0.123827	-0.444630	0.025383	0.231113	-0.634602	-0.093313	-0.369041	-0.084604	0.000000	0.716287	-1.464045	-0.100073	0.374936	-0.634814	0.075347	0.000000
-0.630127	1.205022	0.941337	-0.013548	-0.007181	-0.019515	0.999692	0.050789	-0.051616	-0.407512	0.766299	-0.336519	-0.051696	-0.022360	-0.077890	-0.303237	0.660100	-0.337192	0.022335	0.068925	0.329788	0.074767	-0.284382	-0.204406	-0.186878	-0.043578	0.000000	-1.452366	-0.810309	1.260254	-0.055706	-0.227983	-0.017179	0.000000	-0.078103	0.619724	0.201848	-0.042805	-0.140245	-0.026353	-0.070302	0.689602	-0.173751	0.117727	0.026639	-0.096359	-0.376639	-0.024453	0.220186	-0.480294	-0.109226	-0.264222	-0.056904	0.000000	0.820303	-1.522170	-0.122303	0.483885	-0.639090	0.127893	0.000000
-0.630083	1.204242	0.940988	-0.004215	-0.006649	-0.018894	0.999791	0.048474	-0.036330	-0.402428	0.765632	-0.340492	-0.052079	-0.024630	-0.060627	-0.307061	0.662713	-0.336658	0.021810	0.063402	0.328889	0.078799	-0.292040	-0.206652	-0.190886	-0.044534	0.000000	-1.435268	-0.840795	1.257149	-0.045212	-0.241032	-0.014043	0.000000	-0.124265	0.765279	0.277774	-0.056043	-0.196449	-0.023594	-0.123802	0.863999	-0.190687	0.158702	0.025337	-0.041423	-0.239327	-0.063331	0.176315	-0.307413	-0.120962	-0.144063	-0.043782	0.000000	0.895306	-1.498267	-0.186339	0.539385	-0.670395	0.203739	0.000000
-0.630068	1.203663	0.940769	0.004605	-0.005900	-0.017982	0.999810	0.045819	-0.021005	-0.396401	0.764058	-0.344377	-0.052640	-0.027312	-0.043330	-0.310865	0.666448	-0.336179	0.020678	0.059352	0.327254	0.081819	-0.296679	-0.209244	-0.192641	-0.045329	0.000000	-1.416553	-0.870240	1.252800	-0.034131	-0.254799	-0.009030	0.000000	-0.107886	0.768210	0.346462	-0.083931	-0.221500	-0.034422	-0.107838	0.842510	-0.139640	0.176950	-0.010470	-0.070865	-0.209590	-0.093841	0.139292	-0.204650	-0.133842	-0.051546	-0.035816	0.000000	0.966555	-1.437151	-0.259817	0.569696	-0.711955	0.283642	0.000000
-0.630788	1.203472	0.940487	0.013141	-0.004919	-0.017362	0.999751	0.044158	-0.005602	-0.388570	0.762275	-0.349352	-0.053456	-0.028944	-0.026927	-0.312647	0.669791	-0.337077	0.018975	0.055018	0.325135	0.084371	-0.300226	-0.212005	-0.192948	-0.045967	0.000000	-1.396606	-0.898281	1.246756	-0.022424	-0.269510	-0.002698	0.000000	-0.075216	0.693082	0.357957	-0.068191	-0.212401	-0.015315	-0.074619	0.732668	-0.062498	0.149713	-0.038581	-0.057526	-0.254316	-0.108439	0.138017	-0.180729	-0.120938	0.000879	-0.015710	0.000000	1.052076	-1.356634	-0.354260	0.622822	-0.764111	0.369885	0.000000
-0.631059	1.203225	0.940261	0.019789	-0.003735	-0.016912	0.999654	0.042810	0.006718	-0.382083	0.761330	-0.352873	-0.053252	-0.030297	-0.014024	-0.313365	0.672437	-0.337722	0.018377	0.049179	0.322917	0.087340	-0.303908	-0.214082	-0.192606	-0.045958	0.000000	-1.374470	-0.924505	1.238630	-0.009218	-0.285363	0.005766	0.000000	-0.043891	0.525990	0.276355	-0.020449	-0.144088	0.010753	-0.043528	0.548583	-0.020879	0.119382	-0.028744	-0.028454	-0.332568	-0.100639	0.160348	-0.233319	-0.068600	0.009075	-0.004427	0.000000	1.189506	-1.256941	-0.434792	0.558883	-0.798865	0.484879	0.000000
-0.631198	1.203267	0.940084	0.024552	-0.002652	-0.016712	0.999555	0.042403	0.015438	-0.377515	0.761457	-0.355116	-0.053025	-0.030685	-0.004984	-0.313482	0.674566	-0.338227	0.017837	0.041715	0.321110	0.090785	-0.309559	-0.214749	-0.192585	-0.046144	0.000000	-1.349025	-0.948559	1.229364	-0.000069	-0.301465	0.016698	0.000000	0.006390	0.384688	0.220698	0.032333	-0.119092	0.008976	0.007363	0.402344	0.007538	0.127980	-0.036088	-0.073690	-0.392819	-0.122595	0.272102	-0.464486	0.035428	0.019261	-0.034284	0.000000	1.913446	-1.493217	-0.742793	0.230456	-1.159009	0.837941	0.000000
-0.631294	1.203496	0.939821	0.028098	-0.001322	-0.016907	0.999461	0.043066	0.022106	-0.373255	0.762623	-0.357637	-0.052893	-0.030002	0.002070	-0.313063	0.677556	-0.339165	0.015429	0.033466	0.318013	0.098224	-0.322487	-0.212664	-0.191835	-0.047329	0.000000	-1.297932	-0.984234	1.208918	-0.000000	-0.331724	0.039283	0.000000	0.050748	0.276542	0.206168	0.077610	-0.136705	0.000196	0.048346	0.302319	0.051293	0.142676	-0.056756	-0.090522	-0.440848	-0.163707	0.433580	-0.569715	0.238245	0.109082	-0.050739	0.000000	2.515471	-1.447856	-1.172480	0.001724	-1.529876	1.103016	0.000000
-0.631409	1.203856	0.939442	0.030523	0.000225	-0.017340	0.999384	0.044432	0.026500	-0.369269	0.764561	-0.360584	-0.053018	-0.028751	0.007109	-0.311430	0.680273	-0.340497	0.014216	0.024081	0.314562	0.108128	-0.332347	-0.205220	-0.188221	-0.048174	0.000000	-1.248407	-1.006473	1.182465	-0.000000	-0.362660	0.060818	0.000000	0.083750	0.209060	0.191880	0.103208	-0.163858	-0.002906	0.078693	0.247797	0.073508	0.147200	-0.070577	-0.060610	-0.474169	-0.241002	0.615359	-0.277504	0.537831	0.323336	0.046171	0.000000	2.387974	-0.842227	-1.503262	0.000000	-1.561738	1.006714	0.000000
-0.631385	1.204382	0.938959	0.032781	0.001774	-0.017964	0.999300	0.046416	0.030468	-0.365580	0.766752	-0.364191	-0.053009	-0.026854	0.011982	-0.310123	0.683444	-0.341988	0.013005	0.014500	0.308373	0.122838	-0.333587	-0.191151	-0.178902	-0.045482	0.000000	-1.202413	-1.017923	1.148788	-0.000000	-0.394193	0.079552	0.000000	0.092964	0.208329	0.166298	0.111474	-0.184499	-0.007446	0.089164	0.242217	0.023764	0.197308	-0.079363	-0.053162	-0.445117	-0.607431	0.986834	0.235751	1.118559	0.841417	0.351989	0.000000	2.803630	-0.297269	-2.175018	0.000000	-1.821598	0.922849	0.000000
-0.631201	1.204927	0.938367	0.035034	0.003139	-0.018462	0.999211	0.048151	0.034833	-0.362617	0.769020	-0.367964	-0.053315	-0.025185	0.016798	-0.310480	0.688166	-0.343671	0.012089	0.006277	0.290264	0.147601	-0.322917	-0.160477	-0.154565	-0.034094	0.000000	-1.136261	-1.018364	1.095464	-0.000000	-0.435524	0.097732	0.000000	0.077881	0.219557	0.142350	0.123414	-0.180478	-0.001357	0.078864	0.223640	-0.011683	0.228348	-0.083152	-0.066281	-0.368638	-1.264296	1.379199	0.513378	1.875407	1.473464	0.897046	0.000000	3.586853	0.339362	-2.905381	-0.000000	-2.031034	0.609541	0.000000
-0.630767	1.205343	0.937821	0.037106	0.004621	-0.018903	0.999122	0.049531	0.039250	-0.359886	0.771688	-0.371410	-0.053064	-0.023700	0.020928	-0.310590	0.692578	-0.345314	0.010353	-0.000246	0.257801	0.178006	-0.313052	-0.116135	-0.119963	-0.009600	0.000000	-1.058939	-1.004348	1.032572	-0.000000	-0.475435	0.103933	0.000000	0.062334	0.219992	0.119473	0.120829	-0.133184	0.022606	0.067028	0.215726	-0.024419	0.209627	-0.051813	-0.100343	-0.283543	-2.049937	1.465913	0.246479	2.437531	2.072487	1.501342	0.000000	3.990968	1.094897	-3.555372	0.000000	-1.987742	-0.102522	0.000000
-0.630037	1.205770	0.937490	0.039628	0.005958	-0.019138	0.999013	0.050644	0.043633	-0.357838	0.773854	-0.373291	-0.052411	-0.022503	0.025427	-0.311457	0.696551	-0.345744	0.008076	-0.005065	0.208267	0.206238	-0.313058	-0.062976	-0.071665	0.025960	0.000000	-0.976623	-0.974568	0.953249	0.000000	-0.515034	0.093631	0.000000	0.048092	0.234594	0.092614	0.087690	-0.069608	0.024875	0.049949	0.254820	-0.067551	0.185855	0.004438	-0.080858	-0.208707	-2.424296	1.243899	-0.016360	2.303343	2.231118	1.590871	0.000000	3.454608	1.580867	-3.535487	-0.000000	-1.589646	-0.629698	0.000000
-0.629131	1.206457	0.937268	0.042430	0.007004	-0.019106	0.998892	0.051455	0.048634	-0.356181	0.775196	-0.374194	-0.052069	-0.021702	0.031120	-0.313292	0.700012	-0.345137	0.007119	-0.008594	0.160829	0.227762	-0.313707	-0.024001	-0.030719	0.054035	0.000000	-0.920755	-0.941114	0.891153	-0.000000	-0.539021	0.078746	0.000000	0.034431	0.280303	0.090899	0.076731	-0.037123	0.015844	0.033852	0.305596	-0.097105	0.184254	0.044317	-0.045703	-0.111791	-2.430614	1.155676	0.070632	1.574226	1.900612	1.200607	0.000000	2.309053	1.694931	-2.722359	-0.000000	-0.932375	-0.708061	0.000000
-0.628026	1.207064	0.937052	0.045874	0.008276	-0.018969	0.998733	0.052022	0.054845	-0.354202	0.776923	-0.374776	-0.051777	-0.021149	0.037651	-0.315341	0.703921	-0.343971	0.006248	-0.009537	0.111042	0.252465	-0.310233	-0.000007	0.004359	0.073984	0.000000	-0.884261	-0.906771	0.844355	-0.000000	-0.552329	0.065309	0.000000	0.012230	0.296473	0.080340	0.088689	-0.004822	0.017338	0.012747	0.300067	-0.102788	0.188205	0.053538	-0.053883	-0.014787	-2.509599	1.416265	0.312559	0.600030	1.768661	0.870992	0.000000	1.380199	1.613319	-1.997362	-0.237985	-0.499134	-0.661470	0.000000
-0.626777	1.207705	0.936945	0.048778	0.009469	-0.018518	0.998593	0.051944	0.060493	-0.352968	0.778743	-0.374387	-0.051375	-0.021192	0.043123	-0.317404	0.707541	-0.342995	0.004964	-0.009186	0.060445	0.284413	-0.301204	-0.000000	0.040028	0.088874	0.000000	-0.865547	-0.876581	0.811258	-0.009519	-0.558986	0.052287	0.000000	-0.017143	0.260233	0.065641	0.090404	0.011849	0.026234	-0.017098	0.260919	-0.078016	0.161114	0.022256	-0.047325	0.055882	-2.729667	1.738512	0.471281	0.000176	1.751476	0.666756	0.000000	0.586584	1.287964	-1.451719	-0.873014	-0.297825	-0.642851	0.000000
-0.625503	1.208159	0.936744	0.050795	0.010336	-0.018128	0.998491	0.051336	0.065254	-0.351576	0.780539	-0.374302	-0.050728	-0.021833	0.048088	-0.318461	0.710365	-0.343081	0.004355	-0.007301	0.001856	0.322005	-0.291382	0.000000	0.074418	0.100654	0.000000	-0.860797	-0.855252	0.786286	-0.034921	-0.564242	0.039595	0.000000	-0.039532	0.206777	0.060149	0.092524	0.020565	0.037968	-0.039730	0.200850	-0.019728	0.108856	-0.017343	-0.027069	0.104535	-3.285177	2.077932	0.307222	-0.005494	1.655230	0.518449	0.000000	-0.085667	0.852814	-1.183724	-1.591273	-0.304802	-0.637991	0.000000
-0.624268	1.208564	0.936561	0.052770	0.012038	-0.017293	0.998384	0.050363	0.068764	-0.350562	0.782444	-0.373565	-0.049856	-0.022781	0.051157	-0.318193	0.711895	-0.343689	0.003881	-0.005004	-0.070962	0.367530	-0.288915	-0.000220	0.106237	0.109612	0.000000	-0.868974	-0.842468	0.763909	-0.073170	-0.571178	0.026767	0.000000	-0.050907	0.091424	0.037275	0.085357	0.047708	0.043105	-0.048868	0.076348	0.043940	0.048263	-0.043248	-0.021226	0.111528	-3.813133	2.399378	-0.102870	-0.221820	1.457885	0.343519	0.000000	-0.689811	0.401703	-1.025778	-2.155184	-0.367688	-0.626686	0.000000
-0.623035	1.209003	0.936463	0.052622	0.013139	-0.016700	0.998389	0.049300	0.068911	-0.350085	0.783953	-0.372394	-0.049004	-0.023788	0.051141	-0.316704	0.712296	-0.344811	0.003506	-0.002840	-0.150670	0.417981	-0.295496	-0.008873	0.132734	0.114395	0.000000	-0.888390	-0.839184	0.745255	-0.121128	-0.578949	0.014527	0.000000	-0.055506	-0.047376	0.006449	0.059156	0.074983	0.034930	-0.051497	-0.073291	0.094432	-0.014001	-0.059044	-0.006930	0.109049	-4.104595	2.592115	-0.456243	-0.780891	1.227369	0.121203	0.000000	-1.205708	-0.007045	-0.911735	-2.605050	-0.420043	-0.591171	0.000000
-0.621728	1.209298	0.936443	0.051573	0.014155	-0.016106	0.998439	0.048142	0.066869	-0.350304	0.784810	-0.370565	-0.048459	-0.024841	0.048225	-0.314415	0.711335	-0.346051	0.003604	-0.000642	-0.235146	0.471215	-0.307165	-0.031455	0.155332	0.114460	0.000000	-0.917202	-0.842750	0.727440	-0.177372	-0.587980	0.003120	0.000000	-0.056902	-0.208267	-0.032683	0.032473	0.107059	0.024450	-0.052699	-0.234944	0.144603	-0.078163	-0.062328	0.021628	0.072834	-4.257678	2.652445	-0.682460	-1.485431	0.995357	-0.090654	0.000000	-1.683778	-0.304535	-0.954814	-2.971710	-0.493994	-0.512571	0.000000
-0.620543	1.209468	0.936526	0.046899	0.015454	-0.015318	0.998663	0.047024	0.060580	-0.351393	0.785252	-0.368111	-0.048026	-0.025896	0.041744	-0.310920	0.709170	-0.347304	0.004371	0.000073	-0.320977	0.524078	-0.322795	-0.068290	0.172548	0.110769	0.000000	-0.955741	-0.851365	0.707063	-0.239996	-0.598709	-0.005975	0.000000	-0.051253	-0.427516	-0.049971	0.009538	0.145653	0.031581	-0.047845	-0.423801	0.252388	-0.179015	-0.061750	0.066080	-0.000214	-4.477104	2.633019	-0.747656	-2.237092	0.801458	-0.286768	0.000000	-2.214502	-0.514352	-1.341928	-3.419292	-0.652973	-0.393812	0.000000
-0.619625	1.209566	0.936807	0.041073	0.016446	-0.014973	0.998909	0.046092	0.049769	-0.352303	0.785192	-0.364739	-0.047196	-0.026755	0.031273	-0.304320	0.704174	-0.348521	0.006247	-0.000651	-0.414230	0.576536	-0.337071	-0.120939	0.187390	0.102990	0.000000	-1.005782	-0.863324	0.673763	-0.314144	-0.614099	-0.012632	0.000000	-0.027412	-0.570479	0.032035	-0.040299	0.152083	0.047146	-0.026335	-0.554545	0.418655	-0.287892	-0.050754	0.133191	-0.082201	-4.510424	2.454816	-0.657003	-2.820700	0.556937	-0.435196	0.000000	-2.356532	-0.648426	-1.755840	-3.716356	-0.629500	-0.252105	0.000000
-0.619059	1.209596	0.937270	0.034495	0.018140	-0.015066	0.999127	0.045927	0.037761	-0.350111	0.783640	-0.362028	-0.046140	-0.026949	0.019562	-0.294174	0.697654	-0.349334	0.009698	-0.003215	-0.501394	0.622271	-0.349075	-0.181118	0.194826	0.093361	0.000000	-1.050002	-0.877302	0.636829	-0.388651	-0.623889	-0.016060	0.000000	-0.008805	-0.600761	0.105639	-0.108214	0.134962	0.031886	-0.012331	-0.587967	0.480603	-0.323091	-0.028509	0.160219	-0.156715	-4.517859	2.197760	-0.693568	-3.326862	0.193870	-0.564810	0.000000	-2.238828	-0.651997	-1.861320	-3.797385	-0.212567	-0.159617	0.000000
-0.618435	1.209534	0.937753	0.028087	0.019508	-0.015142	0.999301	0.045740	0.025738	-0.348077	0.780863	-0.359341	-0.045920	-0.027248	0.007755	-0.285096	0.691250	-0.349661	0.012656	-0.006919	-0.594944	0.664446	-0.364814	-0.254014	0.195145	0.080397	0.000000	-1.095335	-0.889404	0.599310	-0.466039	-0.622601	-0.019017	0.000000	-0.018186	-0.531337	0.088719	-0.140679	0.124469	-0.003499	-0.025598	-0.522013	0.380851	-0.267686	0.002215	0.144150	-0.159495	-4.559283	1.961583	-0.848484	-3.681611	-0.018127	-0.630096	0.000000	-2.274439	-0.471479	-1.878786	-3.802001	0.125434	-0.210137	0.000000
-0.617633	1.209339	0.938169	0.022923	0.020553	-0.015082	0.999412	0.045200	0.016508	-0.346562	0.778013	-0.357049	-0.046280	-0.027973	-0.001319	-0.278940	0.686946	-0.349246	0.015464	-0.009595	-0.683765	0.700734	-0.383014	-0.328382	0.194100	0.068157	0.000000	-1.140980	-0.896162	0.561678	-0.540731	-0.618872	-0.024465	0.000000	-0.040062	-0.510352	0.050272	-0.148819	0.152023	-0.035521	-0.049092	-0.506821	0.312957	-0.244737	0.026219	0.137238	-0.138152	-4.370435	1.641572	-0.884119	-3.790245	-0.106575	-0.542016	0.000000	-2.369413	-0.244956	-1.873218	-3.775868	0.175680	-0.343427	0.000000
-0.616814	1.209359	0.938696	0.017137	0.021312	-0.014652	0.999519	0.044138	0.005324	-0.346066	0.774911	-0.353260	-0.047341	-0.029212	-0.012518	-0.272577	0.681461	-0.348613	0.018145	-0.012446	-0.769761	0.730109	-0.400179	-0.405623	0.190882	0.058716	0.000000	-1.190112	-0.899202	0.524381	-0.617074	-0.615574	-0.032754	0.000000	-0.061824	-0.484049	0.017275	-0.144382	0.177416	-0.056894	-0.070026	-0.492965	0.256727	-0.218740	0.030095	0.092726	-0.102881	-4.345785	1.308826	-0.808495	-3.912371	-0.123426	-0.287271	0.000000	-2.373991	-0.079648	-1.714526	-3.857707	0.204784	-0.433442	0.000000
-0.615791	1.209171	0.939097	0.012626	0.021954	-0.014149	0.999579	0.042727	-0.002854	-0.345871	0.772238	-0.349953	-0.048556	-0.030774	-0.021037	-0.268670	0.678197	-0.348042	0.019173	-0.013710	-0.857596	0.753087	-0.415354	-0.484877	0.189163	0.056666	0.000000	-1.235939	-0.899348	0.493096	-0.695039	-0.610680	-0.041803	0.000000	-0.097207	-0.407951	0.026631	-0.146542	0.179008	-0.071341	-0.107634	-0.409611	0.213669	-0.186318	0.023299	0.073495	-0.044965	-4.322443	1.037318	-0.671410	-3.968263	0.042411	0.207787	0.000000	-2.258092	0.048479	-1.566780	-3.983331	0.221390	-0.472403	0.000000
-0.615173	1.208950	0.939537	0.008624	0.022515	-0.013133	0.999623	0.040249	-0.010994	-0.345001	0.769049	-0.346099	-0.050195	-0.033517	-0.028903	-0.264031	0.674008	-0.347681	0.021085	-0.014244	-0.942659	0.771602	-0.427035	-0.564354	0.192578	0.067028	0.000000	-1.280435	-0.897263	0.461710	-0.776407	-0.606719	-0.051650	0.000000	-0.137135	-0.295463	0.107895	-0.177251	0.152760	-0.079633	-0.150206	-0.278501	0.221815	-0.179052	0.001932	0.073822	0.035643	-3.972897	0.721951	-0.377869	-3.729862	0.217852	0.640075	0.000000	-2.035353	0.153388	-1.407757	-3.897403	0.211850	-0.446660	0.000000
-0.615053	1.208679	0.939912	0.007068	0.023038	-0.012208	0.999635	0.037241	-0.014673	-0.341556	0.765148	-0.343842	-0.051741	-0.036783	-0.032177	-0.259798	0.671035	-0.347965	0.022126	-0.012284	-1.016512	0.781965	-0.430469	-0.634072	0.197878	0.082269	0.000000	-1.317353	-0.893212	0.436786	-0.850935	-0.602206	-0.059669	0.000000	-0.164070	-0.118886	0.187186	-0.205669	0.108954	-0.083580	-0.174692	-0.112744	0.201596	-0.152978	-0.011985	0.047207	0.134067	-3.643969	0.323464	-0.012118	-3.562629	0.262240	0.696471	0.000000	-1.799384	0.246093	-1.129945	-3.765358	0.274847	-0.301328	0.000000
-0.615243	1.208206	0.940319	0.006344	0.023601	-0.010995	0.999641	0.033686	-0.015749	-0.337513	0.760822	-0.341741	-0.053538	-0.040505	-0.033412	-0.255967	0.667889	-0.348160	0.022973	-0.008881	-1.088418	0.784540	-0.427520	-0.706859	0.203068	0.094887	0.000000	-1.352411	-0.887420	0.416512	-0.927022	-0.595725	-0.063703	0.000000	-0.143296	-0.019989	0.184207	-0.214544	0.081711	-0.078867	-0.152622	-0.013347	0.154108	-0.151634	0.008813	0.055400	0.185962	-3.501201	0.025460	0.187744	-3.882001	0.180456	0.477243	0.000000	-1.672596	0.270475	-0.938147	-3.786421	0.394025	-0.192736	0.000000
-0.615577	1.207742	0.940707	0.006519	0.023868	-0.009684	0.999647	0.031509	-0.015472	-0.334187	0.756566	-0.340574	-0.054896	-0.042887	-0.032711	-0.253634	0.664969	-0.347612	0.024342	-0.004846	-1.156560	0.782984	-0.422959	-0.789352	0.205096	0.101359	0.000000	-1.384257	-0.882393	0.399260	-1.002392	-0.586445	-0.067379	0.000000	-0.091212	0.041432	0.155462	-0.197244	0.048523	-0.055965	-0.097418	0.050463	0.098314	-0.132877	0.026120	0.039785	0.201100	-3.204000	-0.022995	0.224844	-4.232092	0.002151	0.156910	0.000000	-1.528156	0.293268	-0.861623	-3.681423	0.458239	-0.215040	0.000000
-0.616075	1.207464	0.941057	0.007076	0.023772	-0.009202	0.999650	0.030038	-0.014092	-0.331295	0.752932	-0.339800	-0.055777	-0.044402	-0.031394	-0.252034	0.662574	-0.347115	0.024565	-0.000837	-1.216578	0.783620	-0.418526	-0.876143	0.203154	0.101163	0.000000	-1.413537	-0.875689	0.382047	-1.074279	-0.577395	-0.072305	0.000000	-0.068190	0.044194	0.130013	-0.165105	0.042819	-0.036025	-0.071036	0.040597	0.085813	-0.119483	0.021398	0.010816	0.173304	-2.744457	0.128753	0.105109	-4.346964	-0.191203	-0.048651	0.000000	-1.406699	0.474657	-0.930960	-3.476384	0.314282	-0.323362	0.000000
-0.616450	1.207313	0.941370	0.007484	0.023707	-0.008541	0.999655	0.028782	-0.013705	-0.328987	0.749962	-0.338861	-0.056337	-0.045729	-0.031087	-0.250201	0.660190	-0.346756	0.024775	0.002086	-1.266339	0.788134	-0.418755	-0.963230	0.197448	0.099413	0.000000	-1.440525	-0.863407	0.362022	-1.141447	-0.573874	-0.080313	0.000000	-0.067210	0.017299	0.108504	-0.138028	0.051130	-0.029460	-0.068998	0.004005	0.086231	-0.108162	0.013643	0.006510	0.130677	-2.364614	0.184044	0.034315	-4.300578	-0.226148	-0.037095	0.000000	-1.244926	0.819227	-1.135045	-3.167754	-0.171365	-0.592336	0.000000
-0.616864	1.207145	0.941671	0.007434	0.023699	-0.008062	0.999659	0.027350	-0.013400	-0.326955	0.747411	-0.337755	-0.056955	-0.047162	-0.031234	-0.248585	0.658248	-0.346569	0.024825	0.004390	-1.311162	0.790982	-0.417154	-1.048166	0.194108	0.099679	0.000000	-1.463334	-0.842920	0.336646	-1.200989	-0.584250	-0.095998	0.000000	-0.068984	0.026332	0.094197	-0.124760	0.049362	-0.021621	-0.070569	0.018977	0.062758	-0.086674	0.013289	0.006607	0.118702	-2.055445	0.112808	0.120029	-3.884151	-0.129117	0.078476	0.000000	-1.015258	0.878263	-1.068269	-2.702081	-0.494620	-0.676174	0.000000
-0.617342	1.206988	0.941965	0.007590	0.023585	-0.007591	0.999664	0.026022	-0.012651	-0.325219	0.744971	-0.336887	-0.057202	-0.048552	-0.030328	-0.247691	0.656723	-0.346225	0.025039	0.006834	-1.348556	0.792646	-0.413954	-1.118596	0.192283	0.102552	0.000000	-1.481135	-0.828276	0.319291	-1.249530	-0.593659	-0.107360	0.000000	-0.061427	0.047144	0.073665	-0.120711	0.045521	-0.009414	-0.063990	0.052354	0.029771	-0.077224	0.027721	0.024207	0.120376	-1.833493	0.025462	0.105764	-3.561464	-0.078565	0.098848	0.000000	-0.906104	0.681314	-0.773051	-2.448165	-0.432380	-0.482471	0.000000
-0.617722	1.206822	0.942239	0.008408	0.023162	-0.006948	0.999672	0.024893	-0.011514	-0.324008	0.742583	-0.335934	-0.057332	-0.049721	-0.029140	-0.247394	0.655159	-0.345461	0.025793	0.009205	-1.384502	0.792001	-0.412923	-1.190624	0.190966	0.103633	0.000000	-1.499578	-0.815667	0.305724	-1.298915	-0.601545	-0.115297	0.000000	-0.053850	0.044166	0.045832	-0.107639	0.054423	-0.005148	-0.054928	0.041919	0.012567	-0.076509	0.038974	0.020550	0.105145	-1.705229	-0.129490	0.017040	-3.606600	0.036746	-0.023555	0.000000	-0.874719	0.555082	-0.615044	-2.426681	-0.344512	-0.390460	0.000000
-0.618085	1.206655	0.942540	0.008753	0.022837	-0.006617	0.999679	0.023868	-0.010885	-0.323386	0.740666	-0.334710	-0.057408	-0.050749	-0.028651	-0.247188	0.653663	-0.344666	0.025861	0.011040	-1.416766	0.787467	-0.413272	-1.262860	0.193753	0.101610	0.000000	-1.516124	-0.806073	0.294689	-1.346598	-0.607439	-0.122978	0.000000	-0.039536	0.012352	0.021569	-0.087827	0.064135	-0.003856	-0.040265	0.006567	0.013435	-0.074942	0.041432	0.009187	0.078730	-1.466972	-0.300890	0.013057	-3.345278	0.246833	-0.111545	0.000000	-0.761268	0.403133	-0.514095	-2.164251	-0.230917	-0.355055	0.000000
-0.618431	1.206574	0.942837	0.008532	0.022290	-0.006295	0.999695	0.023311	-0.011020	-0.323145	0.739070	-0.333369	-0.057486	-0.051332	-0.028877	-0.246857	0.652161	-0.343803	0.026161	0.012354	-1.443181	0.779965	-0.412401	-1.324435	0.200839	0.099172	0.000000	-1.530029	-0.799542	0.285160	-1.385485	-0.610782	-0.129499	0.000000	-0.029498	0.000823	0.016136	-0.077704	0.065108	0.004368	-0.030345	-0.009475	0.026324	-0.084411	0.042239	0.034255	0.056452	-1.255691	-0.377631	0.066808	-2.957869	0.408549	-0.092204	0.000000	-0.647187	0.314796	-0.423511	-1.872659	-0.149986	-0.290875	0.000000
-0.618831	1.206597	0.943119	0.008443	0.021934	-0.006028	0.999706	0.022689	-0.010852	-0.322740	0.737558	-0.332105	-0.057233	-0.051963	-0.029030	-0.246135	0.650286	-0.342976	0.027231	0.013298	-1.466993	0.772361	-0.410600	-1.381175	0.210095	0.097922	0.000000	-1.542012	-0.793481	0.277749	-1.421504	-0.613439	-0.134613	0.000000	-0.025324	0.014510	0.012515	-0.082338	0.058418	0.015471	-0.025499	-0.006432	0.025685	-0.100251	0.040975	0.046684	0.050453	-1.148275	-0.379643	0.083096	-2.811813	0.495440	-0.048305	0.000000	-0.597325	0.335526	-0.363466	-1.821119	-0.164671	-0.235317	0.000000
-0.619307	1.206650	0.943405	0.008489	0.021520	-0.005861	0.999715	0.022298	-0.010440	-0.322645	0.735776	-0.331032	-0.056867	-0.052352	-0.029134	-0.245829	0.648151	-0.342164	0.028028	0.014372	-1.489112	0.764779	-0.409077	-1.436908	0.220656	0.097239	0.000000	-1.553922	-0.786121	0.270621	-1.458330	-0.617368	-0.138912	0.000000	-0.023323	0.023972	0.023577	-0.093640	0.045606	0.013890	-0.023412	-0.004712	0.023190	-0.094604	0.030926	0.037594	0.047676	-0.990912	-0.352481	0.046985	-2.601388	0.513509	-0.044446	0.000000	-0.540733	0.342445	-0.283253	-1.781127	-0.204733	-0.143886	0.000000
-0.619860	1.206737	0.943647	0.008482	0.020822	-0.005516	0.999732	0.021756	-0.009893	-0.321797	0.733812	-0.330281	-0.056677	-0.052899	-0.029219	-0.245207	0.646502	-0.341739	0.028735	0.015205	-1.506630	0.758262	-0.408720	-1.485231	0.230635	0.096144	0.000000	-1.563641	-0.779783	0.266419	-1.492749	-0.621628	-0.140369	0.000000	-0.024724	0.020297	0.061244	-0.101204	0.017460	0.011743	-0.024110	-0.003509	0.049046	-0.080495	-0.000223	0.012292	0.038695	-0.787371	-0.294381	0.029777	-2.177563	0.448862	-0.046160	0.000000	-0.433347	0.241938	-0.163898	-1.571482	-0.168863	-0.024464	0.000000
-0.620552	1.206846	0.943785	0.008628	0.020604	-0.005293	0.999737	0.021309	-0.009628	-0.320195	0.731728	-0.330334	-0.056397	-0.053316	-0.029275	-0.243868	0.644931	-0.342173	0.028520	0.015920	-1.520607	0.753004	-0.407886	-1.524011	0.238611	0.095393	0.000000	-1.571256	-0.776443	0.264065	-1.521189	-0.624123	-0.139890	0.000000	-0.025474	0.016710	0.096723	-0.106080	-0.019398	0.021346	-0.023121	-0.002270	0.078640	-0.077932	-0.024245	0.004902	0.026283	-0.639966	-0.231078	0.051869	-1.720062	0.338865	-0.026208	0.000000	-0.346750	0.092311	-0.085930	-1.262778	-0.072855	0.051916	0.000000
-0.621325	1.206941	0.943902	0.008512	0.020433	-0.004974	0.999743	0.020737	-0.009224	-0.317928	0.729569	-0.331057	-0.055823	-0.053824	-0.029310	-0.242062	0.643385	-0.342709	0.028931	0.016257	-1.532228	0.749019	-0.406645	-1.554033	0.244190	0.095095	0.000000	-1.577511	-0.776091	0.262982	-1.543260	-0.624542	-0.138292	0.000000	-0.016651	-0.007356	0.117058	-0.127971	-0.050576	0.014984	-0.015804	-0.024865	0.094431	-0.078826	-0.038105	0.010930	0.004032	-0.602970	-0.197722	0.048667	-1.562724	0.278086	-0.018565	0.000000	-0.314105	-0.028422	-0.034436	-1.129642	0.004321	0.093951	0.000000
-0.622097	1.207123	0.943943	0.007978	0.020271	-0.004898	0.999751	0.020643	-0.009922	-0.315513	0.726609	-0.332357	-0.055798	-0.053948	-0.030269	-0.240090	0.641778	-0.343697	0.028957	0.016081	-1.544726	0.745095	-0.405939	-1.586519	0.249734	0.094650	0.000000	-1.583820	-0.777580	0.262688	-1.566375	-0.623950	-0.136132	0.000000	-0.021329	-0.043610	0.145229	-0.162078	-0.071689	-0.006512	-0.022782	-0.055763	0.113988	-0.079556	-0.052062	0.010154	-0.029251	-0.598904	-0.184934	0.011108	-1.643994	0.288054	-0.030945	0.000000	-0.300294	-0.056876	0.006483	-1.174146	0.006770	0.115004	0.000000
-0.622828	1.207308	0.944020	0.007620	0.020284	-0.004622	0.999755	0.019883	-0.010969	-0.312119	0.723086	-0.333925	-0.056084	-0.054735	-0.031540	-0.237502	0.640203	-0.344791	0.029337	0.015087	-1.556185	0.741622	-0.406201	-1.619793	0.255712	0.093858	0.000000	-1.589523	-0.778366	0.263241	-1.590226	-0.624271	-0.133692	0.000000	-0.029553	-0.061000	0.172119	-0.193299	-0.089774	-0.022669	-0.032516	-0.071473	0.126446	-0.084627	-0.061839	0.030941	-0.052424	-0.529480	-0.138053	-0.032392	-1.648459	0.293337	-0.040660	0.000000	-0.257972	-0.024706	0.054671	-1.198581	-0.046821	0.128882	0.000000
-0.623629	1.207423	0.944021	0.006576	0.020405	-0.004151	0.999762	0.019461	-0.012362	-0.308628	0.718877	-0.335948	-0.056705	-0.055249	-0.033128	-0.235032	0.638393	-0.346171	0.030195	0.013984	-1.565905	0.739573	-0.407235	-1.652458	0.261468	0.093024	0.000000	-1.594139	-0.778568	0.264875	-1.614318	-0.625823	-0.130977	0.000000	-0.011858	-0.052480	0.160253	-0.208779	-0.107782	-0.029048	-0.013585	-0.067947	0.093928	-0.078043	-0.056106	0.004949	-0.048509	-0.448385	-0.044809	-0.064480	-1.594728	0.255461	-0.032197	0.000000	-0.198510	-0.049973	0.100393	-1.178589	-0.077580	0.128539	0.000000
-0.624268	1.207621	0.944016	0.006153	0.020000	-0.004092	0.999773	0.019409	-0.013068	-0.305709	0.714735	-0.338236	-0.057246	-0.055279	-0.034258	-0.233745	0.637081	-0.347036	0.029535	0.013146	-1.574120	0.739829	-0.408780	-1.683582	0.265930	0.092570	0.000000	-1.597463	-0.780365	0.267257	-1.637370	-0.627375	-0.128551	0.000000	0.003056	-0.034103	0.178863	-0.205815	-0.124626	-0.046846	-0.001102	-0.037043	0.090853	-0.055423	-0.055655	-0.009699	-0.046263	-0.336805	0.040196	-0.101401	-1.489466	0.226551	-0.018066	0.000000	-0.121853	-0.152411	0.128399	-1.081190	-0.046937	0.084392	0.000000
-0.624949	1.207844	0.943961	0.005763	0.020244	-0.003967	0.999771	0.019583	-0.013726	-0.301473	0.710645	-0.340933	-0.058579	-0.055293	-0.034610	-0.231398	0.636176	-0.348397	0.029807	0.012134	-1.579377	0.741181	-0.411291	-1.712036	0.270530	0.092301	0.000000	-1.599013	-0.784665	0.270011	-1.657566	-0.627700	-0.127601	0.000000	0.013200	-0.030877	0.209216	-0.210336	-0.124577	-0.080896	0.003145	-0.013914	0.111152	-0.047322	-0.054625	0.029712	-0.043197	-0.186008	0.069934	-0.133342	-1.341391	0.251932	-0.000751	0.000000	-0.022620	-0.282653	0.154414	-0.919127	0.024834	0.009846	0.000000
-0.625538	1.208110	0.943962	0.005541	0.020429	-0.003978	0.999768	0.019937	-0.014303	-0.297340	0.706321	-0.343219	-0.060482	-0.055153	-0.034815	-0.229299	0.635188	-0.349221	0.030724	0.011418	-1.581560	0.742627	-0.414114	-1.737238	0.276008	0.092540	0.000000	-1.598368	-0.791671	0.273433	-1.674135	-0.626381	-0.128157	0.000000	0.008624	-0.018098	0.187931	-0.202262	-0.086381	-0.083368	0.001135	-0.017962	0.092847	-0.044468	-0.030821	0.031474	-0.034204	-0.036728	0.092997	-0.125214	-1.153341	0.275611	0.040480	0.000000	0.094286	-0.351705	0.194405	-0.743815	0.062957	-0.062993	0.000000
-0.625973	1.208307	0.944016	0.005138	0.020583	-0.003841	0.999768	0.019928	-0.014450	-0.293956	0.702554	-0.344388	-0.061913	-0.055248	-0.035328	-0.227684	0.634397	-0.349630	0.031066	0.010765	-1.580846	0.744901	-0.416299	-1.758170	0.281554	0.093921	0.000000	-1.595242	-0.798733	0.277787	-1.687319	-0.625182	-0.130121	0.000000	0.003917	-0.034218	0.133760	-0.167115	-0.048754	-0.059373	-0.000655	-0.041290	0.065316	-0.035268	-0.017660	0.015511	-0.029769	0.126702	0.158796	-0.079013	-0.892979	0.249337	0.114666	0.000000	0.246188	-0.306419	0.259849	-0.576240	0.010522	-0.117082	0.000000
-0.626167	1.208545	0.944022	0.004630	0.020603	-0.003773	0.999770	0.020094	-0.015672	-0.291990	0.699637	-0.345169	-0.062857	-0.055179	-0.036466	-0.226686	0.633777	-0.349927	0.031344	0.010228	-1.576492	0.748978	-0.417275	-1.772957	0.285981	0.097126	0.000000	-1.588521	-0.803928	0.283827	-1.697184	-0.625960	-0.132840	0.000000	-0.000452	-0.063144	0.086415	-0.112736	-0.018582	-0.032323	-0.003284	-0.064392	0.050363	-0.015643	-0.010809	0.002042	-0.032937	0.325820	0.277744	-0.026710	-0.558865	0.168176	0.204250	0.000000	0.448835	-0.214240	0.351346	-0.397825	-0.096433	-0.144923	0.000000
-0.626146	1.208782	0.944063	0.003906	0.020701	-0.003679	0.999771	0.019910	-0.016976	-0.290500	0.698045	-0.345131	-0.063206	-0.055379	-0.037904	-0.225670	0.633772	-0.350062	0.031148	0.009448	-1.567813	0.756010	-0.417368	-1.780525	0.288281	0.102091	0.000000	-1.577288	-0.807303	0.291841	-1.703232	-0.629039	-0.135918	0.000000	-0.002428	-0.073610	0.023298	-0.059040	0.022840	-0.011794	-0.002060	-0.083278	0.015350	0.001803	0.000250	-0.018409	-0.039364	0.738364	0.464812	0.047439	-0.152895	0.125775	0.383730	0.000000	0.856107	-0.260167	0.530577	-0.181878	-0.196488	-0.239196	0.000000
-0.625852	1.209068	0.944074	0.002776	0.020760	-0.003488	0.999775	0.019997	-0.018616	-0.291058	0.697275	-0.344256	-0.063328	-0.055261	-0.039797	-0.226072	0.633849	-0.349917	0.030608	0.008653	-1.546958	0.767571	-0.415377	-1.779073	0.291012	0.112476	0.000000	-1.554276	-0.814334	0.305050	-1.704459	-0.633820	-0.142408	0.000000	-0.000480	-0.092381	-0.029751	-0.009257	0.040496	-0.006573	0.000655	-0.093360	-0.012797	0.023621	0.000482	-0.027444	-0.041983	1.418972	0.683674	0.202677	0.408387	0.136518	0.687149	0.000000	1.446038	-0.442664	0.706807	0.100857	-0.279784	-0.467239	0.000000
-0.625361	1.209365	0.943994	0.001925	0.020988	-0.003331	0.999772	0.019891	-0.020671	-0.291690	0.697675	-0.343512	-0.063469	-0.055353	-0.041638	-0.226182	0.634717	-0.350043	0.030050	0.007769	-1.511055	0.783357	-0.409261	-1.764189	0.293742	0.129576	0.000000	-1.519447	-0.825009	0.320113	-1.699197	-0.640231	-0.154608	0.000000	-0.003831	-0.098990	-0.047627	0.036991	0.044808	-0.006950	-0.002949	-0.090827	-0.017226	0.051850	-0.010804	-0.034227	-0.054786	2.057916	0.896934	0.398483	1.059511	0.015397	0.934223	0.000000	1.982543	-0.569931	0.729167	0.446522	-0.354071	-0.714688	0.000000
-0.624641	1.209628	0.943862	0.001193	0.021250	-0.003163	0.999769	0.019843	-0.022576	-0.292963	0.698755	-0.342463	-0.063606	-0.055379	-0.043431	-0.226762	0.635923	-0.350349	0.029239	0.006462	-1.464641	0.803448	-0.399438	-1.736692	0.291628	0.149844	0.000000	-1.474975	-0.837132	0.334217	-1.686599	-0.647983	-0.170995	0.000000	0.002729	-0.080924	-0.073388	0.075741	0.043097	-0.001934	0.005294	-0.081774	-0.031130	0.064546	-0.017716	-0.035798	-0.074140	2.404079	1.020193	0.418940	1.552048	-0.272468	0.888039	0.000000	2.360854	-0.591294	0.659496	0.842106	-0.370920	-0.804287	0.000000
-0.623825	1.209824	0.943623	0.000198	0.021742	-0.003107	0.999759	0.020000	-0.023908	-0.294625	0.700704	-0.341788	-0.063547	-0.055141	-0.044909	-0.227427	0.637298	-0.350752	0.028618	0.004803	-1.414891	0.824165	-0.392503	-1.702107	0.282843	0.165098	0.000000	-1.425012	-0.848661	0.346493	-1.665513	-0.655068	-0.186779	0.000000	0.023187	-0.065933	-0.103371	0.116262	0.022444	0.007602	0.026668	-0.066991	-0.049272	0.076938	-0.031004	-0.038730	-0.081859	2.635536	0.968970	0.266883	1.819217	-0.494447	0.614898	0.000000	2.637649	-0.601329	0.562726	1.184678	-0.303479	-0.744059	0.000000
-0.622897	1.210087	0.943273	-0.000341	0.022034	-0.003257	0.999752	0.020771	-0.025213	-0.297098	0.703405	-0.341565	-0.063302	-0.054313	-0.046110	-0.228732	0.639001	-0.351589	0.027690	0.003187	-1.359220	0.842207	-0.388762	-1.663924	0.271850	0.174440	0.000000	-1.369469	-0.861185	0.356726	-1.639211	-0.660122	-0.200758	0.000000	0.043824	-0.034726	-0.139195	0.151017	0.004034	0.014701	0.047966	-0.031470	-0.088615	0.094508	-0.033721	-0.047456	-0.058189	2.898097	0.772360	0.165758	1.943120	-0.498853	0.295447	0.000000	2.861574	-0.604327	0.435452	1.347777	-0.175649	-0.591449	0.000000
-0.621870	1.210385	0.942895	-0.000392	0.022325	-0.003653	0.999744	0.021753	-0.025297	-0.300193	0.706745	-0.341626	-0.062959	-0.053222	-0.046168	-0.230972	0.641079	-0.352101	0.026720	0.002476	-1.298967	0.855060	-0.385873	-1.624382	0.262889	0.176916	0.000000	-1.310549	-0.872834	0.363911	-1.611602	-0.662094	-0.210437	0.000000	0.042654	0.035268	-0.169759	0.176090	0.004852	0.022730	0.049555	0.030017	-0.141283	0.111425	-0.017957	-0.045994	-0.016603	3.042138	0.573467	0.178979	2.007431	-0.357585	-0.000034	0.000000	2.930239	-0.479189	0.267905	1.344043	-0.041881	-0.387921	0.000000
-0.620759	1.210750	0.942549	0.000142	0.022351	-0.003806	0.999743	0.022477	-0.023802	-0.303888	0.710449	-0.341371	-0.062393	-0.052330	-0.044909	-0.234384	0.643458	-0.352308	0.025850	0.002523	-1.237534	0.865146	-0.381603	-1.583626	0.257547	0.174439	0.000000	-1.252259	-0.880352	0.367442	-1.585450	-0.661797	-0.216275	0.000000	0.027496	0.105030	-0.190704	0.181234	0.014755	0.032179	0.035597	0.089727	-0.194503	0.126125	-0.009331	-0.046419	0.015647	3.324029	0.494166	0.378831	2.237111	-0.233524	-0.219955	0.000000	3.093764	-0.262496	-0.006022	1.362565	0.086074	-0.262577	0.000000
-0.619727	1.211084	0.942241	0.001233	0.022211	-0.003807	0.999745	0.022853	-0.021096	-0.307821	0.713994	-0.341036	-0.061671	-0.051798	-0.042579	-0.238752	0.646124	-0.352474	0.024863	0.003101	-1.166006	0.874826	-0.370720	-1.534898	0.253548	0.168118	0.000000	-1.186799	-0.883334	0.363670	-1.557099	-0.658651	-0.220940	0.000000	0.012757	0.170013	-0.189552	0.163721	0.013410	0.036177	0.022552	0.137420	-0.231594	0.133431	-0.004542	-0.049453	0.030711	3.695667	0.403476	0.605891	2.475590	-0.134965	-0.434025	0.000000	3.347933	-0.009649	-0.297567	1.425785	0.250605	-0.176222	0.000000
-0.618877	1.211354	0.941979	0.003989	0.021596	-0.003657	0.999752	0.022987	-0.017002	-0.311470	0.716997	-0.340835	-0.060946	-0.051428	-0.039413	-0.243648	0.648795	-0.352489	0.023872	0.003752	-1.089707	0.881285	-0.357368	-1.484603	0.252148	0.157078	0.000000	-1.118342	-0.880738	0.355540	-1.528418	-0.651773	-0.223323	0.000000	0.009181	0.209757	-0.177463	0.135140	0.004685	0.031021	0.019889	0.176028	-0.249147	0.127713	0.003925	-0.059085	0.024348	4.022074	0.199027	0.798752	2.581835	0.018878	-0.654008	0.000000	3.667209	0.327532	-0.478528	1.445705	0.406192	-0.009836	0.000000
-0.618156	1.211596	0.941756	0.006265	0.020965	-0.003572	0.999754	0.023220	-0.012706	-0.314920	0.719400	-0.340849	-0.060431	-0.051003	-0.035538	-0.248718	0.651232	-0.352317	0.022499	0.004075	-1.005123	0.882787	-0.338769	-1.431625	0.254303	0.141957	0.000000	-1.040111	-0.870233	0.344529	-1.499271	-0.642403	-0.221334	0.000000	0.012914	0.219941	-0.160173	0.103877	-0.011797	0.019969	0.020100	0.204959	-0.247732	0.112975	0.006292	-0.046126	-0.001660	4.396643	-0.039238	1.069329	2.680308	0.187320	-0.843137	0.000000	4.033746	0.914310	-0.776370	1.343298	0.369169	0.182173	0.000000
-0.617555	1.211931	0.941533	0.008239	0.020337	-0.003493	0.999753	0.023504	-0.008204	-0.317877	0.721153	-0.341307	-0.060147	-0.050624	-0.031214	-0.253557	0.653314	-0.352238	0.022027	0.003685	-0.913842	0.879715	-0.314594	-1.377390	0.259641	0.123353	0.000000	-0.956992	-0.844166	0.324485	-1.474686	-0.637006	-0.216037	0.000000	0.004939	0.220591	-0.181881	0.083816	-0.020500	0.013036	0.010509	0.205757	-0.270841	0.100924	-0.005352	-0.021852	-0.031230	4.549686	-0.231996	1.197255	2.706712	0.255529	-1.001541	0.000000	4.140416	1.458398	-1.058980	1.128566	0.180861	0.286048	0.000000
-0.616977	1.212253	0.941287	0.010400	0.019030	-0.003228	0.999760	0.023418	-0.003882	-0.322195	0.722752	-0.341669	-0.059909	-0.050583	-0.027308	-0.259551	0.655269	-0.352531	0.021625	0.002826	-0.823136	0.873507	-0.290879	-1.323356	0.264525	0.101896	0.000000	-0.874494	-0.811897	0.302170	-1.454129	-0.635168	-0.209892	0.000000	-0.007066	0.210863	-0.254446	0.062989	-0.006044	0.000925	-0.004090	0.200990	-0.339713	0.084931	-0.004891	0.000435	-0.035098	4.546327	-0.293812	1.106503	2.746698	0.064629	-1.131591	0.000000	4.134093	1.643808	-1.112714	1.023918	0.095981	0.284301	0.000000
-0.616451	1.212574	0.941060	0.012541	0.017067	-0.002850	0.999772	0.023221	0.000230	-0.328055	0.723672	-0.341549	-0.060110	-0.050788	-0.023175	-0.267145	0.656711	-0.352433	0.022044	0.002281	-0.731989	0.867963	-0.270334	-1.267522	0.262226	0.078089	0.000000	-0.791628	-0.778413	0.279976	-1.433730	-0.633167	-0.204664	0.000000	-0.001573	0.229181	-0.259213	0.018215	-0.001603	-0.029293	0.000850	0.197340	-0.350703	0.039759	0.005926	0.013784	-0.021732	4.610419	-0.498006	0.889080	2.836335	-0.174714	-1.192313	0.000000	4.178524	1.643781	-1.061383	1.050532	0.177258	0.226710	0.000000
-0.616194	1.212846	0.940908	0.014770	0.015094	-0.002696	0.999773	0.023355	0.005285	-0.332563	0.723481	-0.341733	-0.061081	-0.050549	-0.019414	-0.273579	0.656860	-0.352294	0.022177	0.001957	-0.638719	0.853587	-0.255316	-1.209903	0.257536	0.054203	0.000000	-0.707353	-0.746145	0.259714	-1.412107	-0.628078	-0.200823	0.000000	0.016906	0.231684	-0.212426	-0.030057	-0.031017	-0.066797	0.016176	0.186409	-0.312503	0.002430	0.008589	0.040041	-0.014875	4.510839	-0.913262	0.775676	2.801847	-0.220212	-1.176248	0.000000	4.236017	1.599653	-0.831047	1.152879	0.437175	0.312766	0.000000
-0.616144	1.213164	0.940707	0.016758	0.013059	-0.002668	0.999771	0.023898	0.009498	-0.336552	0.722470	-0.342789	-0.062782	-0.050141	-0.015718	-0.279645	0.656809	-0.352090	0.023646	0.001686	-0.551555	0.831432	-0.239307	-1.155449	0.253418	0.031039	0.000000	-0.622187	-0.714427	0.246734	-1.387614	-0.615680	-0.192154	0.000000	0.014290	0.212120	-0.157706	-0.067914	-0.059166	-0.090043	0.007485	0.174256	-0.253536	-0.034145	-0.000393	0.081557	-0.016691	4.274653	-1.102856	0.737274	2.750558	-0.416770	-1.073794	0.000000	4.128671	1.557131	-0.500802	1.339594	0.755431	0.492590	0.000000
-0.616322	1.213260	0.940513	0.018493	0.011488	-0.002569	0.999760	0.023926	0.013770	-0.338872	0.720765	-0.344099	-0.064683	-0.050249	-0.012444	-0.283721	0.655494	-0.352310	0.025439	0.001289	-0.467733	0.809473	-0.225825	-1.099880	0.240865	0.011251	0.000000	-0.542206	-0.683860	0.239682	-1.358523	-0.597861	-0.181120	0.000000	0.012732	0.154483	-0.121243	-0.086829	-0.069073	-0.073679	-0.000655	0.140814	-0.184221	-0.078405	-0.000354	0.142063	-0.027060	3.997818	-1.170050	0.491220	2.813384	-0.843206	-1.026625	0.000000	3.827789	1.521721	-0.196575	1.667452	0.852422	0.480498	0.000000
-0.616407	1.213352	0.940340	0.019347	0.010175	-0.002631	0.999758	0.024407	0.015677	-0.341402	0.718997	-0.345552	-0.065729	-0.050167	-0.010086	-0.287014	0.653672	-0.352104	0.029328	0.000604	-0.391642	0.784630	-0.219658	-1.042913	0.219689	-0.010026	0.000000	-0.469076	-0.653558	0.238871	-1.320916	-0.581583	-0.172934	0.000000	0.015765	0.104073	-0.139405	-0.089400	-0.065682	-0.054124	-0.001615	0.120547	-0.183740	-0.083767	0.014607	0.202284	-0.026739	3.577329	-1.436441	0.294657	2.861482	-1.042224	-1.039955	0.000000	3.537351	1.582240	0.092943	2.025712	0.722584	0.470985	0.000000
-0.616419	1.213353	0.940158	0.020297	0.008804	-0.002707	0.999752	0.024557	0.017933	-0.344448	0.717189	-0.346727	-0.066847	-0.050314	-0.007622	-0.291070	0.652143	-0.351725	0.033530	0.000220	-0.324640	0.752015	-0.214039	-0.985421	0.199176	-0.030347	0.000000	-0.400712	-0.620571	0.243400	-1.277495	-0.568958	-0.162280	0.000000	-0.007198	0.104837	-0.173713	-0.092539	-0.033812	-0.061823	-0.015625	0.086525	-0.216895	-0.084415	0.018665	0.166068	-0.009392	3.091787	-1.841107	0.326301	2.837515	-0.793784	-0.930700	0.000000	3.241378	1.735194	0.338842	2.223164	0.406399	0.612003	0.000000
-0.616341	1.213259	0.940090	0.021370	0.006280	-0.002571	0.999749	0.024119	0.019870	-0.348350	0.715295	-0.346905	-0.068202	-0.050792	-0.006625	-0.295690	0.650296	-0.351357	0.035971	0.000228	-0.267971	0.710986	-0.206606	-0.929413	0.187938	-0.047254	0.000000	-0.339421	-0.584151	0.252425	-1.231990	-0.565327	-0.148454	0.000000	-0.041653	0.090828	-0.168852	-0.094329	-0.009723	-0.053929	-0.045198	0.046824	-0.208889	-0.084403	0.001933	0.110608	-0.008218	2.673681	-2.136074	0.381902	2.746883	-0.398546	-0.828028	0.000000	2.801857	1.722234	0.517666	2.282399	0.066695	0.650203	0.000000
-0.616457	1.213109	0.939994	0.022000	0.004828	-0.002143	0.999744	0.022891	0.021566	-0.351202	0.713415	-0.347116	-0.069005	-0.052122	-0.005749	-0.299426	0.648767	-0.351648	0.037955	-0.000109	-0.217693	0.666572	-0.198763	-0.875546	0.183234	-0.063468	0.000000	-0.288638	-0.551681	0.264107	-1.186199	-0.566290	-0.136272	0.000000	-0.050580	0.060885	-0.139777	-0.078107	0.001751	-0.030790	-0.054222	0.022857	-0.151435	-0.090879	-0.003655	0.127230	-0.028405	2.296514	-2.195091	0.380370	2.565360	-0.133824	-0.792673	0.000000	2.270391	1.376024	0.650385	2.335900	-0.007008	0.353584	0.000000
-0.616610	1.212963	0.939972	0.022207	0.002931	-0.001712	0.999748	0.022096	0.022306	-0.353942	0.712171	-0.346835	-0.069434	-0.052961	-0.005710	-0.301747	0.646661	-0.351503	0.041060	-0.000908	-0.176110	0.623182	-0.191392	-0.826798	0.182585	-0.078961	0.000000	-0.248605	-0.529110	0.278440	-1.138554	-0.565607	-0.134310	0.000000	-0.016127	-0.008530	-0.142817	-0.049055	0.004427	-0.020281	-0.021546	-0.015608	-0.104924	-0.097682	0.011609	0.136781	-0.038527	1.950083	-2.084953	0.343369	2.433628	-0.091362	-0.695253	0.000000	1.897268	0.940792	0.898202	2.542529	0.208573	-0.070588	0.000000
-0.616728	1.212835	0.939901	0.021581	0.001791	-0.001836	0.999764	0.022246	0.021225	-0.356915	0.711453	-0.346939	-0.069816	-0.052983	-0.006373	-0.303623	0.644860	-0.351184	0.043426	-0.001650	-0.139689	0.583174	-0.185028	-0.778201	0.179580	-0.091278	0.000000	-0.212747	-0.514050	0.300035	-1.084498	-0.557947	-0.139096	0.000000	-0.007182	-0.044292	-0.104506	-0.039583	-0.008605	-0.015374	-0.013506	-0.037678	-0.051992	-0.091818	-0.009587	0.107503	-0.022759	1.749186	-1.882175	0.162023	2.315476	-0.216006	-0.557782	0.000000	1.732261	0.681497	1.253783	2.690122	0.526197	-0.176055	0.000000
-0.617186	1.212581	0.939882	0.021133	0.000664	-0.001755	0.999775	0.021808	0.020534	-0.358122	0.710587	-0.347179	-0.070049	-0.053501	-0.007218	-0.303827	0.642988	-0.351887	0.045360	-0.001818	-0.106143	0.547895	-0.184911	-0.734179	0.173945	-0.101272	0.000000	-0.179315	-0.501850	0.328592	-1.030949	-0.544559	-0.141353	0.000000	-0.020581	-0.051869	-0.094617	-0.037794	0.004305	-0.014653	-0.018311	-0.071891	-0.044386	-0.078514	-0.024948	0.020949	-0.006640	1.642022	-1.759058	-0.163946	2.138188	-0.341796	-0.503282	0.000000	1.496017	0.763771	1.378970	2.620876	0.677079	0.064307	0.000000
-0.617391	1.212268	0.939868	0.020584	-0.000329	-0.001728	0.999787	0.021423	0.019150	-0.360699	0.709941	-0.346766	-0.070402	-0.053716	-0.009249	-0.305398	0.641719	-0.352181	0.044264	-0.001916	-0.074008	0.512812	-0.191586	-0.692673	0.165908	-0.111409	0.000000	-0.152906	-0.483499	0.355193	-0.979663	-0.530864	-0.136523	0.000000	-0.014381	-0.082027	-0.104666	-0.028972	0.011528	-0.014829	-0.008764	-0.112384	-0.049359	-0.059135	-0.021780	-0.031933	-0.020455	1.532869	-1.593915	-0.574582	1.922019	-0.493308	-0.484125	0.000000	1.136438	0.966822	1.047969	2.417511	0.553671	0.261535	0.000000
-0.617767	1.212015	0.939857	0.019428	-0.001024	-0.001765	0.999809	0.021233	0.017253	-0.362308	0.709429	-0.346718	-0.070642	-0.053852	-0.011713	-0.305801	0.640622	-0.352758	0.044083	-0.002637	-0.044828	0.484139	-0.207894	-0.657298	0.154212	-0.120637	0.000000	-0.133857	-0.463177	0.370510	-0.934249	-0.522413	-0.130891	0.000000	0.001275	-0.079973	-0.068522	-0.027840	-0.019293	-0.007635	0.003194	-0.095388	-0.016425	-0.056763	-0.027836	0.003429	-0.012046	1.397450	-1.273471	-0.982440	1.631197	-0.659585	-0.430454	0.000000	0.930756	0.948273	0.639035	2.136050	0.337099	0.205972	0.000000
-0.618167	1.211769	0.939768	0.018442	-0.001950	-0.002028	0.999826	0.021474	0.015951	-0.363440	0.708828	-0.347538	-0.070707	-0.053588	-0.013065	-0.306055	0.639449	-0.353295	0.044401	-0.002398	-0.018110	0.461873	-0.230883	-0.627425	0.139525	-0.128627	0.000000	-0.115676	-0.445568	0.380755	-0.894221	-0.517380	-0.128284	0.000000	0.016092	-0.055683	-0.043924	-0.022030	-0.049444	-0.005476	0.019747	-0.072713	-0.000650	-0.051515	-0.040084	0.005414	0.029648	1.276477	-1.076005	-1.281218	1.449274	-0.848814	-0.422502	0.000000	0.926201	0.879824	0.511814	2.020830	0.260074	0.094268	0.000000
-0.618628	1.211602	0.939645	0.017801	-0.002403	-0.002270	0.999836	0.021877	0.015026	-0.364065	0.708547	-0.348695	-0.070861	-0.053062	-0.014622	-0.305827	0.638562	-0.354361	0.044299	-0.001451	0.006231	0.441099	-0.259143	-0.599327	0.120260	-0.137537	0.000000	-0.096809	-0.427984	0.390983	-0.853415	-0.512010	-0.127120	0.000000	0.024872	-0.056555	-0.030497	-0.015992	-0.065447	-0.001565	0.029195	-0.075449	0.013694	-0.045952	-0.051060	0.003099	0.054214	1.070788	-0.963054	-1.358673	1.251414	-0.937366	-0.446871	0.000000	0.903226	0.843404	0.530230	1.902837	0.280488	0.106257	0.000000
-0.619099	1.211480	0.939527	0.017106	-0.002784	-0.002587	0.999847	0.022469	0.013689	-0.364660	0.708188	-0.350156	-0.070770	-0.052420	-0.016083	-0.305508	0.637610	-0.355337	0.044525	-0.000229	0.024721	0.423351	-0.285230	-0.577369	0.102030	-0.146502	0.000000	-0.079547	-0.411832	0.401964	-0.818107	-0.506160	-0.124034	0.000000	0.024248	-0.054272	-0.031434	-0.039417	-0.062987	-0.008719	0.027288	-0.076896	-0.003916	-0.042275	-0.041073	0.011250	0.054201	0.900809	-0.911891	-1.271988	1.073250	-0.866190	-0.437391	0.000000	0.885034	0.863631	0.618237	1.807249	0.319608	0.256186	0.000000
-0.619414	1.211324	0.939415	0.016138	-0.003595	-0.002958	0.999859	0.022847	0.012855	-0.365323	0.706971	-0.351215	-0.071210	-0.051970	-0.017697	-0.305984	0.636871	-0.356004	0.044749	0.000717	0.042263	0.404623	-0.310022	-0.556397	0.085612	-0.155033	0.000000	-0.061408	-0.393439	0.415713	-0.781125	-0.499225	-0.116873	0.000000	0.022667	-0.038446	-0.012884	-0.061576	-0.061806	-0.017136	0.025247	-0.058103	-0.013554	-0.033289	-0.030504	0.005862	0.047113	0.785411	-0.875635	-1.061998	0.966103	-0.715908	-0.356083	0.000000	0.835705	0.857876	0.674373	1.795040	0.325540	0.363325	0.000000
-0.619860	1.211246	0.939334	0.015793	-0.004037	-0.003189	0.999862	0.023375	0.012151	-0.365175	0.705725	-0.352628	-0.071455	-0.051410	-0.018407	-0.306050	0.636279	-0.356557	0.044760	0.001656	0.056138	0.388326	-0.327710	-0.538725	0.073394	-0.160746	0.000000	-0.046119	-0.377517	0.428939	-0.746306	-0.493139	-0.109501	0.000000	0.028079	-0.018411	0.015937	-0.056556	-0.072218	-0.005483	0.028921	-0.024405	0.007600	-0.032476	-0.027055	0.008832	0.054701	0.689397	-0.835989	-0.808217	0.922927	-0.620528	-0.270500	0.000000	0.775662	0.793579	0.721106	1.928644	0.315684	0.351563	0.000000
-0.620306	1.211145	0.939240	0.015491	-0.004456	-0.003603	0.999864	0.023970	0.012118	-0.364685	0.704708	-0.354104	-0.071429	-0.050813	-0.018674	-0.305680	0.635572	-0.357087	0.045103	0.002905	0.069839	0.371183	-0.342351	-0.519480	0.060791	-0.165853	0.000000	-0.030381	-0.361696	0.444557	-0.703980	-0.486598	-0.102811	0.000000	0.044691	0.012126	0.038178	-0.048466	-0.082371	-0.007660	0.045579	-0.002900	0.027426	-0.034598	-0.035152	0.015497	0.072123	0.593256	-0.747068	-0.579905	0.895725	-0.581777	-0.222292	0.000000	0.685564	0.713021	0.705111	1.990944	0.292028	0.298999	0.000000
-0.620857	1.211286	0.939071	0.015573	-0.004642	-0.004029	0.999860	0.025163	0.012636	-0.363648	0.703786	-0.355923	-0.071762	-0.049587	-0.018523	-0.304953	0.634895	-0.357964	0.045379	0.004540	0.079868	0.358443	-0.350906	-0.502896	0.050123	-0.169637	0.000000	-0.018696	-0.348996	0.457143	-0.666668	-0.481457	-0.097541	0.000000	0.062386	0.000543	0.048836	-0.037311	-0.076171	-0.010205	0.061837	-0.011626	0.053146	-0.037888	-0.043877	0.008274	0.076142	0.493798	-0.720907	-0.334610	1.021171	-0.593462	-0.189278	0.000000	0.557126	0.809258	0.616464	2.213567	0.247761	0.355105	0.000000
-0.621373	1.211481	0.938974	0.015373	-0.004687	-0.004433	0.999861	0.026465	0.012140	-0.362732	0.703216	-0.357151	-0.071837	-0.048340	-0.019139	-0.303554	0.634056	-0.358842	0.045434	0.005951	0.089591	0.342347	-0.355735	-0.478634	0.037053	-0.173424	0.000000	-0.008096	-0.329325	0.469215	-0.615437	-0.476688	-0.088606	0.000000	0.068450	-0.021486	0.063913	-0.040102	-0.074068	-0.015256	0.065951	-0.029752	0.079842	-0.046241	-0.047953	0.009061	0.079987	0.327681	-0.741433	-0.053528	1.217212	-0.566046	-0.089309	0.000000	0.430857	1.031336	0.433291	2.544457	0.146571	0.532015	0.000000
-0.622018	1.211709	0.938853	0.014886	-0.004688	-0.005114	0.999865	0.027901	0.011777	-0.361092	0.702182	-0.358886	-0.072372	-0.046949	-0.019713	-0.301759	0.633045	-0.359882	0.045742	0.007740	0.092975	0.328785	-0.353048	-0.454207	0.027481	-0.173210	0.000000	-0.001462	-0.307742	0.474475	-0.564890	-0.475595	-0.076261	0.000000	0.068478	-0.033794	0.080498	-0.041080	-0.084137	-0.017614	0.065095	-0.042119	0.105499	-0.056526	-0.055009	0.017375	0.087859	0.084152	-0.625971	0.225366	1.203131	-0.394978	0.104937	0.000000	0.334332	1.061272	0.107977	2.514394	-0.053556	0.622604	0.000000
-0.622744	1.211928	0.938758	0.014143	-0.004626	-0.005558	0.999874	0.029204	0.010788	-0.359512	0.701573	-0.360516	-0.072542	-0.045736	-0.020823	-0.299334	0.631795	-0.361042	0.046129	0.009465	0.092957	0.317308	-0.346721	-0.430508	0.021254	-0.169227	0.000000	0.005277	-0.286874	0.473534	-0.514861	-0.478830	-0.063702	0.000000	0.068530	-0.068724	0.059442	-0.025697	-0.067659	-0.009478	0.064814	-0.079776	0.116582	-0.067399	-0.051348	0.039110	0.070067	-0.029300	-0.509260	0.301354	1.086248	-0.241617	0.231045	0.000000	0.303006	0.889561	-0.076171	2.305989	-0.128708	0.545753	0.000000
-0.623243	1.212174	0.938696	0.012910	-0.004543	-0.006212	0.999887	0.030642	0.009028	-0.358714	0.701155	-0.361592	-0.072751	-0.044357	-0.022904	-0.297096	0.630349	-0.361936	0.047306	0.010543	0.091803	0.308415	-0.340993	-0.410757	0.017816	-0.163968	0.000000	0.010658	-0.272160	0.471428	-0.472650	-0.480743	-0.054431	0.000000	0.070481	-0.081068	0.042208	-0.015740	-0.061531	-0.001211	0.065933	-0.078537	0.109367	-0.068642	-0.038958	0.042257	0.063051	-0.066253	-0.428099	0.288234	0.936874	-0.103928	0.265423	0.000000	0.268872	0.647632	-0.094440	2.004841	0.003141	0.421369	0.000000
-0.623740	1.212367	0.938620	0.012407	-0.004441	-0.006672	0.999891	0.032024	0.007546	-0.357824	0.700943	-0.362977	-0.072590	-0.043099	-0.023965	-0.294960	0.629050	-0.362600	0.047819	0.011987	0.090307	0.300184	-0.335191	-0.393033	0.017096	-0.158610	0.000000	0.016032	-0.260969	0.469757	-0.434668	-0.478704	-0.046847	0.000000	0.064889	-0.074163	0.029700	-0.000919	-0.061653	0.012084	0.060959	-0.066397	0.099180	-0.064641	-0.036419	0.030979	0.061931	-0.069695	-0.384459	0.226388	0.803009	-0.007127	0.241453	0.000000	0.276021	0.531314	-0.104021	1.741848	0.160437	0.386988	0.000000
-0.624058	1.212619	0.938530	0.011699	-0.004375	-0.007088	0.999897	0.033238	0.006061	-0.357526	0.701118	-0.364058	-0.072268	-0.041918	-0.025560	-0.293129	0.627764	-0.363392	0.048545	0.013020	0.089015	0.293037	-0.331938	-0.378637	0.017531	-0.154310	0.000000	0.021699	-0.250907	0.467267	-0.402976	-0.474325	-0.038951	0.000000	0.055884	-0.064874	0.016435	0.008178	-0.053804	0.005826	0.053343	-0.072248	0.090863	-0.067590	-0.041746	0.052186	0.039604	-0.074850	-0.344689	0.096973	0.677909	0.028398	0.210869	0.000000	0.254876	0.514439	-0.194561	1.505960	0.209650	0.435935	0.000000
-0.624346	1.212867	0.938428	0.010683	-0.004309	-0.007544	0.999905	0.034259	0.004951	-0.357166	0.701270	-0.365129	-0.072357	-0.040965	-0.026855	-0.291325	0.626346	-0.364270	0.049906	0.013572	0.087313	0.286397	-0.331312	-0.365917	0.018232	-0.150175	0.000000	0.026227	-0.240392	0.461974	-0.374429	-0.470318	-0.029410	0.000000	0.051159	-0.054255	0.027125	-0.001253	-0.060923	-0.017920	0.046160	-0.052174	0.083078	-0.058089	-0.040173	0.042948	0.027820	-0.091834	-0.313040	-0.005582	0.603998	0.037134	0.206024	0.000000	0.174205	0.493462	-0.343664	1.346226	0.150947	0.461105	0.000000
-0.624609	1.213099	0.938327	0.010223	-0.004195	-0.007821	0.999908	0.035284	0.003891	-0.356441	0.701068	-0.366495	-0.072985	-0.040072	-0.027647	-0.289805	0.625440	-0.364999	0.050263	0.014133	0.085342	0.280515	-0.332161	-0.354477	0.019016	-0.146069	0.000000	0.028667	-0.231169	0.453521	-0.349127	-0.468288	-0.020507	0.000000	0.049757	-0.045525	0.039621	-0.013889	-0.064071	-0.030571	0.042913	-0.031417	0.071175	-0.041200	-0.036170	0.027451	0.024570	-0.090790	-0.245306	-0.044638	0.503442	0.033781	0.189680	0.000000	0.088279	0.376466	-0.390732	1.087954	0.074137	0.372594	0.000000
-0.624790	1.213334	0.938252	0.009737	-0.003997	-0.008204	0.999911	0.036249	0.003130	-0.355581	0.700715	-0.367692	-0.073580	-0.039249	-0.028111	-0.288478	0.624698	-0.365717	0.051004	0.014554	0.083681	0.276585	-0.333098	-0.345779	0.019584	-0.142588	0.000000	0.029758	-0.225333	0.446345	-0.330911	-0.467353	-0.014506	0.000000	0.043008	-0.019529	0.040781	-0.016980	-0.049052	-0.031898	0.037834	-0.012935	0.057471	-0.036274	-0.024325	0.036134	0.019746	-0.075613	-0.165652	-0.055943	0.402384	0.011862	0.172149	0.000000	0.045552	0.237419	-0.344170	0.824449	0.032064	0.237892	0.000000
-0.624887	1.213566	0.938218	0.009649	-0.003864	-0.008412	0.999911	0.037004	0.003110	-0.354810	0.700388	-0.368457	-0.074261	-0.038559	-0.028164	-0.287507	0.623989	-0.365972	0.051709	0.014923	0.082317	0.273889	-0.334399	-0.338382	0.019491	-0.139183	0.000000	0.030489	-0.221672	0.439754	-0.316149	-0.467005	-0.010991	0.000000	0.038928	0.023333	0.040361	-0.012170	-0.043475	-0.022294	0.036013	0.023516	0.040021	-0.029457	-0.007804	0.022468	0.023699	-0.067636	-0.130427	-0.069040	0.381359	-0.013789	0.184911	0.000000	0.031303	0.183382	-0.328968	0.728811	0.009759	0.175165	0.000000
-0.624929	1.213809	0.938178	0.010053	-0.003761	-0.008593	0.999906	0.037806	0.004063	-0.353967	0.700228	-0.369431	-0.074472	-0.037808	-0.027171	-0.286877	0.623520	-0.366029	0.051903	0.015502	0.080976	0.271367	-0.335860	-0.330525	0.019032	-0.135191	0.000000	0.031010	-0.217998	0.433186	-0.301759	-0.466962	-0.007500	0.000000	0.036707	0.062778	0.043747	-0.005540	-0.041950	-0.012322	0.035229	0.066338	0.024903	-0.017367	-0.001972	0.003563	0.030591	-0.066883	-0.135133	-0.029813	0.388406	-0.001721	0.197786	0.000000	-0.005670	0.181264	-0.350836	0.667439	-0.030972	0.174826	0.000000
-0.624984	1.214052	0.938168	0.011002	-0.003523	-0.008832	0.999894	0.038473	0.005621	-0.353060	0.700167	-0.370135	-0.074753	-0.037149	-0.025511	-0.286511	0.623295	-0.366051	0.051851	0.016146	0.079642	0.268484	-0.335591	-0.322845	0.019422	-0.131271	0.000000	0.030262	-0.214421	0.425721	-0.289452	-0.468244	-0.003998	0.000000	0.030592	0.076567	0.037839	0.000823	-0.026936	-0.005988	0.031368	0.075801	0.010909	-0.006367	0.007735	-0.003862	0.024812	-0.051146	-0.133326	0.041677	0.326461	0.037254	0.157876	0.000000	-0.040645	0.141145	-0.303256	0.499129	-0.053749	0.146580	0.000000
-0.624925	1.214320	0.938193	0.011601	-0.003349	-0.008960	0.999887	0.039030	0.007126	-0.352453	0.700261	-0.370509	-0.074711	-0.036553	-0.024139	-0.286441	0.623265	-0.365720	0.051749	0.016495	0.078930	0.266034	-0.334193	-0.317466	0.020522	-0.128876	0.000000	0.029384	-0.212352	0.421056	-0.281793	-0.469112	-0.001636	0.000000	0.027280	0.074113	0.021829	0.007874	-0.014883	0.008162	0.029335	0.070143	-0.002307	-0.001778	0.014660	-0.004693	0.017188	-0.026678	-0.127162	0.081687	0.266027	0.064162	0.111054	0.000000	-0.044945	0.089072	-0.199943	0.365753	-0.027900	0.116802	0.000000
-0.624825	1.214557	0.938197	0.012632	-0.003237	-0.009105	0.999874	0.039564	0.008585	-0.352187	0.700482	-0.370731	-0.074427	-0.035976	-0.022705	-0.286603	0.623223	-0.365465	0.051664	0.016834	0.078575	0.263397	-0.332324	-0.312204	0.021989	-0.126829	0.000000	0.028465	-0.210859	0.417723	-0.274822	-0.469360	0.000674	0.000000	0.034579	0.065303	0.011396	0.011119	-0.019911	0.009344	0.035426	0.068178	-0.008029	-0.000477	0.015204	-0.004374	0.013533	-0.001518	-0.128207	0.080378	0.253382	0.071154	0.090851	0.000000	-0.045491	0.055875	-0.131548	0.337237	0.004140	0.109815	0.000000
-0.624685	1.214843	0.938183	0.013065	-0.003127	-0.009316	0.999867	0.040413	0.009738	-0.351998	0.700706	-0.371305	-0.074338	-0.035136	-0.021412	-0.286762	0.623246	-0.365112	0.051574	0.017036	0.078870	0.260906	-0.330977	-0.307331	0.023368	-0.125242	0.000000	0.027565	-0.210117	0.415794	-0.268304	-0.468947	0.002756	0.000000	0.038768	0.064393	0.012217	0.009653	-0.028145	0.003075	0.038808	0.066857	-0.009159	0.001904	0.013302	-0.006499	0.009056	0.023532	-0.122188	0.080889	0.239766	0.077556	0.071887	0.000000	-0.048601	0.025377	-0.091181	0.317884	0.021318	0.099192	0.000000
-0.624565	1.215147	0.938176	0.013999	-0.003015	-0.009533	0.999852	0.041115	0.011161	-0.351698	0.700868	-0.371856	-0.074304	-0.034424	-0.020031	-0.286969	0.623300	-0.364933	0.051404	0.017196	0.079516	0.258510	-0.329088	-0.302614	0.025091	-0.123954	0.000000	0.026521	-0.209843	0.414076	-0.262106	-0.468507	0.004642	0.000000	0.037436	0.073078	0.014206	0.007273	-0.020402	-0.001932	0.038229	0.068106	-0.012963	0.005604	0.016619	-0.009947	0.003226	0.043240	-0.111167	0.108978	0.247505	0.098251	0.062398	0.000000	-0.064603	0.012450	-0.122371	0.300744	-0.001752	0.089937	0.000000
-0.624427	1.215508	0.938206	0.014505	-0.002920	-0.009689	0.999844	0.041911	0.012661	-0.351429	0.700997	-0.372121	-0.074415	-0.033607	-0.018687	-0.287281	0.623470	-0.364447	0.051176	0.017165	0.080599	0.256459	-0.326618	-0.297431	0.027298	-0.122746	0.000000	0.024981	-0.209619	0.410899	-0.256274	-0.469017	0.006354	0.000000	0.034150	0.083576	0.018183	0.000957	-0.022245	-0.003063	0.034752	0.076728	-0.016399	0.006232	0.015747	-0.009787	0.000564	0.051905	-0.094430	0.146692	0.260276	0.124152	0.067668	0.000000	-0.084940	0.005880	-0.193442	0.285689	-0.050357	0.076112	0.000000
-0.624380	1.215786	0.938186	0.015322	-0.002895	-0.009791	0.999831	0.042481	0.014504	-0.350971	0.700906	-0.372746	-0.074426	-0.033034	-0.016961	-0.287625	0.623549	-0.364303	0.051012	0.017218	0.081592	0.254732	-0.323221	-0.292203	0.030057	-0.121247	0.000000	0.023123	-0.209608	0.406338	-0.250679	-0.470522	0.007686	0.000000	0.030122	0.090407	0.037257	-0.008878	-0.039960	-0.008126	0.028975	0.089983	-0.002991	-0.001143	0.001831	0.010811	0.010578	0.042323	-0.077808	0.173976	0.256199	0.140678	0.084600	0.000000	-0.095959	-0.004704	-0.239877	0.271363	-0.088365	0.060486	0.000000
-0.624403	1.216059	0.938145	0.016552	-0.002716	-0.009974	0.999810	0.043116	0.016277	-0.349939	0.700641	-0.373720	-0.074740	-0.032448	-0.015088	-0.287400	0.623424	-0.364374	0.051608	0.017588	0.082292	0.253347	-0.319659	-0.287183	0.032925	-0.119362	0.000000	0.021142	-0.209807	0.401304	-0.245420	-0.472551	0.008773	0.000000	0.027757	0.049355	0.028338	-0.014862	-0.028529	-0.010197	0.023588	0.054847	0.008117	-0.012852	-0.000175	0.029217	-0.004727	0.030825	-0.063874	0.170546	0.244421	0.143158	0.101050	0.000000	-0.101716	-0.016696	-0.252791	0.252058	-0.104775	0.049046	0.000000
-0.624288	1.216358	0.938143	0.016498	-0.002696	-0.010007	0.999810	0.043591	0.016478	-0.349837	0.700312	-0.373887	-0.074834	-0.032090	-0.014768	-0.287300	0.623035	-0.364310	0.052181	0.017029	0.082825	0.252178	-0.316399	-0.282426	0.035783	-0.117205	0.000000	0.019054	-0.210276	0.396226	-0.240596	-0.474713	0.009648	0.000000	0.022855	0.042406	0.028029	-0.016861	-0.029788	-0.018602	0.017582	0.040336	0.014830	-0.021437	-0.009778	0.042582	-0.005266	0.021903	-0.062013	0.180538	0.234051	0.155576	0.110463	0.000000	-0.101060	-0.027095	-0.231130	0.229825	-0.098041	0.045045	0.000000
-0.624402	1.216589	0.938079	0.016929	-0.002642	-0.010063	0.999803	0.044030	0.017973	-0.348818	0.699967	-0.374911	-0.075484	-0.031745	-0.013475	-0.286807	0.622567	-0.364765	0.053312	0.017378	0.083168	0.250867	-0.312438	-0.277821	0.039149	-0.114944	0.000000	0.017100	-0.210891	0.392059	-0.236227	-0.476473	0.010575	0.000000	0.019257	0.068986	0.053120	-0.025928	-0.050987	-0.029385	0.014043	0.065463	0.025234	-0.024064	-0.020612	0.047300	0.021014	0.015515	-0.074586	0.218356	0.231745	0.183791	0.109733	0.000000	-0.085863	-0.029156	-0.174232	0.212770	-0.073108	0.054359	0.000000
-0.624459	1.216825	0.938036	0.017840	-0.002476	-0.010094	0.999787	0.044361	0.019238	-0.347712	0.699275	-0.375927	-0.076010	-0.031528	-0.012149	-0.286291	0.622072	-0.365134	0.054073	0.017870	0.083446	0.249194	-0.307665	-0.273156	0.043135	-0.112816	0.000000	0.015620	-0.211442	0.389257	-0.232086	-0.477637	0.011822	0.000000	0.013109	0.052589	0.043518	-0.030275	-0.035509	-0.017666	0.009841	0.050432	0.019880	-0.022179	-0.013082	0.024993	0.016667	0.009640	-0.090327	0.254768	0.232685	0.211458	0.105356	0.000000	-0.064513	-0.028664	-0.126515	0.208998	-0.051536	0.063420	0.000000
-0.624491	1.217028	0.938026	0.018424	-0.002422	-0.010088	0.999777	0.044554	0.020077	-0.347077	0.698756	-0.376332	-0.076191	-0.031351	-0.011457	-0.286012	0.621680	-0.365288	0.054311	0.018044	0.083554	0.247254	-0.302247	-0.268514	0.047607	-0.110729	0.000000	0.014519	-0.212037	0.386998	-0.227867	-0.478534	0.013112	0.000000	0.010570	0.030069	0.029406	-0.025113	-0.021216	-0.020218	0.009102	0.022807	0.014719	-0.017875	-0.012051	0.011687	0.002815	0.005588	-0.099969	0.258704	0.227430	0.219600	0.101533	0.000000	-0.047988	-0.036534	-0.100760	0.214878	-0.036529	0.057075	0.000000
-0.624536	1.217217	0.938006	0.018556	-0.002400	-0.010068	0.999774	0.044784	0.020441	-0.346536	0.698270	-0.376775	-0.076819	-0.031164	-0.011237	-0.285702	0.621357	-0.365616	0.054540	0.017983	0.083670	0.245195	-0.297317	-0.264059	0.051919	-0.108754	0.000000	0.013700	-0.212904	0.385227	-0.223490	-0.479098	0.014105	0.000000	0.009256	0.013511	0.026394	-0.026068	-0.019816	-0.032579	0.006948	0.006215	0.013829	-0.013699	-0.014002	0.005980	-0.000894	0.006875	-0.103573	0.208451	0.219718	0.200990	0.092543	0.000000	-0.037109	-0.050772	-0.061702	0.215825	-0.009632	0.042361	0.000000
-0.624527	1.217396	0.938013	0.018689	-0.002338	-0.010049	0.999772	0.044924	0.020617	-0.346021	0.697713	-0.377124	-0.077494	-0.031073	-0.011209	-0.285459	0.621132	-0.365848	0.054550	0.018009	0.083829	0.243111	-0.293909	-0.259725	0.055646	-0.107028	0.000000	0.013035	-0.214068	0.384530	-0.219234	-0.478920	0.014806	0.000000	0.001443	0.025560	0.026447	-0.022699	-0.014772	-0.022273	0.000974	0.007514	0.012510	-0.012383	-0.013749	0.007789	0.008283	0.003974	-0.100050	0.144499	0.209165	0.172836	0.086868	0.000000	-0.033499	-0.058480	-0.010338	0.201861	0.025212	0.035550	0.000000
-0.624560	1.217518	0.937993	0.018848	-0.002335	-0.009973	0.999770	0.044842	0.021463	-0.345478	0.697362	-0.377366	-0.077709	-0.031125	-0.010936	-0.285202	0.620862	-0.366166	0.054852	0.018314	0.083829	0.241193	-0.291537	-0.255692	0.058832	-0.105280	0.000000	0.012360	-0.215243	0.384813	-0.215416	-0.478090	0.015527	0.000000	-0.000003	0.015083	0.025590	-0.018971	-0.017844	-0.012195	-0.002364	0.011193	0.017555	-0.013977	-0.017726	0.017181	0.009834	-0.000191	-0.087525	0.086181	0.195395	0.135834	0.090018	0.000000	-0.038867	-0.047985	0.020366	0.173162	0.045529	0.046249	0.000000
-0.624586	1.217651	0.937946	0.018927	-0.002236	-0.009875	0.999770	0.044924	0.021221	-0.344998	0.696954	-0.377838	-0.077982	-0.031168	-0.010761	-0.284757	0.620573	-0.366557	0.055238	0.018402	0.083821	0.239610	-0.290462	-0.251909	0.061080	-0.103427	0.000000	0.011480	-0.215988	0.385345	-0.212307	-0.477099	0.016656	0.000000	0.005391	-0.007776	0.017491	-0.017940	-0.014643	-0.015789	0.000768	-0.003941	0.019495	-0.014926	-0.017497	0.019389	-0.001122	-0.012417	-0.078860	0.023451	0.169543	0.091183	0.089922	0.000000	-0.051775	-0.025929	0.012614	0.138957	0.041222	0.065456	0.000000
-0.624518	1.217819	0.937921	0.018620	-0.002153	-0.009835	0.999776	0.045057	0.021152	-0.344779	0.696644	-0.377952	-0.078341	-0.031095	-0.011094	-0.284422	0.620265	-0.366866	0.055627	0.018269	0.083332	0.238039	-0.290599	-0.248910	0.062480	-0.101683	0.000000	0.010289	-0.216280	0.385318	-0.209858	-0.476441	0.018146	0.000000	0.009436	-0.016298	0.004329	-0.012188	-0.005107	-0.018868	0.007161	-0.025197	0.015368	-0.014633	-0.012961	0.021520	-0.011570	-0.032587	-0.083281	-0.027534	0.126890	0.055018	0.077474	0.000000	-0.069411	-0.008340	-0.030661	0.111137	0.017066	0.076351	0.000000
-0.624386	1.217988	0.937888	0.018304	-0.002112	-0.009836	0.999782	0.045302	0.020569	-0.344825	0.696467	-0.378042	-0.078736	-0.030881	-0.011769	-0.284142	0.619987	-0.367076	0.056099	0.017939	0.082518	0.236278	-0.291563	-0.246833	0.063281	-0.100328	0.000000	0.008704	-0.216321	0.384119	-0.207862	-0.476416	0.019710	0.000000	0.011426	0.007600	0.024015	-0.010411	-0.019006	-0.022821	0.009187	0.001892	0.024145	-0.014637	-0.010559	0.028462	-0.000919	-0.037988	-0.095256	-0.050686	0.092475	0.035241	0.052189	0.000000	-0.088410	-0.002547	-0.095109	0.094127	-0.017210	0.073195	0.000000
-0.624506	1.218116	0.937848	0.018765	-0.001977	-0.009879	0.999773	0.045514	0.021456	-0.343818	0.696228	-0.378712	-0.079254	-0.030727	-0.011018	-0.283456	0.619679	-0.367289	0.056766	0.018232	0.081812	0.234229	-0.292626	-0.245211	0.063889	-0.099595	0.000000	0.006753	-0.216382	0.381513	-0.206093	-0.477129	0.021073	0.000000	0.009352	0.033159	0.047939	-0.013602	-0.026513	-0.025059	0.007542	0.028024	0.030107	-0.006720	-0.010809	0.000178	0.014492	-0.036644	-0.099850	-0.041841	0.078465	0.033387	0.032998	0.000000	-0.101375	-0.009774	-0.153502	0.089880	-0.047720	0.056237	0.000000
-0.624552	1.218258	0.937825	0.018813	-0.001815	-0.009841	0.999773	0.045676	0.021895	-0.342907	0.695923	-0.379103	-0.079739	-0.030580	-0.010648	-0.282938	0.619719	-0.367508	0.056106	0.018519	0.081052	0.232284	-0.293237	-0.243695	0.064616	-0.099008	0.000000	0.004649	-0.216712	0.377979	-0.204267	-0.478325	0.021960	0.000000	0.008353	0.017836	0.044265	-0.011316	-0.013117	-0.024268	0.008201	0.008984	0.033145	-0.001158	-0.009835	-0.014981	0.014326	-0.036607	-0.080414	-0.015033	0.080763	0.038711	0.041177	0.000000	-0.102344	-0.026070	-0.158018	0.089523	-0.050735	0.034522	0.000000
-0.624546	1.218448	0.937823	0.018942	-0.001459	-0.009853	0.999771	0.045848	0.022169	-0.342047	0.695775	-0.379237	-0.080225	-0.030399	-0.010659	-0.282131	0.619633	-0.367682	0.056167	0.018805	0.080348	0.231012	-0.293227	-0.241981	0.065438	-0.097948	0.000000	0.002659	-0.217425	0.375193	-0.202512	-0.479158	0.022454	0.000000	0.010951	0.000562	0.034124	-0.004475	-0.011969	-0.010663	0.009259	-0.002527	0.037070	-0.005807	-0.012933	-0.002118	0.009140	-0.028136	-0.051876	-0.003154	0.092718	0.036579	0.059558	0.000000	-0.090575	-0.041981	-0.087390	0.082152	-0.016022	0.024027	0.000000
-0.624538	1.218633	0.937784	0.018689	-0.001320	-0.009816	0.999776	0.046114	0.021918	-0.341542	0.695744	-0.379582	-0.080165	-0.030209	-0.010749	-0.281455	0.619486	-0.368025	0.056021	0.018884	0.079926	0.230209	-0.293363	-0.239986	0.066079	-0.096626	0.000000	0.001026	-0.218392	0.374483	-0.200981	-0.478966	0.022921	0.000000	0.004885	-0.015058	0.027899	-0.013739	-0.013645	-0.008721	0.001646	-0.011060	0.032025	-0.010620	-0.011935	0.016969	0.006759	-0.018685	-0.035169	-0.007832	0.102822	0.031135	0.069535	0.000000	-0.067432	-0.050804	0.013626	0.073181	0.031271	0.029108	0.000000
-0.624532	1.218719	0.937796	0.018737	-0.001087	-0.009742	0.999776	0.046044	0.021567	-0.340931	0.695226	-0.379783	-0.080573	-0.030333	-0.011101	-0.280850	0.619208	-0.368159	0.056845	0.019076	0.079601	0.229605	-0.293541	-0.237868	0.066683	-0.095167	0.000000	-0.000038	-0.219457	0.375738	-0.199585	-0.477908	0.023619	0.000000	0.000178	-0.011004	0.026023	-0.020529	0.006098	-0.018065	-0.000344	-0.018828	0.024855	-0.007020	-0.005719	0.005370	0.006686	-0.018937	-0.030174	-0.014559	0.100956	0.026663	0.069366	0.000000	-0.054289	-0.053268	0.071517	0.065118	0.056535	0.036748	0.000000
-0.624464	1.218898	0.937826	0.018573	-0.000930	-0.009690	0.999780	0.046121	0.021478	-0.340501	0.694923	-0.379338	-0.080888	-0.030223	-0.011502	-0.280461	0.619206	-0.368254	0.056236	0.019152	0.079169	0.229002	-0.293945	-0.235948	0.067146	-0.093851	0.000000	-0.001146	-0.220522	0.377344	-0.198376	-0.476704	0.024391	0.000000	0.005706	0.001383	0.022116	-0.010444	0.003844	-0.012505	0.005450	-0.004172	0.019038	-0.000980	-0.006615	-0.022712	0.007541	-0.019630	-0.032067	-0.025085	0.091344	0.019609	0.057109	0.000000	-0.059676	-0.056219	0.081306	0.057513	0.062021	0.034538	0.000000
-0.624493	1.219052	0.937802	0.018724	-0.000866	-0.009669	0.999778	0.046272	0.021622	-0.340047	0.694808	-0.379629	-0.081074	-0.030115	-0.011268	-0.280088	0.619169	-0.368424	0.055937	0.019377	0.078815	0.228323	-0.294544	-0.234214	0.067467	-0.092882	0.000000	-0.002425	-0.221706	0.378990	-0.197284	-0.475427	0.025000	0.000000	0.006748	0.016759	0.029869	-0.002529	-0.019897	-0.011961	0.005318	0.011402	0.022402	-0.001247	-0.016098	-0.015174	0.015662	-0.014392	-0.032944	-0.023283	0.087454	0.018596	0.041308	0.000000	-0.067050	-0.059859	0.077926	0.051387	0.062484	0.026883	0.000000
-0.624599	1.219200	0.937747	0.018782	-0.000673	-0.009633	0.999777	0.046391	0.022148	-0.339307	0.694822	-0.380133	-0.081366	-0.030010	-0.011046	-0.279564	0.619156	-0.368898	0.055629	0.019778	0.078593	0.227685	-0.294877	-0.232450	0.067890	-0.092199	0.000000	-0.003828	-0.222917	0.380461	-0.196320	-0.474205	0.025466	0.000000	0.008940	0.013873	0.034011	-0.007741	-0.021653	-0.021243	0.004560	0.001419	0.029311	-0.005294	-0.020260	0.004539	0.016760	-0.009159	-0.025887	-0.005822	0.090304	0.023067	0.034434	0.000000	-0.072172	-0.061152	0.060391	0.045504	0.053938	0.018119	0.000000
-0.624636	1.219374	0.937705	0.018893	-0.000508	-0.009637	0.999775	0.046630	0.022177	-0.338686	0.694498	-0.380495	-0.081923	-0.029933	-0.011211	-0.278916	0.618957	-0.369234	0.056118	0.020048	0.078449	0.227287	-0.294777	-0.230602	0.068390	-0.091505	0.000000	-0.005312	-0.224152	0.381405	-0.195464	-0.473269	0.025725	0.000000	0.000880	0.026634	0.035755	-0.013813	-0.019027	-0.027601	-0.003967	-0.004026	0.034939	-0.018194	-0.020622	0.042551	0.011839	-0.003988	-0.014572	0.004636	0.093302	0.022839	0.035947	0.000000	-0.078563	-0.059637	0.034746	0.038129	0.038292	0.008727	0.000000
-0.624780	1.219459	0.937643	0.018893	-0.000378	-0.009507	0.999776	0.046426	0.023213	-0.337876	0.694269	-0.380895	-0.082470	-0.030169	-0.011207	-0.278167	0.618428	-0.369723	0.057331	0.020252	0.078434	0.227102	-0.294691	-0.228718	0.068803	-0.090761	0.000000	-0.006970	-0.225302	0.381850	-0.194795	-0.472673	0.025815	0.000000	-0.007507	0.022711	0.028753	-0.017971	-0.013781	-0.025350	-0.010897	-0.023052	0.037128	-0.030421	-0.025066	0.059204	0.002494	-0.002161	-0.005805	0.017703	0.089363	0.021402	0.039696	0.000000	-0.080337	-0.049550	0.017937	0.029565	0.023535	0.006509	0.000000
-0.624794	1.219596	0.937606	0.018525	-0.000325	-0.009385	0.999784	0.046329	0.023086	-0.337536	0.693780	-0.381046	-0.082937	-0.030369	-0.012133	-0.277430	0.617740	-0.370237	0.058487	0.020147	0.078363	0.227055	-0.294069	-0.227028	0.069246	-0.089917	0.000000	-0.008525	-0.226134	0.382123	-0.194281	-0.472328	0.025985	0.000000	-0.004216	-0.022529	0.017490	-0.020343	-0.015178	-0.019499	-0.010052	-0.053038	0.043791	-0.034203	-0.030804	0.060411	-0.008219	0.001622	0.002189	0.025355	0.087738	0.019982	0.045333	0.000000	-0.068765	-0.033009	0.018931	0.026366	0.015622	0.012147	0.000000
-0.624886	1.219712	0.937538	0.018112	-0.000236	-0.009251	0.999793	0.046257	0.022312	-0.337177	0.693455	-0.381502	-0.083250	-0.030571	-0.013329	-0.276415	0.617060	-0.370955	0.059747	0.019923	0.078499	0.227189	-0.293677	-0.225208	0.069602	-0.088948	0.000000	-0.009721	-0.226623	0.382608	-0.193741	-0.472048	0.026301	0.000000	-0.025110	-0.044630	0.021593	-0.019214	-0.019495	-0.014173	-0.031119	-0.068407	0.055918	-0.035176	-0.042895	0.069698	0.001134	-0.048396	0.013214	0.080047	0.129560	0.030215	0.090198	0.000000	-0.054926	-0.017419	0.011366	0.032029	0.007928	0.015120	0.000000
-0.624942	1.219839	0.937491	0.017470	-0.000123	-0.008771	0.999809	0.045325	0.021300	-0.336673	0.693011	-0.381826	-0.083504	-0.031614	-0.014870	-0.275194	0.616333	-0.371953	0.061274	0.020193	0.076427	0.227584	-0.290867	-0.221845	0.070455	-0.086309	0.000000	-0.010723	-0.226830	0.382578	-0.193000	-0.472011	0.026590	0.000000	-0.024937	-0.034493	0.038499	-0.021511	-0.029486	-0.021232	-0.032836	-0.054951	0.067312	-0.040950	-0.045069	0.090525	0.015219	-0.115119	0.011833	0.110810	0.160120	0.021087	0.132453	0.000000	-0.040940	-0.009011	-0.000685	0.040564	0.003566	0.013748	0.000000
-0.625179	1.219905	0.937396	0.017318	0.000037	-0.008697	0.999812	0.045260	0.020932	-0.335637	0.692595	-0.382681	-0.084100	-0.031885	-0.015527	-0.273723	0.615422	-0.372758	0.063368	0.020532	0.073894	0.227663	-0.289245	-0.218803	0.070446	-0.083650	0.000000	-0.011358	-0.226983	0.382580	-0.192118	-0.471906	0.026851	0.000000	-0.002534	-0.019206	0.053242	-0.022426	-0.033507	-0.039596	-0.012359	-0.045290	0.079094	-0.047572	-0.043723	0.107552	0.012503	-0.106673	-0.012280	0.060872	0.151440	-0.007949	0.112733	0.000000	-0.025493	-0.004988	0.000320	0.045042	0.008408	0.012270	0.000000
-0.625359	1.220005	0.937327	0.016769	0.000329	-0.008593	0.999823	0.045224	0.020532	-0.334543	0.692114	-0.383166	-0.085088	-0.032108	-0.016681	-0.272030	0.614430	-0.373702	0.065577	0.020693	0.072160	0.227092	-0.288432	-0.215788	0.070137	-0.081800	0.000000	-0.011742	-0.227030	0.382590	-0.191198	-0.471674	0.027081	0.000000	-0.005676	-0.026351	0.049344	-0.023602	-0.025173	-0.038521	-0.015620	-0.050538	0.081310	-0.048085	-0.037555	0.098998	0.008134	-0.071128	-0.036704	0.028535	0.151214	-0.020867	0.078259	0.000000	-0.014824	0.002353	-0.001846	0.046454	0.014302	0.011929	0.000000
-0.625487	1.220098	0.937282	0.016502	0.000532	-0.008450	0.999828	0.045033	0.019878	-0.333663	0.691651	-0.383688	-0.085641	-0.032509	-0.017548	-0.270470	0.613498	-0.374260	0.067328	0.020857	0.071049	0.226194	-0.288103	-0.212755	0.069611	-0.080519	0.000000	-0.011951	-0.226889	0.382506	-0.190260	-0.471334	0.027328	0.000000	-0.008818	-0.026230	0.047144	-0.019990	-0.025083	-0.027315	-0.017445	-0.038751	0.075444	-0.040336	-0.030430	0.073960	0.004898	-0.047390	-0.045923	0.018141	0.152420	-0.023965	0.060390	0.000000	-0.005886	0.013898	-0.013931	0.048804	0.013040	0.013652	0.000000
-0.625649	1.220152	0.937223	0.016200	0.000699	-0.008359	0.999834	0.044871	0.019483	-0.332657	0.691314	-0.384170	-0.086181	-0.032806	-0.018231	-0.269012	0.612817	-0.374919	0.068535	0.020889	0.070264	0.225255	-0.287706	-0.209691	0.069178	-0.079384	0.000000	-0.011978	-0.226474	0.382033	-0.189246	-0.471153	0.027627	0.000000	-0.006718	-0.014401	0.051137	-0.017934	-0.022118	-0.031151	-0.012216	-0.034156	0.071352	-0.033180	-0.030079	0.061213	0.000658	-0.030133	-0.047994	0.028001	0.153726	-0.016926	0.054359	0.000000	0.001989	0.029711	-0.031293	0.052121	0.004772	0.018326	0.000000
-0.625792	1.220198	0.937208	0.015670	0.001053	-0.008240	0.999843	0.044764	0.019302	-0.331618	0.690933	-0.384573	-0.086887	-0.032998	-0.018914	-0.267616	0.612171	-0.375463	0.069777	0.020884	0.069843	0.224275	-0.286983	-0.206606	0.068934	-0.078345	0.000000	-0.011872	-0.225700	0.381255	-0.188175	-0.471143	0.028061	0.000000	-0.009504	0.002969	0.044182	-0.019798	-0.014311	-0.023863	-0.012635	-0.015985	0.048540	-0.022039	-0.016716	0.023509	-0.001515	-0.011896	-0.048752	0.033404	0.153634	-0.013886	0.049824	0.000000	-0.000265	0.043558	-0.042669	0.049081	-0.002718	0.023586	0.000000
-0.625927	1.220178	0.937215	0.015549	0.001138	-0.008134	0.999845	0.044491	0.019602	-0.330890	0.690522	-0.384742	-0.087135	-0.033311	-0.018871	-0.267071	0.611935	-0.375588	0.069475	0.020828	0.069788	0.223305	-0.286370	-0.203545	0.068623	-0.077391	0.000000	-0.011988	-0.224732	0.380326	-0.187283	-0.471262	0.028570	0.000000	-0.010087	0.014107	0.030119	-0.016692	-0.008117	-0.005661	-0.010741	-0.002459	0.023571	-0.008292	-0.003435	-0.008686	-0.005081	0.000198	-0.047065	0.023046	0.144481	-0.018007	0.047975	0.000000	-0.013865	0.049218	-0.039558	0.036941	-0.002877	0.025962	0.000000
-0.625932	1.220212	0.937226	0.015560	0.001273	-0.008031	0.999846	0.044361	0.019867	-0.330413	0.690266	-0.384897	-0.087113	-0.033428	-0.019013	-0.266673	0.611839	-0.375600	0.069429	0.020680	0.069851	0.222392	-0.286061	-0.200826	0.068214	-0.076426	0.000000	-0.012426	-0.223732	0.379672	-0.186697	-0.471258	0.029100	0.000000	-0.002389	0.012760	0.020898	-0.009765	-0.010574	-0.003692	-0.002739	0.000497	0.016603	-0.003926	-0.002746	-0.003024	-0.014902	0.013125	-0.048728	0.009371	0.129654	-0.021104	0.042435	0.000000	-0.032266	0.049088	-0.024568	0.021399	0.004651	0.025594	0.000000
-0.625978	1.220224	0.937196	0.015709	0.001330	-0.008030	0.999844	0.044395	0.020112	-0.330054	0.690132	-0.385165	-0.087283	-0.033421	-0.018851	-0.266407	0.611778	-0.375697	0.069354	0.020232	0.070313	0.221356	-0.285995	-0.198359	0.067779	-0.075694	0.000000	-0.013279	-0.222768	0.379344	-0.186427	-0.471076	0.029594	0.000000	0.002654	-0.001344	0.008185	-0.003956	0.000086	-0.008521	0.001764	-0.008919	0.011113	-0.004265	-0.005101	0.003025	-0.029465	0.031249	-0.051180	-0.004794	0.120160	-0.022548	0.032222	0.000000	-0.050917	0.048996	-0.010914	0.006635	0.011850	0.024171	0.000000
-0.625888	1.220302	0.937214	0.015494	0.001393	-0.008019	0.999847	0.044467	0.019813	-0.330085	0.690108	-0.384894	-0.087454	-0.033357	-0.019370	-0.266229	0.611669	-0.375804	0.069550	0.019502	0.071101	0.220345	-0.286253	-0.196020	0.067312	-0.075137	0.000000	-0.014463	-0.221772	0.379236	-0.186432	-0.470784	0.030066	0.000000	0.000452	-0.004640	0.000888	0.002223	0.010989	-0.002345	0.000054	-0.014455	0.008803	-0.003739	-0.000530	0.003844	-0.030634	0.043323	-0.049135	-0.010676	0.114400	-0.020117	0.024686	0.000000	-0.062821	0.049175	0.005849	-0.006734	0.020781	0.023341	0.000000
-0.625895	1.220332	0.937228	0.015400	0.001467	-0.007983	0.999849	0.044413	0.019927	-0.330018	0.690221	-0.384726	-0.087377	-0.033419	-0.019429	-0.266054	0.611629	-0.375719	0.069508	0.019007	0.072046	0.219391	-0.286422	-0.193783	0.066974	-0.074706	0.000000	-0.015792	-0.220801	0.379578	-0.186696	-0.470244	0.030528	0.000000	-0.003748	0.016285	0.006575	0.005786	0.002900	0.005315	-0.003835	0.008294	0.006494	-0.001748	0.000911	-0.001379	-0.015547	0.045640	-0.046278	-0.005084	0.107389	-0.014562	0.019432	0.000000	-0.063645	0.046872	0.029953	-0.013648	0.032460	0.022207	0.000000
-0.626002	1.220315	0.937229	0.015518	0.001458	-0.007946	0.999847	0.044317	0.020464	-0.329822	0.690339	-0.384778	-0.087241	-0.033510	-0.019038	-0.265969	0.611599	-0.375768	0.069495	0.018880	0.072927	0.218494	-0.286456	-0.191725	0.066729	-0.074360	0.000000	-0.017009	-0.219897	0.380434	-0.186978	-0.469485	0.030955	0.000000	-0.004711	0.024198	0.007519	0.002275	-0.000753	0.006486	-0.003707	0.021186	0.000220	0.001527	-0.003886	-0.009277	-0.005438	0.041435	-0.043127	-0.002989	0.098570	-0.014507	0.015097	0.000000	-0.056456	0.043724	0.054620	-0.011838	0.040212	0.019807	0.000000
-0.626069	1.220293	0.937252	0.015969	0.001468	-0.007912	0.999840	0.044225	0.020894	-0.329718	0.690312	-0.384756	-0.087117	-0.033567	-0.018582	-0.266046	0.611690	-0.375874	0.069137	0.018789	0.073704	0.217666	-0.286542	-0.189840	0.066394	-0.074103	0.000000	-0.018050	-0.219052	0.381762	-0.187170	-0.468636	0.031320	0.000000	-0.004111	0.004192	-0.005800	0.001603	0.011066	0.004824	-0.002174	0.000197	-0.006294	0.004683	-0.001095	-0.015491	-0.003808	0.029291	-0.037587	-0.001972	0.086548	-0.014176	0.012427	0.000000	-0.051258	0.044130	0.061999	-0.008448	0.037339	0.017459	0.000000
-0.626058	1.220311	0.937280	0.015661	0.001419	-0.007878	0.999845	0.044153	0.020632	-0.330054	0.690403	-0.384335	-0.087048	-0.033597	-0.019030	-0.266221	0.611786	-0.375812	0.068876	0.018728	0.074098	0.216990	-0.286535	-0.188263	0.066162	-0.073863	0.000000	-0.019059	-0.218132	0.382914	-0.187316	-0.467992	0.031653	0.000000	-0.003077	-0.007048	-0.025947	0.004135	0.017770	0.002944	-0.001500	-0.016178	-0.019697	0.001304	0.003104	0.001957	0.004422	0.008263	-0.028668	0.010512	0.072909	-0.005424	0.014906	0.000000	-0.048322	0.045317	0.059904	-0.005614	0.030795	0.015585	0.000000
-0.626001	1.220315	0.937285	0.015782	0.001242	-0.007843	0.999844	0.044102	0.020613	-0.330756	0.690477	-0.384045	-0.086999	-0.033627	-0.019229	-0.266834	0.611742	-0.375750	0.069215	0.018966	0.074034	0.216519	-0.286121	-0.186924	0.066177	-0.073506	0.000000	-0.019983	-0.217239	0.384159	-0.187394	-0.467404	0.031943	0.000000	-0.003716	0.002486	-0.036100	0.002158	0.015494	-0.000080	-0.003281	-0.003222	-0.034006	-0.001106	0.009664	0.013348	0.016954	-0.017811	-0.014538	0.030144	0.058319	-0.000216	0.024920	0.000000	-0.038966	0.041438	0.066762	0.002845	0.030161	0.011232	0.000000
-0.625954	1.220317	0.937333	0.015851	0.000980	-0.007802	0.999844	0.044004	0.020731	-0.331498	0.690489	-0.383716	-0.087052	-0.033729	-0.019159	-0.267581	0.611742	-0.375425	0.069409	0.019406	0.073386	0.216409	-0.285330	-0.185930	0.066154	-0.072866	0.000000	-0.020618	-0.216474	0.385584	-0.187202	-0.466785	0.032102	0.000000	-0.003396	0.007435	-0.040071	-0.002453	0.014573	-0.008103	-0.002461	-0.003043	-0.043127	0.001496	0.009384	0.012111	0.020326	-0.038491	-0.001374	0.038277	0.045377	-0.003302	0.034058	0.000000	-0.026577	0.035751	0.081305	0.013535	0.035231	0.007385	0.000000
-0.625840	1.220334	0.937314	0.016018	0.000691	-0.007757	0.999841	0.043966	0.020910	-0.332358	0.690379	-0.383462	-0.087324	-0.033725	-0.019351	-0.268559	0.611802	-0.375375	0.069700	0.019779	0.072495	0.216464	-0.284590	-0.185109	0.066045	-0.072144	0.000000	-0.021046	-0.215809	0.387411	-0.186853	-0.465995	0.032239	0.000000	0.000830	0.009741	-0.035044	-0.005138	-0.000121	-0.011150	0.001445	-0.002609	-0.041918	0.000785	0.000379	0.019347	0.023940	-0.048937	0.004844	0.035889	0.037772	-0.004675	0.036434	0.000000	-0.015818	0.030706	0.099708	0.020766	0.042125	0.006678	0.000000
-0.625810	1.220333	0.937265	0.016032	0.000406	-0.007779	0.999841	0.044037	0.021121	-0.332900	0.690284	-0.383720	-0.087498	-0.033671	-0.019263	-0.269258	0.611773	-0.375410	0.070183	0.020363	0.071429	0.216602	-0.283894	-0.184419	0.065967	-0.071408	0.000000	-0.021251	-0.215246	0.389573	-0.186371	-0.465100	0.032369	0.000000	0.000417	0.017764	-0.028028	-0.008327	-0.003691	-0.013168	0.001028	0.002370	-0.039012	0.001681	0.006708	0.013563	0.025605	-0.057732	0.007823	0.026990	0.029257	-0.004883	0.035674	0.000000	-0.008131	0.024455	0.115588	0.025512	0.047833	0.006178	0.000000
-0.625695	1.220346	0.937268	0.016041	0.000215	-0.007785	0.999841	0.043983	0.021621	-0.333479	0.690046	-0.383610	-0.087850	-0.033684	-0.019256	-0.270119	0.611869	-0.375106	0.070242	0.020803	0.070185	0.216777	-0.283511	-0.183939	0.065849	-0.070717	0.000000	-0.021371	-0.214831	0.392034	-0.185833	-0.464081	0.032486	0.000000	-0.001467	0.007056	-0.039380	-0.016184	0.006430	-0.016351	-0.001590	-0.004656	-0.051193	0.004309	0.011275	0.007413	0.012522	-0.062955	0.006322	0.002798	0.018563	-0.008565	0.029164	0.000000	-0.010347	0.017219	0.117246	0.025202	0.047936	0.004581	0.000000
-0.625617	1.220350	0.937264	0.015976	-0.000053	-0.007745	0.999842	0.043978	0.021403	-0.334475	0.689637	-0.383463	-0.088152	-0.033734	-0.019449	-0.271306	0.611946	-0.374959	0.070480	0.020864	0.068910	0.216855	-0.283782	-0.183676	0.065624	-0.070242	0.000000	-0.021664	-0.214557	0.394263	-0.185363	-0.463183	0.032553	0.000000	0.000303	-0.010149	-0.043440	-0.016500	0.002698	-0.014984	-0.001001	-0.017342	-0.048862	0.001495	0.004423	0.027699	0.004436	-0.068308	0.004800	-0.009196	0.008011	-0.005067	0.023755	0.000000	-0.019585	0.011399	0.091687	0.021465	0.034577	0.001169	0.000000
-0.625571	1.220350	0.937217	0.015764	-0.000521	-0.007745	0.999846	0.043995	0.021215	-0.335217	0.689386	-0.383502	-0.088450	-0.033724	-0.019949	-0.272074	0.611929	-0.374929	0.071350	0.020981	0.067453	0.216969	-0.283879	-0.183618	0.065647	-0.069767	0.000000	-0.022155	-0.214375	0.395702	-0.184974	-0.462698	0.032533	0.000000	0.000857	-0.022080	-0.041094	-0.012369	0.004774	-0.016643	0.000396	-0.040591	-0.035042	-0.001575	0.004533	0.037937	-0.005008	-0.070071	0.010912	-0.005454	0.009332	0.001992	0.028064	0.000000	-0.025188	0.007078	0.055175	0.019403	0.016700	-0.002807	0.000000
-0.625477	1.220372	0.937212	0.015415	-0.000759	-0.007739	0.999851	0.044013	0.020520	-0.336119	0.689142	-0.383272	-0.088817	-0.033719	-0.021073	-0.272707	0.611883	-0.374778	0.071997	0.020664	0.066108	0.217292	-0.284000	-0.183303	0.065704	-0.069119	0.000000	-0.022672	-0.214274	0.396470	-0.184587	-0.462515	0.032440	0.000000	0.001268	-0.023818	-0.032502	-0.010504	-0.000622	-0.011867	-0.000417	-0.038894	-0.027508	0.002967	0.004809	0.014357	-0.011419	-0.063048	0.018599	-0.010145	0.024877	0.004417	0.036396	0.000000	-0.020912	0.001571	0.039206	0.021919	0.012755	-0.006625	0.000000
-0.625518	1.220335	0.937172	0.015064	-0.001035	-0.007765	0.999856	0.044045	0.020262	-0.336517	0.688966	-0.383527	-0.088924	-0.033741	-0.021505	-0.273174	0.612048	-0.374737	0.071925	0.020524	0.064931	0.217713	-0.284284	-0.182623	0.065823	-0.068311	0.000000	-0.022991	-0.214312	0.397270	-0.184097	-0.462188	0.032268	0.000000	0.003634	-0.034986	-0.027841	-0.009346	-0.003389	-0.012051	0.001012	-0.047648	-0.018984	0.002089	-0.003443	0.024056	-0.015663	-0.056569	0.019278	-0.021262	0.033884	0.006695	0.040382	0.000000	-0.010230	-0.001809	0.042180	0.026942	0.019725	-0.007780	0.000000
-0.625499	1.220377	0.937158	0.014400	-0.001209	-0.007804	0.999865	0.044158	0.019121	-0.337233	0.688768	-0.383408	-0.089299	-0.033678	-0.022979	-0.273467	0.611966	-0.374915	0.072960	0.020037	0.063845	0.218063	-0.284851	-0.181948	0.065972	-0.067504	0.000000	-0.023081	-0.214347	0.398157	-0.183509	-0.461726	0.032129	0.000000	0.001226	-0.051541	-0.029897	-0.007620	-0.000229	-0.015372	-0.002614	-0.067340	-0.002517	-0.013494	-0.012004	0.073720	-0.022916	-0.052830	0.012464	-0.035252	0.030600	0.008093	0.035688	0.000000	-0.001185	-0.000246	0.039106	0.029728	0.020850	-0.004316	0.000000
-0.625526	1.220359	0.937108	0.013723	-0.001409	-0.007776	0.999875	0.044094	0.018200	-0.337713	0.688661	-0.383536	-0.089539	-0.033845	-0.024199	-0.273275	0.611508	-0.375217	0.074873	0.019607	0.062818	0.218212	-0.285694	-0.181399	0.066147	-0.066883	0.000000	-0.023038	-0.214322	0.398834	-0.182908	-0.461354	0.032095	0.000000	-0.001436	-0.054410	-0.019449	-0.007415	-0.012735	-0.020769	-0.006817	-0.064850	0.013256	-0.018780	-0.021258	0.069727	-0.026570	-0.052739	0.002832	-0.052243	0.018246	0.005267	0.024879	0.000000	0.005066	0.002250	0.013701	0.031716	0.008160	-0.000707	0.000000
-0.625628	1.220347	0.937024	0.013138	-0.001520	-0.007766	0.999883	0.044101	0.016944	-0.338011	0.688471	-0.383917	-0.090130	-0.033951	-0.025573	-0.272936	0.611215	-0.375766	0.075749	0.018975	0.061735	0.218176	-0.286940	-0.181218	0.066182	-0.066509	0.000000	-0.022878	-0.214257	0.398705	-0.182241	-0.461400	0.032101	0.000000	-0.001989	-0.055299	-0.006187	-0.007984	-0.017647	-0.021315	-0.006154	-0.062566	0.021312	-0.012980	-0.026394	0.045915	-0.020221	-0.056393	-0.006334	-0.057605	0.002433	0.002726	0.012593	0.000000	0.012505	0.001239	-0.019132	0.036532	-0.007413	-0.001257	0.000000
-0.625768	1.220347	0.936971	0.012728	-0.001531	-0.007753	0.999888	0.044015	0.015988	-0.337961	0.688342	-0.384242	-0.090392	-0.034092	-0.026701	-0.272422	0.610989	-0.376273	0.076710	0.018799	0.060562	0.217958	-0.287999	-0.181302	0.066256	-0.066380	0.000000	-0.022538	-0.214273	0.398069	-0.181447	-0.461651	0.032045	0.000000	-0.005389	-0.052689	-0.008242	-0.007167	-0.005443	-0.016649	-0.007496	-0.063734	0.016483	-0.011574	-0.019979	0.040049	-0.016791	-0.056522	-0.012277	-0.046510	-0.005112	0.007881	0.003932	0.000000	0.018514	-0.003800	-0.041507	0.042963	-0.014162	-0.005941	0.000000
-0.625817	1.220353	0.936935	0.011823	-0.001684	-0.007666	0.999899	0.043885	0.014837	-0.338340	0.688185	-0.384135	-0.090796	-0.034251	-0.028122	-0.272277	0.610752	-0.376565	0.077351	0.018303	0.059474	0.217685	-0.288801	-0.181422	0.066497	-0.066352	0.000000	-0.022138	-0.214409	0.397045	-0.180522	-0.461966	0.031863	0.000000	-0.002316	-0.039213	-0.003731	-0.007996	-0.006949	-0.016968	-0.004785	-0.043285	0.011260	-0.006516	-0.017345	0.018400	-0.011929	-0.052639	-0.013046	-0.026060	-0.005837	0.017441	0.001960	0.000000	0.023956	-0.005462	-0.044656	0.046336	-0.010972	-0.007010	0.000000
-0.625952	1.220360	0.936903	0.011741	-0.001692	-0.007657	0.999900	0.043922	0.014420	-0.338110	0.688022	-0.384520	-0.091071	-0.034283	-0.028433	-0.271972	0.610728	-0.376967	0.077446	0.018321	0.058457	0.217436	-0.289041	-0.181535	0.066954	-0.066301	0.000000	-0.021580	-0.214491	0.396283	-0.179593	-0.462090	0.031764	0.000000	0.000728	-0.002673	0.024294	-0.008924	-0.023022	-0.013238	-0.001560	-0.002830	0.017997	0.000452	-0.015415	-0.000632	0.009268	-0.050114	-0.010926	-0.010776	-0.003660	0.025279	0.005069	0.000000	0.031627	-0.000350	-0.032132	0.045564	-0.004101	0.000456	0.000000
-0.626150	1.220353	0.936884	0.011505	-0.001623	-0.007657	0.999903	0.043914	0.014730	-0.337369	0.687828	-0.385056	-0.091326	-0.034313	-0.028236	-0.271557	0.610770	-0.377182	0.077325	0.018674	0.057470	0.217248	-0.289232	-0.181569	0.067509	-0.066149	0.000000	-0.020873	-0.214423	0.395759	-0.178700	-0.462130	0.031882	0.000000	0.000839	0.003521	0.024984	-0.007455	-0.010192	-0.009572	-0.000543	-0.000242	0.018436	-0.000376	-0.004904	-0.002884	0.007617	-0.048267	-0.012528	-0.006904	-0.008802	0.027619	0.005534	0.000000	0.035598	0.003800	-0.031067	0.044550	-0.004713	0.006707	0.000000
-0.626229	1.220393	0.936915	0.011666	-0.001556	-0.007642	0.999902	0.043956	0.014561	-0.337110	0.687724	-0.384927	-0.091453	-0.034305	-0.028443	-0.271234	0.610713	-0.377163	0.077331	0.018626	0.056526	0.216935	-0.289317	-0.181887	0.068058	-0.066080	0.000000	-0.020156	-0.214339	0.395040	-0.177811	-0.462278	0.032033	0.000000	0.001783	-0.007177	0.016635	-0.002405	0.004402	-0.003812	0.001231	-0.012075	0.021690	-0.003573	-0.000129	-0.000804	-0.006984	-0.038113	-0.016700	-0.006600	-0.015999	0.023912	0.000504	0.000000	0.035294	0.004703	-0.043533	0.045628	-0.010610	0.006746	0.000000
-0.626334	1.220431	0.936938	0.011588	-0.001461	-0.007657	0.999903	0.043985	0.014443	-0.336703	0.687731	-0.384880	-0.091478	-0.034264	-0.028719	-0.270690	0.610627	-0.377187	0.077293	0.018394	0.055945	0.216580	-0.289496	-0.182209	0.068465	-0.066129	0.000000	-0.019461	-0.214234	0.394018	-0.176875	-0.462554	0.032151	0.000000	0.002054	0.006365	0.031322	0.002640	-0.010910	0.001243	0.002268	-0.001818	0.033758	-0.003628	-0.008398	-0.007312	-0.007720	-0.019448	-0.018493	-0.011993	-0.008804	0.019876	-0.004357	0.000000	0.032615	0.006348	-0.054312	0.044779	-0.013965	0.006903	0.000000
-0.626556	1.220437	0.936922	0.011654	-0.001249	-0.007679	0.999902	0.044038	0.014815	-0.335858	0.687829	-0.385364	-0.091404	-0.034214	-0.028515	-0.269884	0.610568	-0.377499	0.077038	0.018317	0.055748	0.216196	-0.289797	-0.182240	0.068853	-0.066254	0.000000	-0.018851	-0.214085	0.392868	-0.176020	-0.462837	0.032309	0.000000	-0.001416	0.016723	0.043784	0.005369	-0.020513	0.011901	-0.001519	0.013863	0.042100	-0.002839	-0.013614	-0.012475	0.004012	-0.007535	-0.017818	-0.007532	0.002070	0.022633	-0.002928	0.000000	0.027164	0.007752	-0.058052	0.037595	-0.012999	0.009674	0.000000
-0.626805	1.220428	0.936932	0.011967	-0.001083	-0.007650	0.999899	0.043929	0.015112	-0.334952	0.687946	-0.385700	-0.091002	-0.034325	-0.028164	-0.269006	0.610514	-0.377731	0.076794	0.018555	0.055644	0.215867	-0.289797	-0.182126	0.069370	-0.066246	0.000000	-0.018374	-0.213924	0.391696	-0.175371	-0.463074	0.032538	0.000000	-0.001677	-0.003784	0.030255	0.005031	-0.008460	0.015526	-0.001558	-0.003698	0.039970	-0.006637	-0.013738	-0.005851	-0.004787	-0.003299	-0.015176	-0.006608	0.006614	0.022577	0.001854	0.000000	0.021388	0.008142	-0.054313	0.026650	-0.008590	0.013096	0.000000
-0.626883	1.220474	0.936911	0.011856	-0.000953	-0.007633	0.999900	0.043971	0.014664	-0.334647	0.688031	-0.385702	-0.090783	-0.034276	-0.028663	-0.268285	0.610302	-0.378048	0.076804	0.018126	0.055616	0.215588	-0.290061	-0.181975	0.069757	-0.066180	0.000000	-0.017996	-0.213760	0.390695	-0.174954	-0.463180	0.032833	0.000000	-0.001215	-0.002784	0.033814	0.009510	-0.010512	0.008619	-0.001118	-0.006623	0.045383	-0.005485	-0.017165	-0.009674	-0.012478	0.000655	-0.015565	-0.012445	0.004859	0.017208	0.002641	0.000000	0.019119	0.007340	-0.040496	0.016970	0.000685	0.015408	0.000000
-0.627216	1.220465	0.936912	0.011910	-0.000666	-0.007620	0.999900	0.043880	0.015000	-0.333599	0.688327	-0.386121	-0.090657	-0.034369	-0.028429	-0.267190	0.610294	-0.378418	0.076407	0.018056	0.055670	0.215245	-0.290295	-0.181932	0.070059	-0.066140	0.000000	-0.017610	-0.213631	0.390076	-0.174692	-0.463047	0.033155	0.000000	-0.004991	0.006462	0.045616	0.014603	-0.017982	0.011671	-0.005007	0.001484	0.052815	-0.002326	-0.018975	-0.018258	-0.007393	0.004653	-0.017376	-0.013819	0.003604	0.012906	0.001017	0.000000	0.020871	0.007978	-0.030550	0.012862	0.007737	0.017078	0.000000
-0.627449	1.220473	0.936899	0.011537	-0.000503	-0.007597	0.999904	0.043771	0.014922	-0.332823	0.688615	-0.386421	-0.090316	-0.034477	-0.028604	-0.266172	0.610209	-0.378807	0.076074	0.017830	0.055802	0.214893	-0.290614	-0.181831	0.070273	-0.066139	0.000000	-0.017161	-0.213441	0.389473	-0.174440	-0.462871	0.033516	0.000000	-0.004963	-0.003880	0.043432	0.011554	-0.016839	0.007592	-0.006598	-0.009142	0.058196	-0.009041	-0.024883	0.005161	-0.011185	0.010146	-0.017023	-0.010500	0.010625	0.014036	0.001081	0.000000	0.023238	0.011471	-0.031665	0.012396	0.007901	0.019321	0.000000
-0.627699	1.220464	0.936874	0.011607	-0.000137	-0.007533	0.999904	0.043682	0.014845	-0.331862	0.688789	-0.386794	-0.090354	-0.034633	-0.028795	-0.264862	0.609933	-0.379413	0.076614	0.017608	0.056076	0.214564	-0.290715	-0.181507	0.070620	-0.066097	0.000000	-0.016680	-0.213172	0.388809	-0.174196	-0.462731	0.033927	0.000000	-0.006309	-0.006027	0.039899	0.005597	-0.014284	0.005041	-0.008142	-0.009191	0.052499	-0.010724	-0.019843	0.005450	-0.015306	0.015382	-0.013467	-0.005569	0.019085	0.015349	0.004845	0.000000	0.020853	0.013309	-0.038043	0.010345	0.004498	0.019171	0.000000
-0.627914	1.220436	0.936886	0.011556	0.000022	-0.007486	0.999905	0.043519	0.014681	-0.331227	0.688839	-0.386993	-0.090114	-0.034802	-0.028971	-0.264073	0.609780	-0.379601	0.076292	0.017218	0.056417	0.214355	-0.290837	-0.181067	0.070887	-0.065946	0.000000	-0.016327	-0.212908	0.387951	-0.174026	-0.462691	0.034282	0.000000	-0.009143	0.012474	0.029787	0.000058	-0.012679	0.008823	-0.009096	0.011162	0.023670	0.000167	-0.005303	-0.030770	-0.008144	0.017107	-0.006584	-0.014263	0.023944	0.008266	0.011228	0.000000	0.013404	0.010238	-0.039908	0.008133	0.002583	0.013099	0.000000
-0.628125	1.220353	0.936879	0.011889	0.000036	-0.007440	0.999902	0.043316	0.015344	-0.330671	0.688791	-0.387301	-0.090001	-0.034997	-0.028348	-0.263916	0.609940	-0.379625	0.075383	0.017283	0.056760	0.214300	-0.291285	-0.180549	0.070951	-0.065648	0.000000	-0.016144	-0.212762	0.387213	-0.173871	-0.462628	0.034451	0.000000	-0.011668	0.009228	0.016968	-0.000198	-0.004846	0.002387	-0.010688	0.001844	0.007284	0.009660	-0.008739	-0.036258	-0.005988	0.010537	-0.002276	-0.027593	0.017151	-0.001846	0.015177	0.000000	0.008197	0.005664	-0.035340	0.007707	0.002673	0.004710	0.000000
-0.628242	1.220293	0.936871	0.011740	0.000043	-0.007347	0.999904	0.043052	0.015050	-0.330548	0.688831	-0.387187	-0.090019	-0.035230	-0.028898	-0.263781	0.610167	-0.379951	0.074841	0.016978	0.056839	0.214264	-0.291941	-0.180381	0.070813	-0.065339	0.000000	-0.015999	-0.212682	0.386538	-0.173718	-0.462584	0.034471	0.000000	-0.010993	0.004766	0.017930	-0.000857	-0.010519	0.003416	-0.011546	0.001472	0.010859	0.006914	-0.012993	-0.009294	-0.002301	0.001456	-0.004467	-0.020973	0.003797	-0.004185	0.012720	0.000000	0.007277	0.004335	-0.027253	0.006321	0.003573	0.000110	0.000000
-0.628447	1.220224	0.936851	0.012191	0.000096	-0.007285	0.999899	0.042876	0.015535	-0.329953	0.688757	-0.387722	-0.089864	-0.035459	-0.028289	-0.263481	0.610216	-0.380145	0.075011	0.017191	0.056818	0.214122	-0.292124	-0.180397	0.070783	-0.065139	0.000000	-0.015853	-0.212589	0.386123	-0.173618	-0.462485	0.034456	0.000000	-0.009065	0.016533	0.019813	-0.004603	-0.012015	-0.000388	-0.009761	0.014171	0.008627	0.000887	-0.004874	0.001711	0.001699	-0.000632	-0.005668	-0.006031	0.000598	0.001026	0.009169	0.000000	0.006207	0.007566	-0.019992	0.002642	0.003916	0.001010	0.000000
-0.628580	1.220166	0.936856	0.012117	0.000075	-0.007244	0.999900	0.042690	0.015712	-0.329755	0.688646	-0.387667	-0.090034	-0.035620	-0.028331	-0.263436	0.610202	-0.380145	0.074910	0.017046	0.056814	0.214037	-0.292182	-0.180357	0.070854	-0.064972	0.000000	-0.015751	-0.212379	0.385738	-0.173612	-0.462427	0.034511	0.000000	-0.012365	0.016670	0.009674	-0.008681	0.000837	-0.008322	-0.011445	0.005348	-0.001196	-0.000107	-0.000371	-0.002827	0.000318	-0.003870	-0.001116	0.007866	-0.000581	0.006358	0.010832	0.000000	0.004902	0.012057	-0.018197	-0.002061	0.001835	0.005312	0.000000
-0.628686	1.220074	0.936868	0.012390	0.000006	-0.007147	0.999898	0.042382	0.016201	-0.329566	0.688410	-0.387689	-0.090197	-0.035917	-0.028075	-0.263529	0.610212	-0.380160	0.074898	0.017203	0.056664	0.214077	-0.291810	-0.180420	0.071038	-0.064706	0.000000	-0.015657	-0.212107	0.385395	-0.173700	-0.462411	0.034668	0.000000	-0.009340	0.004927	0.002009	-0.009532	-0.005396	-0.002041	-0.008814	0.000055	-0.004487	-0.000075	-0.006298	-0.002412	-0.005217	-0.001722	0.005557	0.008529	-0.000907	0.004583	0.012276	0.000000	0.005246	0.011846	-0.013615	-0.003735	0.002609	0.006795	0.000000
-0.628785	1.220010	0.936835	0.012240	-0.000068	-0.007141	0.999900	0.042316	0.015909	-0.329675	0.688265	-0.387883	-0.090116	-0.035973	-0.028329	-0.263616	0.610199	-0.380397	0.074813	0.016838	0.056745	0.214259	-0.291841	-0.180394	0.071037	-0.064481	0.000000	-0.015541	-0.211905	0.385193	-0.173761	-0.462323	0.034783	0.000000	-0.008312	-0.008777	-0.003904	-0.005186	-0.006633	0.005879	-0.007396	-0.011840	-0.005595	0.002235	-0.008105	-0.007028	-0.007697	0.003656	0.013081	-0.000425	0.004944	0.001489	0.012761	0.000000	0.008537	0.008037	-0.003432	-0.000364	0.007628	0.004561	0.000000
-0.628909	1.219909	0.936859	0.012157	-0.000178	-0.007096	0.999901	0.042049	0.015850	-0.329723	0.688202	-0.387954	-0.089962	-0.036213	-0.028549	-0.263753	0.610301	-0.380484	0.074617	0.016895	0.056810	0.214600	-0.291827	-0.180222	0.071097	-0.064195	0.000000	-0.015315	-0.211785	0.385258	-0.173715	-0.462106	0.034851	0.000000	-0.013402	-0.007714	-0.010957	-0.003682	0.000600	0.005064	-0.012421	-0.012542	-0.012264	0.004563	-0.003753	-0.004124	-0.004375	0.006142	0.028021	-0.006454	0.018615	-0.000499	0.024313	0.000000	0.010777	0.004753	0.002243	0.003609	0.010163	0.002445	0.000000
-0.628999	1.219794	0.936851	0.012100	-0.000355	-0.007051	0.999902	0.041780	0.015600	-0.330113	0.688118	-0.387859	-0.089913	-0.036470	-0.028830	-0.264106	0.610382	-0.380548	0.074648	0.016663	0.056990	0.215380	-0.292099	-0.179649	0.071017	-0.063508	0.000000	-0.015110	-0.211715	0.385283	-0.173617	-0.461917	0.034881	0.000000	-0.017194	-0.005918	-0.021526	-0.003353	0.006527	0.000054	-0.014937	-0.014705	-0.023976	0.006166	-0.000431	-0.003922	-0.009942	0.000742	0.045520	-0.004923	0.028076	-0.000557	0.045303	0.000000	0.008686	0.002941	-0.008009	0.006732	0.004397	-0.000691	0.000000
-0.629085	1.219644	0.936860	0.011896	-0.000646	-0.006943	0.999905	0.041361	0.015614	-0.330584	0.688068	-0.387693	-0.089960	-0.036810	-0.029137	-0.264712	0.610548	-0.380501	0.074460	0.016498	0.056839	0.216421	-0.292024	-0.179099	0.071075	-0.062383	0.000000	-0.014968	-0.211668	0.384937	-0.173446	-0.461930	0.034823	0.000000	-0.014967	-0.009661	-0.020412	-0.004448	0.000089	-0.001278	-0.014269	-0.012182	-0.022727	0.005803	-0.004172	0.002990	-0.008313	-0.009326	0.048357	0.003649	0.026348	0.005047	0.056279	0.000000	0.007780	0.002323	-0.015622	0.009537	-0.000815	-0.003983	0.000000
-0.629192	1.219502	0.936841	0.011694	-0.000793	-0.006913	0.999908	0.041181	0.015214	-0.330930	0.687940	-0.387856	-0.089964	-0.037040	-0.029318	-0.265015	0.610614	-0.380714	0.074768	0.016330	0.056617	0.217314	-0.291953	-0.178595	0.071219	-0.061257	0.000000	-0.014799	-0.211622	0.384658	-0.173236	-0.461949	0.034722	0.000000	-0.010766	-0.022169	-0.018322	-0.006407	-0.003397	0.005317	-0.012236	-0.015099	-0.014319	0.002503	-0.006652	0.011358	-0.002985	-0.016081	0.033805	0.009373	0.017920	0.012882	0.047449	0.000000	0.010353	0.004439	-0.012140	0.011240	-0.001111	-0.004098	0.000000
-0.629233	1.219378	0.936855	0.011583	-0.000988	-0.006850	0.999909	0.040931	0.014727	-0.331316	0.687812	-0.387829	-0.089747	-0.037299	-0.029741	-0.265285	0.610648	-0.380767	0.074914	0.016378	0.056196	0.217773	-0.291649	-0.178383	0.071590	-0.060485	0.000000	-0.014554	-0.211490	0.384452	-0.172996	-0.461975	0.034659	0.000000	-0.016671	-0.013499	-0.021096	-0.004616	0.004428	0.009608	-0.015373	-0.018760	-0.019753	0.002359	-0.000944	0.007099	-0.000406	-0.022983	0.013732	0.016543	0.003015	0.019674	0.027476	0.000000	0.011319	0.011965	-0.019771	0.010887	-0.008005	0.000310	0.000000
-0.629345	1.219212	0.936849	0.011468	-0.001209	-0.006762	0.999911	0.040514	0.014674	-0.331774	0.687755	-0.387678	-0.089580	-0.037655	-0.030068	-0.265805	0.610708	-0.380752	0.075052	0.016314	0.055698	0.217864	-0.291291	-0.178475	0.072006	-0.060158	0.000000	-0.014346	-0.211143	0.383867	-0.172800	-0.462269	0.034734	0.000000	-0.020822	-0.002657	-0.022860	-0.002819	0.007524	0.008345	-0.017790	-0.016345	-0.026029	0.003013	0.000758	0.006880	-0.003225	-0.024907	0.004512	0.017884	-0.004596	0.020792	0.016351	0.000000	0.010390	0.017334	-0.029226	0.009803	-0.014727	0.003740	0.000000
